Workbook
Name a: #REF!
Name a: #REF!
Name a: #REF!
Name a: #REF!
Name aa: #REF!
Name aa: #REF!
Name aa: #REF!
Name aa: #REF!
Name aaaa: #REF!
Name ABC_1: '[1]3_2'!$A$11:$G$179
Name abc_18: [2]mfg!$A$10:$G$103
Name abc_20: [2]mfg!$A$10:$G$103
Name abc_21: [2]mfg!$A$10:$G$103
Name ABC_4: '[3]3_2'!$A$11:$G$179
Name ABC_7: '[3]3_2'!$A$11:$G$179
Name ABC_8: '[3]3_2'!$A$11:$G$179
Name Actual: (PeriodInActual*(#REF!>0))*PeriodInPlan
Name ActualBeyond: PeriodInActual*(#REF!>0)
Name Admin: '[4]Range Page'!$A$21
Name admin_cross: '[5]admin cross'!$A$1:$J$34
Name admin_cross_1: '[6]admin cross'!$A$1:$J$34
Name adminfee: #REF!
Name adminfee: #REF!
Name adminfee: #REF!
Name adminfee: #REF!
Name AJK: '[7]UC demographics'!$G$6918,'[7]UC demographics'!$G$6919
Name all.Regions: [8]Data!$B$4:$B$219
Name as: '[9]Travel by employee'!$J$4:$J$15
Name b: #REF!
Name b: #REF!
Name b: #REF!
Name b: #REF!
Name Bal: [10]Budget!$R$3
Name BUDGET: [11]CRITERIA13!$B$13
Name BUDGETCURRENCYCODE1: [11]CRITERIA1!$B$16
Name BUDGETCURRENCYCODE12: [11]CRITERIA12!$B$16
Name BUDGETCURRENCYCODE13: [11]CRITERIA13!$B$16
Name BUDGETCURRENCYCODE2: [11]CRITERIA2!$B$16
Name BUDGETCURRENCYCODE3: [11]CRITERIA3!$B$16
Name BUDGETCURRENCYCODE4: [11]CRITERIA4!$B$16
Name BUDGETCURRENCYCODE5: [11]CRITERIA5!$B$16
Name BUDGETCURRENCYCODE6: [11]CRITERIA6!$B$16
Name BUDGETNAME1: [11]CRITERIA1!$B$13
Name BUDGETNAME12: [11]CRITERIA12!$B$13
Name BUDGETNAME13: [11]CRITERIA13!$B$13
Name BUDGETNAME2: [11]CRITERIA2!$B$13
Name BUDGETNAME3: [11]CRITERIA3!$B$13
Name BUDGETNAME4: [11]CRITERIA4!$B$13
Name BUDGETNAME5: [11]CRITERIA5!$B$13
Name BUDGETNAME6: [11]CRITERIA6!$B$13
Name BUDGETORG1: [11]CRITERIA1!$B$14
Name BUDGETORG12: [11]CRITERIA12!$B$14
Name BUDGETORG13: [11]CRITERIA13!$B$14
Name BUDGETORG2: [11]CRITERIA2!$B$14
Name BUDGETORG3: [11]CRITERIA3!$B$14
Name BUDGETORG4: [11]CRITERIA4!$B$14
Name BUDGETORG5: [11]CRITERIA5!$B$14
Name BUDGETORG6: [11]CRITERIA6!$B$14
Name bus_catg: [12]Keys!$E$2:$E$5
Name Category: '[13]General Assumption(final)'!$I$10:$I$12

Sheet Pharma
JL1: 2 | JM1: =JL1+1 -> 3 | JN1: =JM1+1 -> 4 | JP1: =JN1+1 -> 5 | JQ1: =JP1+1 -> 6 | JR1: =JQ1+1 -> 7 | JS1: =JR1+1 -> 8 | JT1: =JS1+1 -> 9 | JU1: =JT1+1 -> 10 | JW1: =JU1+1 -> 11 | JX1: =JW1+1 -> 12 | JY1: =JX1+1 -> 13 | JZ1: =JY1+1 -> 14 | KA1: =JZ1+1 -> 15 | KB1: =KA1+1 -> 16 | KD1: =KB1+1 -> 17 | KE1: =KD1+1 -> 18 | KF1: =KE1+1 -> 19 | KG1: =KF1+1 -> 20 | KH1: =KG1+1 -> 21 | KI1: =KH1+1 -> 22 | KK1: =KI1+1 -> 23 | KL1: =KK1+1 -> 24 | KM1: =KL1+1 -> 25 | KN1: =KM1+1 -> 26 | KO1: =KN1+1 -> 27 | KP1: =KO1+1 -> 28 | KQ1: 2 | KR1: =KQ1+1 -> 3 | KS1: =KR1+1 -> 4 | KU1: =KS1+1 -> 5 | KV1: =KU1+1 -> 6 | KW1: =KV1+1 -> 7 | KX1: =KW1+1 -> 8 | KY1: =KX1+1 -> 9 | KZ1: =KY1+1 -> 10 | LB1: =KZ1+1 -> 11 | LC1: =LB1+1 -> 12 | LD1: =LC1+1 -> 13 | LE1: =LD1+1 -> 14 | LF1: =LE1+1 -> 15 | LG1: =LF1+1 -> 16 | LI1: =LG1+1 -> 17 | LJ1: =LI1+1 -> 18 | LK1: =LJ1+1 -> 19 | LL1: =LK1+1 -> 20 | LM1: =LL1+1 -> 21 | LN1: =LM1+1 -> 22 | LP1: =LN1+1 -> 23 | LQ1: =LP1+1 -> 24 | LR1: =LQ1+1 -> 25 | LS1: =LR1+1 -> 26 | LT1: =LS1+1 -> 27 | LU1: =LT1+1 -> 28
A2: PHARMA Team – IKON MTD Call Performance Summary Till 14-OCT-2026 | Q2: Attendance (OCT-2026) | AX2: Calls + Other Exceptions (OCT-2026) | CF2: =NETWORKDAYS.INTL(EOMONTH(TODAY(),-1)+1,TODAY(),11) -> 13 | JJ2: IKON | JL2: Attendance | KQ2: Calls
A3: Desig | B3: Zone | C3: PHR Region | D3: Position_Code | E3: SAS ID | F3: F.F Name | G3: Emp. Code | H3: DOJ | I3: Base Town | J3: Reps | K3: # Of Vacant | L3: Day Att Used | M3: MTD Att Use | N3: Day Call Used | O3: MTD Calls Use | P3: IKON Used | Q3: 1 | R3: =Q3+1 -> 2 | S3: =R3+1 -> 3 | T3: =S3+1 -> 4 | U3: =T3+1 -> 5 | V3: =U3+1 -> 6 | W3: =V3+1 -> 7 | X3: =W3+1 -> 8 | Y3: =X3+1 -> 9 | ... AU3: =AT3+1 -> 31 | AV3: Attendance | AW3: Avrg Atten | AX3: 1 | AY3: =AX3+1 -> 2 | AZ3: =AY3+1 -> 3 | BA3: =AZ3+1 -> 4 | BB3: =BA3+1 -> 5 | BC3: =BB3+1 -> 6 | BD3: =BC3+1 -> 7 | BE3: =BD3+1 -> 8 | BF3: =BE3+1 -> 9 | ... CB3: =CA3+1 -> 31 | CC3: Calls | CD3: Avrg Calls | JJ3: Legend | JK3: Mapping | JL3: 1 | JM3: =JL3+1 -> 2 | JN3: =JM3+1 -> 3 | JO3: =JN3+1 -> 4 | JP3: =JO3+1 -> 5 | JQ3: =JP3+1 -> 6 | JR3: =JQ3+1 -> 7 | JS3: =JR3+1 -> 8 | JT3: =JS3+1 -> 9 | ... KP3: =KO3+1 -> 31 | KQ3: 1 | KR3: =KQ3+1 -> 2 | KS3: =KR3+1 -> 3 | KT3: =KS3+1 -> 4 | KU3: =KT3+1 -> 5 | KV3: =KU3+1 -> 6 | KW3: =KV3+1 -> 7 | KX3: =KW3+1 -> 8 | KY3: =KX3+1 -> 9 | ... LU3: =LT3+1 -> 31
A4: MIO | B4: South | C4: Karachi-1 | D4: KHI01-PHR-MIO-01 | E4: 0310001 | F4: VACANT (PHR-KHI-01) | G4: VACANT | H4: RESIGNED | I4: FB Area, Liaquatabad, Nazimabad, Sohrab Goth, Gadap | J4: 1 | K4: 1 | L4: =IFERROR(IF(OR(AD4>0),1,0),0) -> 0 | M4: =IFERROR(IF(OR(AV4>0),1,0),0) -> 0 | N4: =IFERROR(IF(OR(BK4>0),1,0),0) -> 0 | O4: =IFERROR(IF(OR(CC4>0),1,0),0) -> 0 | P4: =IFERROR(IF(OR(AV4>0,CC4>0),1,0),0) -> 0 | Q4: =JL4 -> 0 | R4: =JM4 -> 0 | S4: =JN4 -> 0 | T4: =JO4 -> 0 | U4: =JP4 -> 0 | V4: =JQ4 -> 0 | W4: =JR4 -> 0 | X4: =JS4 -> 0 | ... AU4: =KP4 -> 0 | AV4: =SUM(Q4:AU4) -> 0 | AW4: =IFERROR(AV4/$CF$2/(J4-K4),0) -> 0 | AX4: =KQ4 -> 0 | AY4: =KR4 -> 0 | AZ4: =KS4 -> 0 | BA4: =KT4 -> 0 | BB4: =KU4 -> 0 | BC4: =KV4 -> 0 | BD4: =KW4 -> 0 | BE4: =KX4 -> 0 | ... CB4: =LU4 -> 0 | CC4: =SUM(AX4:CB4) -> 0 | CD4: =IFERROR(CC4/$CF$2/(J4-K4),0) -> 0 | JJ4: Formula | JK4: =D4 -> KHI01-PHR-MIO-01 | JL4: 0 | JM4: 0 | JN4: 0 | JO4: 0 | JP4: 0 | JQ4: 0 | JR4: 0 | JS4: 0 | JT4: 0 | JU4: 0 | JV4: 0 | JW4: 0 | JX4: 0 | JY4: 0 | KQ4: 0 | KR4: 0 | KS4: 0 | KT4: 0 | KU4: 0 | KV4: 0 | KW4: 0 | KX4: 0 | KY4: 0 | KZ4: 0 | LA4: 0 | LB4: 0 | LC4: 0 | LD4: 0
A5: MIO | B5: South | C5: Karachi-1 | D5: KHI01-PHR-MIO-02 | E5: 0310002 | F5: VACANT (PHR-KHI-02) | G5: E-02280 | H5: 45349 | I5: Baldia, Turbat, Orangi. | J5: 1 | K5: 1 | L5: =IFERROR(IF(OR(AD5>0),1,0),0) -> 0 | M5: =IFERROR(IF(OR(AV5>0),1,0),0) -> 0 | N5: =IFERROR(IF(OR(BK5>0),1,0),0) -> 0 | O5: =IFERROR(IF(OR(CC5>0),1,0),0) -> 0 | P5: =IFERROR(IF(OR(AV5>0,CC5>0),1,0),0) -> 0 | Q5: =JL5 -> 0 | R5: =JM5 -> 0 | S5: =JN5 -> 0 | T5: =JO5 -> 0 | U5: =JP5 -> 0 | V5: =JQ5 -> 0 | W5: =JR5 -> 0 | X5: =JS5 -> 0 | ... AU5: =KP5 -> 0 | AV5: =SUM(Q5:AU5) -> 0 | AW5: =IFERROR(AV5/$CF$2/(J5-K5),0) -> 0 | AX5: =KQ5 -> 0 | AY5: =KR5 -> 0 | AZ5: =KS5 -> 0 | BA5: =KT5 -> 0 | BB5: =KU5 -> 0 | BC5: =KV5 -> 0 | BD5: =KW5 -> 0 | BE5: =KX5 -> 0 | ... CB5: =LU5 -> 0 | CC5: =SUM(AX5:CB5) -> 0 | CD5: =IFERROR(CC5/$CF$2/(J5-K5),0) -> 0 | JJ5: Formula | JK5: =D5 -> KHI01-PHR-MIO-02 | JL5: 0 | JM5: 0 | JN5: 0 | JO5: 0 | JP5: 0 | JQ5: 0 | JR5: 0 | JS5: 0 | JT5: 0 | JU5: 0 | JV5: 0 | JW5: 0 | JX5: 0 | JY5: 0 | KQ5: 0 | KR5: 0 | KS5: 0 | KT5: 0 | KU5: 0 | KV5: 0 | KW5: 0 | KX5: 0 | KY5: 0 | KZ5: 0 | LA5: 0 | LB5: 0 | LC5: 0 | LD5: 0
A6: MIO | B6: South | C6: Karachi-1 | D6: KHI01-PHR-MIO-03 | E6: 0310003 | F6: MR.VACANT (PHR-KHI-03) | G6: VACANT | H6: RESIGNED | I6: Garden, Soldier Bazar, Lee Market, Kemari. | J6: 1 | K6: 1 | L6: =IFERROR(IF(OR(AD6>0),1,0),0) -> 0 | M6: =IFERROR(IF(OR(AV6>0),1,0),0) -> 0 | N6: =IFERROR(IF(OR(BK6>0),1,0),0) -> 0 | O6: =IFERROR(IF(OR(CC6>0),1,0),0) -> 0 | P6: =IFERROR(IF(OR(AV6>0,CC6>0),1,0),0) -> 0 | Q6: =JL6 -> 0 | R6: =JM6 -> 0 | S6: =JN6 -> 0 | T6: =JO6 -> 0 | U6: =JP6 -> 0 | V6: =JQ6 -> 0 | W6: =JR6 -> 0 | X6: =JS6 -> 0 | ... AU6: =KP6 -> 0 | AV6: =SUM(Q6:AU6) -> 0 | AW6: =IFERROR(AV6/$CF$2/(J6-K6),0) -> 0 | AX6: =KQ6 -> 0 | AY6: =KR6 -> 0 | AZ6: =KS6 -> 0 | BA6: =KT6 -> 0 | BB6: =KU6 -> 0 | BC6: =KV6 -> 0 | BD6: =KW6 -> 0 | BE6: =KX6 -> 0 | ... CB6: =LU6 -> 0 | CC6: =SUM(AX6:CB6) -> 0 | CD6: =IFERROR(CC6/$CF$2/(J6-K6),0) -> 0 | JJ6: Formula | JK6: =D6 -> KHI01-PHR-MIO-03 | JL6: 0 | JM6: 0 | JN6: 0 | JO6: 0 | JP6: 0 | JQ6: 0 | JR6: 0 | JS6: 0 | JT6: 0 | JU6: 0 | JV6: 0 | JW6: 0 | JX6: 0 | JY6: 0 | KQ6: 0 | KR6: 0 | KS6: 0 | KT6: 0 | KU6: 0 | KV6: 0 | KW6: 0 | KX6: 0 | KY6: 0 | KZ6: 0 | LA6: 0 | LB6: 0 | LC6: 0 | LD6: 0
A7: MIO | B7: South | C7: Karachi-1 | D7: KHI01-PHR-MIO-04 | E7: 9051701 | F7: VACANT (PHR-KHI-04) | G7: VACANT | H7: RESIGNED | I7: Gulshan, Jauhar, Society | J7: 1 | K7: 1 | L7: =IFERROR(IF(OR(AD7>0),1,0),0) -> 0 | M7: =IFERROR(IF(OR(AV7>0),1,0),0) -> 0 | N7: =IFERROR(IF(OR(BK7>0),1,0),0) -> 0 | O7: =IFERROR(IF(OR(CC7>0),1,0),0) -> 0 | P7: =IFERROR(IF(OR(AV7>0,CC7>0),1,0),0) -> 0 | Q7: =JL7 -> 0 | R7: =JM7 -> 0 | S7: =JN7 -> 0 | T7: =JO7 -> 0 | U7: =JP7 -> 0 | V7: =JQ7 -> 0 | W7: =JR7 -> 0 | X7: =JS7 -> 0 | ... AU7: =KP7 -> 0 | AV7: =SUM(Q7:AU7) -> 0 | AW7: =IFERROR(AV7/$CF$2/(J7-K7),0) -> 0 | AX7: =KQ7 -> 0 | AY7: =KR7 -> 0 | AZ7: =KS7 -> 0 | BA7: =KT7 -> 0 | BB7: =KU7 -> 0 | BC7: =KV7 -> 0 | BD7: =KW7 -> 0 | BE7: =KX7 -> 0 | ... CB7: =LU7 -> 0 | CC7: =SUM(AX7:CB7) -> 0 | CD7: =IFERROR(CC7/$CF$2/(J7-K7),0) -> 0 | JJ7: Formula | JK7: =D7 -> KHI01-PHR-MIO-04 | JL7: 0 | JM7: 0 | JN7: 0 | JO7: 0 | JP7: 0 | JQ7: 0 | JR7: 0 | JS7: 0 | JT7: 0 | JU7: 0 | JV7: 0 | JW7: 0 | JX7: 0 | JY7: 0 | KQ7: 0 | KR7: 0 | KS7: 0 | KT7: 0 | KU7: 0 | KV7: 0 | KW7: 0 | KX7: 0 | KY7: 0 | KZ7: 0 | LA7: 0 | LB7: 0 | LC7: 0 | LD7: 0
A8: MIO | B8: South | C8: Karachi-2 | D8: KHI01-PHR-PS-01 | E8: 0320005 | F8: MS. TASLEEM KHAN (PS-KHI-01) | G8: E-02558 | H8: 45721 | I8: North Nazimabad, North Khi, New Khi, Tesar Town, Maymar | J8: 1 | K8: 0 | L8: =IFERROR(IF(OR(AD8>0),1,0),0) -> 0 | M8: =IFERROR(IF(OR(AV8>0),1,0),0) -> 1 | N8: =IFERROR(IF(OR(BK8>0),1,0),0) -> 0 | O8: =IFERROR(IF(OR(CC8>0),1,0),0) -> 1 | P8: =IFERROR(IF(OR(AV8>0,CC8>0),1,0),0) -> 1 | Q8: =JL8 -> 1 | R8: =JM8 -> 1 | S8: =JN8 -> 1 | T8: =JO8 -> 0 | U8: =JP8 -> 1 | V8: =JQ8 -> 1 | W8: =JR8 -> 1 | X8: =JS8 -> 1 | ... AU8: =KP8 -> 0 | AV8: =SUM(Q8:AU8) -> 10 | AW8: =IFERROR(AV8/$CF$2/(J8-K8),0) -> 0.76923077 | AX8: =KQ8 -> 10 | AY8: =KR8 -> 9 | AZ8: =KS8 -> 6 | BA8: =KT8 -> 0 | BB8: =KU8 -> 5 | BC8: =KV8 -> 7 | BD8: =KW8 -> 12 | BE8: =KX8 -> 0 | ... CB8: =LU8 -> 0 | CC8: =SUM(AX8:CB8) -> 58 | CD8: =IFERROR(CC8/$CF$2/(J8-K8),0) -> 4.4615385 | JJ8: Formula | JK8: =D8 -> KHI01-PHR-PS-01 | JL8: 1 | JM8: 1 | JN8: 1 | JO8: 0 | JP8: 1 | JQ8: 1 | JR8: 1 | JS8: 1 | JT8: 1 | JU8: 1 | JV8: 0 | JW8: 1 | JX8: 0 | JY8: 0 | KQ8: 10 | KR8: 9 | KS8: 6 | KT8: 0 | KU8: 5 | KV8: 7 | KW8: 12 | KX8: 0 | KY8: 9 | KZ8: 0 | LA8: 0 | LB8: 0 | LC8: 0 | LD8: 0
A9: MIO Unmap | B9: South | C9: Karachi-1 | D9: KHI01-PHR-MIO-00 | E9: 0310007 | F9: KHI01 - PHR UNMAPPED | G9: UN-DEFINED | H9: UN-DEFINED | I9: Karachi 1 | J9: 0 | K9: 0 | L9: =IFERROR(IF(OR(AD9>0),1,0),0) -> 0 | M9: =IFERROR(IF(OR(AV9>0),1,0),0) -> 0 | N9: =IFERROR(IF(OR(BK9>0),1,0),0) -> 0 | O9: =IFERROR(IF(OR(CC9>0),1,0),0) -> 0 | P9: =IFERROR(IF(OR(AV9>0,CC9>0),1,0),0) -> 0 | Q9: =JL9 -> 0 | R9: =JM9 -> 0 | S9: =JN9 -> 0 | T9: =JO9 -> 0 | U9: =JP9 -> 0 | V9: =JQ9 -> 0 | W9: =JR9 -> 0 | X9: =JS9 -> 0 | ... AU9: =KP9 -> 0 | AV9: =SUM(Q9:AU9) -> 0 | AW9: =IFERROR(AV9/$CF$2/(J9-K9),0) -> 0 | AX9: =KQ9 -> 0 | AY9: =KR9 -> 0 | AZ9: =KS9 -> 0 | BA9: =KT9 -> 0 | BB9: =KU9 -> 0 | BC9: =KV9 -> 0 | BD9: =KW9 -> 0 | BE9: =KX9 -> 0 | ... CB9: =LU9 -> 0 | CC9: =SUM(AX9:CB9) -> 0 | CD9: =IFERROR(CC9/$CF$2/(J9-K9),0) -> 0 | JJ9: Formula | JK9: =D9 -> KHI01-PHR-MIO-00 | JL9: 0 | JM9: 0 | JN9: 0 | JO9: 0 | JP9: 0 | JQ9: 0 | JR9: 0 | JS9: 0 | JT9: 0 | JU9: 0 | JV9: 0 | JW9: 0 | JX9: 0 | JY9: 0 | KQ9: 0 | KR9: 0 | KS9: 0 | KT9: 0 | KU9: 0 | KV9: 0 | KW9: 0 | KX9: 0 | KY9: 0 | KZ9: 0 | LA9: 0 | LB9: 0 | LC9: 0 | LD9: 0
A10: ASM | B10: South | C10: Karachi-1 | D10: KHI01-PHR-ASM-01 | E10: 03100 | F10: VACANT ASM KHI-01 | G10: VACANT | H10: RESIGNED | I10: Karachi 1 | J10: 5 | K10: =SUM(K4:K9) -> 4 | L10: =SUM(L4:L9) -> 0 | M10: =SUM(M4:M9) -> 1 | N10: =SUM(N4:N9) -> 0 | O10: =SUM(O4:O9) -> 1 | P10: =SUM(P4:P9) -> 1 | Q10: =SUM(Q4:Q9) -> 1 | R10: =SUM(R4:R9) -> 1 | ... AU10: =SUM(AU4:AU9) -> 0 | AV10: =SUM(Q10:AU10) -> 10 | AW10: =IFERROR(AV10/$CF$2/(J10-K10),0) -> 0.76923077 | AX10: =SUM(AX4:AX9) -> 10 | AY10: =SUM(AY4:AY9) -> 9 | AZ10: =SUM(AZ4:AZ9) -> 6 | BA10: =SUM(BA4:BA9) -> 0 | BB10: =SUM(BB4:BB9) -> 5 | BC10: =SUM(BC4:BC9) -> 7 | BD10: =SUM(BD4:BD9) -> 12 | BE10: =SUM(BE4:BE9) -> 0 | ... CB10: =SUM(CB4:CB9) -> 0 | CC10: =SUM(AX10:CB10) -> 58 | CD10: =IFERROR(CC10/$CF$2/(J10-K10),0) -> 4.4615385 | JJ10: Formula | JK10: =D10 -> KHI01-PHR-ASM-01 | JL10: 0 | JM10: 0 | JN10: 0 | JO10: 0 | JP10: 0 | JQ10: 0 | JR10: 0 | JS10: 0 | JT10: 0 | JU10: 0 | JV10: 0 | JW10: 0 | JX10: 0 | JY10: 0 | KQ10: 0 | KR10: 0 | KS10: 0 | KT10: 0 | KU10: 0 | KV10: 0 | KW10: 0 | KX10: 0 | KY10: 0 | KZ10: 0 | LA10: 0 | LB10: 0 | LC10: 0 | LD10: 0
A11: MIO | B11: South | C11: Karachi-2 | D11: KHI02-PHR-MIO-01 | E11: 0310004 | F11: MR. NOMAN ANSARI (PHR-KHI-05) | G11: E-02511 | H11: 45627 | I11: Defence, Clifton, Delhi Colony, Neelum Colony, Shree Jinah Colony, Mehmoodabad | J11: 1 | K11: 0 | L11: =IFERROR(IF(OR(AD11>0),1,0),0) -> 1 | M11: =IFERROR(IF(OR(AV11>0),1,0),0) -> 1 | N11: =IFERROR(IF(OR(BK11>0),1,0),0) -> 0 | O11: =IFERROR(IF(OR(CC11>0),1,0),0) -> 1 | P11: =IFERROR(IF(OR(AV11>0,CC11>0),1,0),0) -> 1 | Q11: =JL11 -> 1 | R11: =JM11 -> 1 | S11: =JN11 -> 1 | T11: =JO11 -> 0 | U11: =JP11 -> 1 | V11: =JQ11 -> 1 | W11: =JR11 -> 1 | X11: =JS11 -> 1 | ... AU11: =KP11 -> 0 | AV11: =SUM(Q11:AU11) -> 12 | AW11: =IFERROR(AV11/$CF$2/(J11-K11),0) -> 0.92307692 | AX11: =KQ11 -> 0 | AY11: =KR11 -> 11 | AZ11: =KS11 -> 1 | BA11: =KT11 -> 0 | BB11: =KU11 -> 5 | BC11: =KV11 -> 11 | BD11: =KW11 -> 10 | BE11: =KX11 -> 11 | ... CB11: =LU11 -> 0 | CC11: =SUM(AX11:CB11) -> 80 | CD11: =IFERROR(CC11/$CF$2/(J11-K11),0) -> 6.1538462 | JJ11: Formula | JK11: =D11 -> KHI02-PHR-MIO-01 | JL11: 1 | JM11: 1 | JN11: 1 | JO11: 0 | JP11: 1 | JQ11: 1 | JR11: 1 | JS11: 1 | JT11: 1 | JU11: 1 | JV11: 0 | JW11: 1 | JX11: 1 | JY11: 1 | KQ11: 0 | KR11: 11 | KS11: 1 | KT11: 0 | KU11: 5 | KV11: 11 | KW11: 10 | KX11: 11 | KY11: 11 | KZ11: 7 | LA11: 0 | LB11: 0 | LC11: 13 | LD11: 0
A12: MIO | B12: South | C12: Karachi-2 | D12: KHI02-PHR-MIO-02 | E12: 0310005 | F12: VACANT (PHR-KHI-06) | G12: VACANT | H12: RESIGNED | I12: Malir, Shah Faisal Colony, Saudabad. | J12: 1 | K12: 1 | L12: =IFERROR(IF(OR(AD12>0),1,0),0) -> 0 | M12: =IFERROR(IF(OR(AV12>0),1,0),0) -> 0 | N12: =IFERROR(IF(OR(BK12>0),1,0),0) -> 0 | O12: =IFERROR(IF(OR(CC12>0),1,0),0) -> 0 | P12: =IFERROR(IF(OR(AV12>0,CC12>0),1,0),0) -> 0 | Q12: =JL12 -> 0 | R12: =JM12 -> 0 | S12: =JN12 -> 0 | T12: =JO12 -> 0 | U12: =JP12 -> 0 | V12: =JQ12 -> 0 | W12: =JR12 -> 0 | X12: =JS12 -> 0 | ... AU12: =KP12 -> 0 | AV12: =SUM(Q12:AU12) -> 0 | AW12: =IFERROR(AV12/$CF$2/(J12-K12),0) -> 0 | AX12: =KQ12 -> 0 | AY12: =KR12 -> 0 | AZ12: =KS12 -> 0 | BA12: =KT12 -> 0 | BB12: =KU12 -> 0 | BC12: =KV12 -> 0 | BD12: =KW12 -> 0 | BE12: =KX12 -> 0 | ... CB12: =LU12 -> 0 | CC12: =SUM(AX12:CB12) -> 0 | CD12: =IFERROR(CC12/$CF$2/(J12-K12),0) -> 0 | JJ12: Formula | JK12: =D12 -> KHI02-PHR-MIO-02 | JL12: 0 | JM12: 0 | JN12: 0 | JO12: 0 | JP12: 0 | JQ12: 0 | JR12: 0 | JS12: 0 | JT12: 0 | JU12: 0 | JV12: 0 | JW12: 0 | JX12: 0 | JY12: 0 | KQ12: 0 | KR12: 0 | KS12: 0 | KT12: 0 | KU12: 0 | KV12: 0 | KW12: 0 | KX12: 0 | KY12: 0 | KZ12: 0 | LA12: 0 | LB12: 0 | LC12: 0 | LD12: 0
A13: MIO | B13: South | C13: Karachi-2 | D13: KHI02-PHR-MIO-03 | E13: 9051702 | F13: MS. MEHWISH KANWAL (PHR-KHI-07) | G13: E-02559 | H13: 45721 | I13: Landhi, Korangi | J13: 1 | K13: 0 | L13: =IFERROR(IF(OR(AD13>0),1,0),0) -> 1 | M13: =IFERROR(IF(OR(AV13>0),1,0),0) -> 1 | N13: =IFERROR(IF(OR(BK13>0),1,0),0) -> 1 | O13: =IFERROR(IF(OR(CC13>0),1,0),0) -> 1 | P13: =IFERROR(IF(OR(AV13>0,CC13>0),1,0),0) -> 1 | Q13: =JL13 -> 1 | R13: =JM13 -> 1 | S13: =JN13 -> 1 | T13: =JO13 -> 0 | U13: =JP13 -> 1 | V13: =JQ13 -> 1 | W13: =JR13 -> 1 | X13: =JS13 -> 1 | ... AU13: =KP13 -> 0 | AV13: =SUM(Q13:AU13) -> 12 | AW13: =IFERROR(AV13/$CF$2/(J13-K13),0) -> 0.92307692 | AX13: =KQ13 -> 11 | AY13: =KR13 -> 11 | AZ13: =KS13 -> 12 | BA13: =KT13 -> 0 | BB13: =KU13 -> 10 | BC13: =KV13 -> 13 | BD13: =KW13 -> 12 | BE13: =KX13 -> 9 | ... CB13: =LU13 -> 0 | CC13: =SUM(AX13:CB13) -> 119 | CD13: =IFERROR(CC13/$CF$2/(J13-K13),0) -> 9.1538462 | JJ13: Formula | JK13: =D13 -> KHI02-PHR-MIO-03 | JL13: 1 | JM13: 1 | JN13: 1 | JO13: 0 | JP13: 1 | JQ13: 1 | JR13: 1 | JS13: 1 | JT13: 1 | JU13: 1 | JV13: 0 | JW13: 1 | JX13: 1 | JY13: 1 | KQ13: 11 | KR13: 11 | KS13: 12 | KT13: 0 | KU13: 10 | KV13: 13 | KW13: 12 | KX13: 9 | KY13: 10 | KZ13: 8 | LA13: 0 | LB13: 13 | LC13: 9 | LD13: 1
A14: MIO | B14: South | C14: Karachi-2 | D14: KHI02-PHR-MIO-04 | E14: 0311208 | F14: MS. SAIMA PARVEEN (PHR-KHI-08) | G14: E-02548 | H14: 45798 | I14: Thatta | J14: 1 | K14: 0 | L14: =IFERROR(IF(OR(AD14>0),1,0),0) -> 0 | M14: =IFERROR(IF(OR(AV14>0),1,0),0) -> 1 | N14: =IFERROR(IF(OR(BK14>0),1,0),0) -> 0 | O14: =IFERROR(IF(OR(CC14>0),1,0),0) -> 1 | P14: =IFERROR(IF(OR(AV14>0,CC14>0),1,0),0) -> 1 | Q14: =JL14 -> 1 | R14: =JM14 -> 1 | S14: =JN14 -> 1 | T14: =JO14 -> 0 | U14: =JP14 -> 1 | V14: =JQ14 -> 0 | W14: =JR14 -> 1 | X14: =JS14 -> 0 | ... AU14: =KP14 -> 0 | AV14: =SUM(Q14:AU14) -> 8 | AW14: =IFERROR(AV14/$CF$2/(J14-K14),0) -> 0.61538462 | AX14: =KQ14 -> 8 | AY14: =KR14 -> 3 | AZ14: =KS14 -> 0 | BA14: =KT14 -> 0 | BB14: =KU14 -> 8 | BC14: =KV14 -> 8 | BD14: =KW14 -> 11 | BE14: =KX14 -> 0 | ... CB14: =LU14 -> 0 | CC14: =SUM(AX14:CB14) -> 64 | CD14: =IFERROR(CC14/$CF$2/(J14-K14),0) -> 4.9230769 | JJ14: Formula | JK14: =D14 -> KHI02-PHR-MIO-04 | JL14: 1 | JM14: 1 | JN14: 1 | JO14: 0 | JP14: 1 | JQ14: 0 | JR14: 1 | JS14: 0 | JT14: 0 | JU14: 1 | JV14: 0 | JW14: 1 | JX14: 1 | JY14: 0 | KQ14: 8 | KR14: 3 | KS14: 0 | KT14: 0 | KU14: 8 | KV14: 8 | KW14: 11 | KX14: 0 | KY14: 0 | KZ14: 6 | LA14: 0 | LB14: 10 | LC14: 10 | LD14: 0
A15: MIO Unmap | B15: South | C15: Karachi-2 | D15: KHI02-PHR-MIO-00 | E15: 0320003 | F15: KHI02 - PHR UNMAPPED | G15: UN-DEFINED | H15: UN-DEFINED | I15: Karachi 2 | J15: 0 | K15: 0 | L15: =IFERROR(IF(OR(AD15>0),1,0),0) -> 0 | M15: =IFERROR(IF(OR(AV15>0),1,0),0) -> 0 | N15: =IFERROR(IF(OR(BK15>0),1,0),0) -> 0 | O15: =IFERROR(IF(OR(CC15>0),1,0),0) -> 0 | P15: =IFERROR(IF(OR(AV15>0,CC15>0),1,0),0) -> 0 | Q15: =JL15 -> 0 | R15: =JM15 -> 0 | S15: =JN15 -> 0 | T15: =JO15 -> 0 | U15: =JP15 -> 0 | V15: =JQ15 -> 0 | W15: =JR15 -> 0 | X15: =JS15 -> 0 | ... AU15: =KP15 -> 0 | AV15: =SUM(Q15:AU15) -> 0 | AW15: =IFERROR(AV15/$CF$2/(J15-K15),0) -> 0 | AX15: =KQ15 -> 0 | AY15: =KR15 -> 0 | AZ15: =KS15 -> 0 | BA15: =KT15 -> 0 | BB15: =KU15 -> 0 | BC15: =KV15 -> 0 | BD15: =KW15 -> 0 | BE15: =KX15 -> 0 | ... CB15: =LU15 -> 0 | CC15: =SUM(AX15:CB15) -> 0 | CD15: =IFERROR(CC15/$CF$2/(J15-K15),0) -> 0 | JJ15: Formula | JK15: =D15 -> KHI02-PHR-MIO-00 | JL15: 0 | JM15: 0 | JN15: 0 | JO15: 0 | JP15: 0 | JQ15: 0 | JR15: 0 | JS15: 0 | JT15: 0 | JU15: 0 | JV15: 0 | JW15: 0 | JX15: 0 | JY15: 0 | KQ15: 0 | KR15: 0 | KS15: 0 | KT15: 0 | KU15: 0 | KV15: 0 | KW15: 0 | KX15: 0 | KY15: 0 | KZ15: 0 | LA15: 0 | LB15: 0 | LC15: 0 | LD15: 0
A16: ASM | B16: South | C16: Karachi-2 | D16: KHI02-PHR-ASM-01 | E16: 03200 | F16: M. ALI ANIS | G16: E-03125 | H16: 46108 | I16: Karachi 2 | J16: 4 | K16: =SUM(K11:K15) -> 1 | L16: =SUM(L11:L15) -> 2 | M16: =SUM(M11:M15) -> 3 | N16: =SUM(N11:N15) -> 1 | O16: =SUM(O11:O15) -> 3 | P16: =SUM(P11:P15) -> 3 | Q16: =SUM(Q11:Q15) -> 3 | R16: =SUM(R11:R15) -> 3 | ... AU16: =SUM(AU11:AU15) -> 0 | AV16: =SUM(Q16:AU16) -> 32 | AW16: =IFERROR(AV16/$CF$2/(J16-K16),0) -> 0.82051282 | AX16: =SUM(AX11:AX15) -> 19 | AY16: =SUM(AY11:AY15) -> 25 | AZ16: =SUM(AZ11:AZ15) -> 13 | BA16: =SUM(BA11:BA15) -> 0 | BB16: =SUM(BB11:BB15) -> 23 | BC16: =SUM(BC11:BC15) -> 32 | BD16: =SUM(BD11:BD15) -> 33 | BE16: =SUM(BE11:BE15) -> 20 | ... CB16: =SUM(CB11:CB15) -> 0 | CC16: =SUM(AX16:CB16) -> 263 | CD16: =IFERROR(CC16/$CF$2/(J16-K16),0) -> 6.7435897 | JJ16: Formula | JK16: =D16 -> KHI02-PHR-ASM-01 | JL16: 0 | JM16: 0 | JN16: 0 | JO16: 0 | JP16: 0 | JQ16: 0 | JR16: 0 | JS16: 0 | JT16: 0 | JU16: 0 | JV16: 0 | JW16: 0 | JX16: 0 | JY16: 0 | KQ16: 0 | KR16: 0 | KS16: 0 | KT16: 0 | KU16: 0 | KV16: 0 | KW16: 0 | KX16: 0 | KY16: 0 | KZ16: 0 | LA16: 0 | LB16: 0 | LC16: 0 | LD16: 0
A17: MIO | B17: South | C17: Hyderabad | D17: HYD01-PHR-MIO-01 | E17: 0311002 | F17: IMRAN RAUF (PHR-HYD-01) | G17: E-01751 | H17: 45171 | I17: LMCH, Saddar, Sanghar | J17: 1 | K17: 0 | L17: =IFERROR(IF(OR(AD17>0),1,0),0) -> 1 | M17: =IFERROR(IF(OR(AV17>0),1,0),0) -> 1 | N17: =IFERROR(IF(OR(BK17>0),1,0),0) -> 0 | O17: =IFERROR(IF(OR(CC17>0),1,0),0) -> 1 | P17: =IFERROR(IF(OR(AV17>0,CC17>0),1,0),0) -> 1 | Q17: =JL17 -> 1 | R17: =JM17 -> 1 | S17: =JN17 -> 1 | T17: =JO17 -> 0 | U17: =JP17 -> 1 | V17: =JQ17 -> 1 | W17: =JR17 -> 1 | X17: =JS17 -> 1 | ... AU17: =KP17 -> 0 | AV17: =SUM(Q17:AU17) -> 12 | AW17: =IFERROR(AV17/$CF$2/(J17-K17),0) -> 0.92307692 | AX17: =KQ17 -> 12 | AY17: =KR17 -> 15 | AZ17: =KS17 -> 16 | BA17: =KT17 -> 0 | BB17: =KU17 -> 16 | BC17: =KV17 -> 15 | BD17: =KW17 -> 14 | BE17: =KX17 -> 14 | ... CB17: =LU17 -> 0 | CC17: =SUM(AX17:CB17) -> 140 | CD17: =IFERROR(CC17/$CF$2/(J17-K17),0) -> 10.769231 | JJ17: Formula | JK17: =D17 -> HYD01-PHR-MIO-01 | JL17: 1 | JM17: 1 | JN17: 1 | JO17: 0 | JP17: 1 | JQ17: 1 | JR17: 1 | JS17: 1 | JT17: 1 | JU17: 1 | JV17: 0 | JW17: 1 | JX17: 1 | JY17: 1 | KQ17: 12 | KR17: 15 | KS17: 16 | KT17: 0 | KU17: 16 | KV17: 15 | KW17: 14 | KX17: 14 | KY17: 13 | KZ17: 11 | LA17: 0 | LB17: 14 | LC17: 0 | LD17: 0
A18: MIO | B18: South | C18: Hyderabad | D18: HYD01-PHR-MIO-02 | E18: 0311202 | F18: SAJIDA PARVEEN (PHR-HYD-02) | G18: E-02589 | H18: 45799 | I18: Nawabshah, Daur, Hospital Road | J18: 1 | K18: 0 | L18: =IFERROR(IF(OR(AD18>0),1,0),0) -> 1 | M18: =IFERROR(IF(OR(AV18>0),1,0),0) -> 1 | N18: =IFERROR(IF(OR(BK18>0),1,0),0) -> 0 | O18: =IFERROR(IF(OR(CC18>0),1,0),0) -> 1 | P18: =IFERROR(IF(OR(AV18>0,CC18>0),1,0),0) -> 1 | Q18: =JL18 -> 1 | R18: =JM18 -> 1 | S18: =JN18 -> 0 | T18: =JO18 -> 0 | U18: =JP18 -> 1 | V18: =JQ18 -> 1 | W18: =JR18 -> 1 | X18: =JS18 -> 1 | ... AU18: =KP18 -> 0 | AV18: =SUM(Q18:AU18) -> 11 | AW18: =IFERROR(AV18/$CF$2/(J18-K18),0) -> 0.84615385 | AX18: =KQ18 -> 13 | AY18: =KR18 -> 15 | AZ18: =KS18 -> 0 | BA18: =KT18 -> 0 | BB18: =KU18 -> 14 | BC18: =KV18 -> 16 | BD18: =KW18 -> 12 | BE18: =KX18 -> 14 | ... CB18: =LU18 -> 0 | CC18: =SUM(AX18:CB18) -> 131 | CD18: =IFERROR(CC18/$CF$2/(J18-K18),0) -> 10.076923 | JJ18: Formula | JK18: =D18 -> HYD01-PHR-MIO-02 | JL18: 1 | JM18: 1 | JN18: 0 | JO18: 0 | JP18: 1 | JQ18: 1 | JR18: 1 | JS18: 1 | JT18: 1 | JU18: 1 | JV18: 0 | JW18: 1 | JX18: 1 | JY18: 1 | KQ18: 13 | KR18: 15 | KS18: 0 | KT18: 0 | KU18: 14 | KV18: 16 | KW18: 12 | KX18: 14 | KY18: 16 | KZ18: 2 | LA18: 0 | LB18: 12 | LC18: 17 | LD18: 0
A19: MIO | B19: South | C19: Hyderabad | D19: HYD01-PHR-MIO-03 | E19: 0311005 | F19: M. RAHEEL (PHR-HYD-03) | G19: VACANT | H19: RESIGNED | I19: Badin/Tando M. Khan/Jamshoro/Qasimabad | J19: 1 | K19: 0 | L19: =IFERROR(IF(OR(AD19>0),1,0),0) -> 1 | M19: =IFERROR(IF(OR(AV19>0),1,0),0) -> 1 | N19: =IFERROR(IF(OR(BK19>0),1,0),0) -> 1 | O19: =IFERROR(IF(OR(CC19>0),1,0),0) -> 1 | P19: =IFERROR(IF(OR(AV19>0,CC19>0),1,0),0) -> 1 | Q19: =JL19 -> 1 | R19: =JM19 -> 1 | S19: =JN19 -> 1 | T19: =JO19 -> 0 | U19: =JP19 -> 1 | V19: =JQ19 -> 1 | W19: =JR19 -> 1 | X19: =JS19 -> 1 | ... AU19: =KP19 -> 0 | AV19: =SUM(Q19:AU19) -> 12 | AW19: =IFERROR(AV19/$CF$2/(J19-K19),0) -> 0.92307692 | AX19: =KQ19 -> 0 | AY19: =KR19 -> 10 | AZ19: =KS19 -> 4 | BA19: =KT19 -> 0 | BB19: =KU19 -> 14 | BC19: =KV19 -> 7 | BD19: =KW19 -> 9 | BE19: =KX19 -> 7 | ... CB19: =LU19 -> 0 | CC19: =SUM(AX19:CB19) -> 82 | CD19: =IFERROR(CC19/$CF$2/(J19-K19),0) -> 6.3076923 | JJ19: Formula | JK19: =D19 -> HYD01-PHR-MIO-03 | JL19: 1 | JM19: 1 | JN19: 1 | JO19: 0 | JP19: 1 | JQ19: 1 | JR19: 1 | JS19: 1 | JT19: 1 | JU19: 1 | JV19: 0 | JW19: 1 | JX19: 1 | JY19: 1 | KQ19: 0 | KR19: 10 | KS19: 4 | KT19: 0 | KU19: 14 | KV19: 7 | KW19: 9 | KX19: 7 | KY19: 10 | KZ19: 3 | LA19: 0 | LB19: 9 | LC19: 6 | LD19: 3
A20: MIO | B20: South | C20: Hyderabad | D20: HYD01-PHR-MIO-04 | E20: 0311003 | F20: M. AAMIR (PHR-HYD-04) | G20: E-02492 | H20: 45575 | I20: Tando Allahyar, Hyderabad, Phulleli , Paretabad | J20: 1 | K20: 0 | L20: =IFERROR(IF(OR(AD20>0),1,0),0) -> 1 | M20: =IFERROR(IF(OR(AV20>0),1,0),0) -> 1 | N20: =IFERROR(IF(OR(BK20>0),1,0),0) -> 0 | O20: =IFERROR(IF(OR(CC20>0),1,0),0) -> 1 | P20: =IFERROR(IF(OR(AV20>0,CC20>0),1,0),0) -> 1 | Q20: =JL20 -> 1 | R20: =JM20 -> 1 | S20: =JN20 -> 1 | T20: =JO20 -> 0 | U20: =JP20 -> 1 | V20: =JQ20 -> 1 | W20: =JR20 -> 1 | X20: =JS20 -> 1 | ... AU20: =KP20 -> 0 | AV20: =SUM(Q20:AU20) -> 12 | AW20: =IFERROR(AV20/$CF$2/(J20-K20),0) -> 0.92307692 | AX20: =KQ20 -> 6 | AY20: =KR20 -> 5 | AZ20: =KS20 -> 2 | BA20: =KT20 -> 0 | BB20: =KU20 -> 2 | BC20: =KV20 -> 4 | BD20: =KW20 -> 5 | BE20: =KX20 -> 5 | ... CB20: =LU20 -> 0 | CC20: =SUM(AX20:CB20) -> 43 | CD20: =IFERROR(CC20/$CF$2/(J20-K20),0) -> 3.3076923 | JJ20: Formula | JK20: =D20 -> HYD01-PHR-MIO-04 | JL20: 1 | JM20: 1 | JN20: 1 | JO20: 0 | JP20: 1 | JQ20: 1 | JR20: 1 | JS20: 1 | JT20: 1 | JU20: 1 | JV20: 0 | JW20: 1 | JX20: 1 | JY20: 1 | KQ20: 6 | KR20: 5 | KS20: 2 | KT20: 0 | KU20: 2 | KV20: 4 | KW20: 5 | KX20: 5 | KY20: 4 | KZ20: 2 | LA20: 0 | LB20: 3 | LC20: 5 | LD20: 0
A21: MIO | B21: South | C21: Hyderabad | D21: HYD01-PHR-MIO-05 | E21: 0311004 | F21: IMTIAZ ALI (PHR-HYD-05) | G21: E-02494 | H21: 45173 | I21: Mirpukhas, Umerkot, Khipro | J21: 1 | K21: 0 | L21: =IFERROR(IF(OR(AD21>0),1,0),0) -> 1 | M21: =IFERROR(IF(OR(AV21>0),1,0),0) -> 1 | N21: =IFERROR(IF(OR(BK21>0),1,0),0) -> 0 | O21: =IFERROR(IF(OR(CC21>0),1,0),0) -> 1 | P21: =IFERROR(IF(OR(AV21>0,CC21>0),1,0),0) -> 1 | Q21: =JL21 -> 1 | R21: =JM21 -> 1 | S21: =JN21 -> 1 | T21: =JO21 -> 0 | U21: =JP21 -> 1 | V21: =JQ21 -> 1 | W21: =JR21 -> 1 | X21: =JS21 -> 1 | ... AU21: =KP21 -> 0 | AV21: =SUM(Q21:AU21) -> 12 | AW21: =IFERROR(AV21/$CF$2/(J21-K21),0) -> 0.92307692 | AX21: =KQ21 -> 4 | AY21: =KR21 -> 12 | AZ21: =KS21 -> 9 | BA21: =KT21 -> 0 | BB21: =KU21 -> 5 | BC21: =KV21 -> 14 | BD21: =KW21 -> 5 | BE21: =KX21 -> 4 | ... CB21: =LU21 -> 0 | CC21: =SUM(AX21:CB21) -> 76 | CD21: =IFERROR(CC21/$CF$2/(J21-K21),0) -> 5.8461538 | JJ21: Formula | JK21: =D21 -> HYD01-PHR-MIO-05 | JL21: 1 | JM21: 1 | JN21: 1 | JO21: 0 | JP21: 1 | JQ21: 1 | JR21: 1 | JS21: 1 | JT21: 1 | JU21: 1 | JV21: 0 | JW21: 1 | JX21: 1 | JY21: 1 | KQ21: 4 | KR21: 12 | KS21: 9 | KT21: 0 | KU21: 5 | KV21: 14 | KW21: 5 | KX21: 4 | KY21: 11 | KZ21: 6 | LA21: 0 | LB21: 0 | LC21: 6 | LD21: 0
A22: MIO | B22: South | C22: Hyderabad | D22: HYD01-PHR-MIO-06 | E22: 0311006 | F22: VACANT (PHR-HYD-06) | G22: E-03008 | H22: 46066 | I22: Nawab Shah, Qazi Ahmed, Sakrand, Morro | J22: 1 | K22: 1 | L22: =IFERROR(IF(OR(AD22>0),1,0),0) -> 0 | M22: =IFERROR(IF(OR(AV22>0),1,0),0) -> 0 | N22: =IFERROR(IF(OR(BK22>0),1,0),0) -> 0 | O22: =IFERROR(IF(OR(CC22>0),1,0),0) -> 0 | P22: =IFERROR(IF(OR(AV22>0,CC22>0),1,0),0) -> 0 | Q22: =JL22 -> 0 | R22: =JM22 -> 0 | S22: =JN22 -> 0 | T22: =JO22 -> 0 | U22: =JP22 -> 0 | V22: =JQ22 -> 0 | W22: =JR22 -> 0 | X22: =JS22 -> 0 | ... AU22: =KP22 -> 0 | AV22: =SUM(Q22:AU22) -> 0 | AW22: =IFERROR(AV22/$CF$2/(J22-K22),0) -> 0 | AX22: =KQ22 -> 0 | AY22: =KR22 -> 0 | AZ22: =KS22 -> 0 | BA22: =KT22 -> 0 | BB22: =KU22 -> 0 | BC22: =KV22 -> 0 | BD22: =KW22 -> 0 | BE22: =KX22 -> 0 | ... CB22: =LU22 -> 0 | CC22: =SUM(AX22:CB22) -> 0 | CD22: =IFERROR(CC22/$CF$2/(J22-K22),0) -> 0 | JJ22: Formula | JK22: =D22 -> HYD01-PHR-MIO-06 | JL22: 0 | JM22: 0 | JN22: 0 | JO22: 0 | JP22: 0 | JQ22: 0 | JR22: 0 | JS22: 0 | JT22: 0 | JU22: 0 | JV22: 0 | JW22: 0 | JX22: 0 | JY22: 0 | KQ22: 0 | KR22: 0 | KS22: 0 | KT22: 0 | KU22: 0 | KV22: 0 | KW22: 0 | KX22: 0 | KY22: 0 | KZ22: 0 | LA22: 0 | LB22: 0 | LC22: 0 | LD22: 0
A23: MIO Unmap | B23: South | C23: Hyderabad | D23: HYD01-PHR-MIO-00 | E23: 0311001 | F23: HYD01 - PHR UNMAPPED | G23: UN-DEFINED | H23: UN-DEFINED | I23: Hyderabad | J23: 0 | K23: 0 | L23: =IFERROR(IF(OR(AD23>0),1,0),0) -> 0 | M23: =IFERROR(IF(OR(AV23>0),1,0),0) -> 0 | N23: =IFERROR(IF(OR(BK23>0),1,0),0) -> 0 | O23: =IFERROR(IF(OR(CC23>0),1,0),0) -> 0 | P23: =IFERROR(IF(OR(AV23>0,CC23>0),1,0),0) -> 0 | Q23: =JL23 -> 0 | R23: =JM23 -> 0 | S23: =JN23 -> 0 | T23: =JO23 -> 0 | U23: =JP23 -> 0 | V23: =JQ23 -> 0 | W23: =JR23 -> 0 | X23: =JS23 -> 0 | ... AU23: =KP23 -> 0 | AV23: =SUM(Q23:AU23) -> 0 | AW23: =IFERROR(AV23/$CF$2/(J23-K23),0) -> 0 | AX23: =KQ23 -> 0 | AY23: =KR23 -> 0 | AZ23: =KS23 -> 0 | BA23: =KT23 -> 0 | BB23: =KU23 -> 0 | BC23: =KV23 -> 0 | BD23: =KW23 -> 0 | BE23: =KX23 -> 0 | ... CB23: =LU23 -> 0 | CC23: =SUM(AX23:CB23) -> 0 | CD23: =IFERROR(CC23/$CF$2/(J23-K23),0) -> 0 | JJ23: Formula | JK23: =D23 -> HYD01-PHR-MIO-00 | JL23: 0 | JM23: 0 | JN23: 0 | JO23: 0 | JP23: 0 | JQ23: 0 | JR23: 0 | JS23: 0 | JT23: 0 | JU23: 0 | JV23: 0 | JW23: 0 | JX23: 0 | JY23: 0 | KQ23: 0 | KR23: 0 | KS23: 0 | KT23: 0 | KU23: 0 | KV23: 0 | KW23: 0 | KX23: 0 | KY23: 0 | KZ23: 0 | LA23: 0 | LB23: 0 | LC23: 0 | LD23: 0
A24: ASM | B24: South | C24: Hyderabad | D24: HYD01-PHR-ASM-01 | E24: 03110 | F24: IMRAN QURESHI | G24: E-01752 | H24: 45171 | I24: Hyderabad | J24: 6 | K24: =SUM(K17:K23) -> 1 | L24: =SUM(L17:L23) -> 5 | M24: =SUM(M17:M23) -> 5 | N24: =SUM(N17:N23) -> 1 | O24: =SUM(O17:O23) -> 5 | P24: =SUM(P17:P23) -> 5 | Q24: =SUM(Q17:Q23) -> 5 | R24: =SUM(R17:R23) -> 5 | ... AU24: =SUM(AU17:AU23) -> 0 | AV24: =SUM(Q24:AU24) -> 59 | AW24: =IFERROR(AV24/$CF$2/(J24-K24),0) -> 0.90769231 | AX24: =SUM(AX17:AX23) -> 35 | AY24: =SUM(AY17:AY23) -> 57 | AZ24: =SUM(AZ17:AZ23) -> 31 | BA24: =SUM(BA17:BA23) -> 0 | BB24: =SUM(BB17:BB23) -> 51 | BC24: =SUM(BC17:BC23) -> 56 | BD24: =SUM(BD17:BD23) -> 45 | BE24: =SUM(BE17:BE23) -> 44 | ... CB24: =SUM(CB17:CB23) -> 0 | CC24: =SUM(AX24:CB24) -> 472 | CD24: =IFERROR(CC24/$CF$2/(J24-K24),0) -> 7.2615385 | JJ24: Formula | JK24: =D24 -> HYD01-PHR-ASM-01 | JL24: 0 | JM24: 0 | JN24: 0 | JO24: 0 | JP24: 0 | JQ24: 0 | JR24: 0 | JS24: 0 | JT24: 0 | JU24: 0 | JV24: 0 | JW24: 0 | JX24: 0 | JY24: 0 | KQ24: 0 | KR24: 0 | KS24: 0 | KT24: 0 | KU24: 0 | KV24: 0 | KW24: 0 | KX24: 0 | KY24: 0 | KZ24: 0 | LA24: 0 | LB24: 0 | LC24: 0 | LD24: 0
A25: MIO | B25: South | C25: Sukkur | D25: SUK01-PHR-MIO-01 | E25: 0311204 | F25: MR. HASNAIN RAZA (PHR-SUK-01) | G25: New | H25: 46230 | I25: Sukkur Ghotki/Civil/Stadium Rd | J25: 1 | K25: 0 | L25: =IFERROR(IF(OR(AD25>0),1,0),0) -> 0 | M25: =IFERROR(IF(OR(AV25>0),1,0),0) -> 1 | N25: =IFERROR(IF(OR(BK25>0),1,0),0) -> 0 | O25: =IFERROR(IF(OR(CC25>0),1,0),0) -> 1 | P25: =IFERROR(IF(OR(AV25>0,CC25>0),1,0),0) -> 1 | Q25: =JL25 -> 1 | R25: =JM25 -> 1 | S25: =JN25 -> 1 | T25: =JO25 -> 0 | U25: =JP25 -> 1 | V25: =JQ25 -> 1 | W25: =JR25 -> 1 | X25: =JS25 -> 1 | ... AU25: =KP25 -> 0 | AV25: =SUM(Q25:AU25) -> 11 | AW25: =IFERROR(AV25/$CF$2/(J25-K25),0) -> 0.84615385 | AX25: =KQ25 -> 1 | AY25: =KR25 -> 11 | AZ25: =KS25 -> 0 | BA25: =KT25 -> 0 | BB25: =KU25 -> 7 | BC25: =KV25 -> 7 | BD25: =KW25 -> 10 | BE25: =KX25 -> 1 | ... CB25: =LU25 -> 0 | CC25: =SUM(AX25:CB25) -> 58 | CD25: =IFERROR(CC25/$CF$2/(J25-K25),0) -> 4.4615385 | JJ25: Formula | JK25: =D25 -> SUK01-PHR-MIO-01 | JL25: 1 | JM25: 1 | JN25: 1 | JO25: 0 | JP25: 1 | JQ25: 1 | JR25: 1 | JS25: 1 | JT25: 1 | JU25: 1 | JV25: 0 | JW25: 1 | JX25: 1 | JY25: 0 | KQ25: 1 | KR25: 11 | KS25: 0 | KT25: 0 | KU25: 7 | KV25: 7 | KW25: 10 | KX25: 1 | KY25: 9 | KZ25: 1 | LA25: 0 | LB25: 10 | LC25: 1 | LD25: 0
A26: MIO | B26: South | C26: Sukkur | D26: SUK01-PHR-MIO-02 | E26: 0311205 | F26: MR. VACANT (PHR-SUK-02) | G26: VACANT | H26: RESIGNED | I26: Sukkur Gharibabad/Kharipur/Barrage Rd | J26: 1 | K26: 1 | L26: =IFERROR(IF(OR(AD26>0),1,0),0) -> 0 | M26: =IFERROR(IF(OR(AV26>0),1,0),0) -> 0 | N26: =IFERROR(IF(OR(BK26>0),1,0),0) -> 0 | O26: =IFERROR(IF(OR(CC26>0),1,0),0) -> 1 | P26: =IFERROR(IF(OR(AV26>0,CC26>0),1,0),0) -> 1 | Q26: =JL26 -> 0 | R26: =JM26 -> 0 | S26: =JN26 -> 0 | T26: =JO26 -> 0 | U26: =JP26 -> 0 | V26: =JQ26 -> 0 | W26: =JR26 -> 0 | X26: =JS26 -> 0 | ... AU26: =KP26 -> 0 | AV26: =SUM(Q26:AU26) -> 0 | AW26: =IFERROR(AV26/$CF$2/(J26-K26),0) -> 0 | AX26: =KQ26 -> 0 | AY26: =KR26 -> 0 | AZ26: =KS26 -> 0 | BA26: =KT26 -> 0 | BB26: =KU26 -> 0 | BC26: =KV26 -> 0 | BD26: =KW26 -> 1 | BE26: =KX26 -> 0 | ... CB26: =LU26 -> 0 | CC26: =SUM(AX26:CB26) -> 1 | CD26: =IFERROR(CC26/$CF$2/(J26-K26),0) -> 0 | JJ26: Formula | JK26: =D26 -> SUK01-PHR-MIO-02 | JL26: 0 | JM26: 0 | JN26: 0 | JO26: 0 | JP26: 0 | JQ26: 0 | JR26: 0 | JS26: 0 | JT26: 0 | JU26: 0 | JV26: 0 | JW26: 0 | JX26: 0 | JY26: 0 | KQ26: 0 | KR26: 0 | KS26: 0 | KT26: 0 | KU26: 0 | KV26: 0 | KW26: 1 | KX26: 0 | KY26: 0 | KZ26: 0 | LA26: 0 | LB26: 0 | LC26: 0 | LD26: 0
A27: MIO | B27: South | C27: Sukkur | D27: SUK01-PHR-MIO-03 | E27: 0311207 | F27: MR. ZULFIQAR AHMED (PHR-SUK-03) | G27: E-01301 | H27: 44566 | I27: Larkana, Shahdadkot, Qambar, Ratto Dero , Nau Dero | J27: 1 | K27: 0 | L27: =IFERROR(IF(OR(AD27>0),1,0),0) -> 1 | M27: =IFERROR(IF(OR(AV27>0),1,0),0) -> 1 | N27: =IFERROR(IF(OR(BK27>0),1,0),0) -> 1 | O27: =IFERROR(IF(OR(CC27>0),1,0),0) -> 1 | P27: =IFERROR(IF(OR(AV27>0,CC27>0),1,0),0) -> 1 | Q27: =JL27 -> 1 | R27: =JM27 -> 1 | S27: =JN27 -> 1 | T27: =JO27 -> 0 | U27: =JP27 -> 1 | V27: =JQ27 -> 1 | W27: =JR27 -> 1 | X27: =JS27 -> 1 | ... AU27: =KP27 -> 0 | AV27: =SUM(Q27:AU27) -> 12 | AW27: =IFERROR(AV27/$CF$2/(J27-K27),0) -> 0.92307692 | AX27: =KQ27 -> 10 | AY27: =KR27 -> 7 | AZ27: =KS27 -> 8 | BA27: =KT27 -> 0 | BB27: =KU27 -> 5 | BC27: =KV27 -> 10 | BD27: =KW27 -> 1 | BE27: =KX27 -> 6 | ... CB27: =LU27 -> 0 | CC27: =SUM(AX27:CB27) -> 81 | CD27: =IFERROR(CC27/$CF$2/(J27-K27),0) -> 6.2307692 | JJ27: Formula | JK27: =D27 -> SUK01-PHR-MIO-03 | JL27: 1 | JM27: 1 | JN27: 1 | JO27: 0 | JP27: 1 | JQ27: 1 | JR27: 1 | JS27: 1 | JT27: 1 | JU27: 1 | JV27: 0 | JW27: 1 | JX27: 1 | JY27: 1 | KQ27: 10 | KR27: 7 | KS27: 8 | KT27: 0 | KU27: 5 | KV27: 10 | KW27: 1 | KX27: 6 | KY27: 4 | KZ27: 9 | LA27: 0 | LB27: 7 | LC27: 11 | LD27: 3
A28: MIO | B28: South | C28: Sukkur | D28: SUK01-PHR-MIO-04 | E28: 0311203 | F28: MR. AKHTIAR (PHR-SUK-04) | G28: E-01428 | H28: 44776 | I28: E-01428 | J28: 1 | K28: 0 | L28: =IFERROR(IF(OR(AD28>0),1,0),0) -> 1 | M28: =IFERROR(IF(OR(AV28>0),1,0),0) -> 1 | N28: =IFERROR(IF(OR(BK28>0),1,0),0) -> 0 | O28: =IFERROR(IF(OR(CC28>0),1,0),0) -> 1 | P28: =IFERROR(IF(OR(AV28>0,CC28>0),1,0),0) -> 1 | Q28: =JL28 -> 1 | R28: =JM28 -> 1 | S28: =JN28 -> 1 | T28: =JO28 -> 0 | U28: =JP28 -> 1 | V28: =JQ28 -> 1 | W28: =JR28 -> 1 | X28: =JS28 -> 1 | ... AU28: =KP28 -> 0 | AV28: =SUM(Q28:AU28) -> 12 | AW28: =IFERROR(AV28/$CF$2/(J28-K28),0) -> 0.92307692 | AX28: =KQ28 -> 11 | AY28: =KR28 -> 12 | AZ28: =KS28 -> 8 | BA28: =KT28 -> 0 | BB28: =KU28 -> 11 | BC28: =KV28 -> 12 | BD28: =KW28 -> 12 | BE28: =KX28 -> 16 | ... CB28: =LU28 -> 0 | CC28: =SUM(AX28:CB28) -> 126 | CD28: =IFERROR(CC28/$CF$2/(J28-K28),0) -> 9.6923077 | JJ28: Formula | JK28: =D28 -> SUK01-PHR-MIO-04 | JL28: 1 | JM28: 1 | JN28: 1 | JO28: 0 | JP28: 1 | JQ28: 1 | JR28: 1 | JS28: 1 | JT28: 1 | JU28: 1 | JV28: 0 | JW28: 1 | JX28: 1 | JY28: 1 | KQ28: 11 | KR28: 12 | KS28: 8 | KT28: 0 | KU28: 11 | KV28: 12 | KW28: 12 | KX28: 16 | KY28: 12 | KZ28: 8 | LA28: 0 | LB28: 12 | LC28: 12 | LD28: 0
A29: MIO | B29: South | C29: Sukkur | D29: SUK01-PHR-MIO-05 | E29: 0311201 | F29: MR. ASIF ALI SOOMRO (PHR-SUK-05) | G29: E-02495 | H29: 45173 | I29: Shikarpur, Kandhkot, Kashmore, Thull | J29: 1 | K29: 0 | L29: =IFERROR(IF(OR(AD29>0),1,0),0) -> 1 | M29: =IFERROR(IF(OR(AV29>0),1,0),0) -> 1 | N29: =IFERROR(IF(OR(BK29>0),1,0),0) -> 0 | O29: =IFERROR(IF(OR(CC29>0),1,0),0) -> 1 | P29: =IFERROR(IF(OR(AV29>0,CC29>0),1,0),0) -> 1 | Q29: =JL29 -> 1 | R29: =JM29 -> 1 | S29: =JN29 -> 1 | T29: =JO29 -> 0 | U29: =JP29 -> 1 | V29: =JQ29 -> 1 | W29: =JR29 -> 1 | X29: =JS29 -> 1 | ... AU29: =KP29 -> 0 | AV29: =SUM(Q29:AU29) -> 10 | AW29: =IFERROR(AV29/$CF$2/(J29-K29),0) -> 0.76923077 | AX29: =KQ29 -> 1 | AY29: =KR29 -> 3 | AZ29: =KS29 -> 0 | BA29: =KT29 -> 0 | BB29: =KU29 -> 11 | BC29: =KV29 -> 0 | BD29: =KW29 -> 1 | BE29: =KX29 -> 4 | ... CB29: =LU29 -> 0 | CC29: =SUM(AX29:CB29) -> 22 | CD29: =IFERROR(CC29/$CF$2/(J29-K29),0) -> 1.6923077 | JJ29: Formula | JK29: =D29 -> SUK01-PHR-MIO-05 | JL29: 1 | JM29: 1 | JN29: 1 | JO29: 0 | JP29: 1 | JQ29: 1 | JR29: 1 | JS29: 1 | JT29: 0 | JU29: 0 | JV29: 0 | JW29: 1 | JX29: 1 | JY29: 1 | KQ29: 1 | KR29: 3 | KS29: 0 | KT29: 0 | KU29: 11 | KV29: 0 | KW29: 1 | KX29: 4 | KY29: 0 | KZ29: 0 | LA29: 0 | LB29: 2 | LC29: 0 | LD29: 0
A30: MIO | B30: South | C30: Sukkur | D30: SUK01-PHR-MIO-06 | E30: 0311206 | F30: M. PUNHAL PATHAN (PHR-SUK-06) | G30: E-02496 | H30: 45208 | I30: Jacobabad, Dera Murad Jamali, Dera Allahyar, Usta Mohd | J30: 1 | K30: 0 | L30: =IFERROR(IF(OR(AD30>0),1,0),0) -> 1 | M30: =IFERROR(IF(OR(AV30>0),1,0),0) -> 1 | N30: =IFERROR(IF(OR(BK30>0),1,0),0) -> 0 | O30: =IFERROR(IF(OR(CC30>0),1,0),0) -> 1 | P30: =IFERROR(IF(OR(AV30>0,CC30>0),1,0),0) -> 1 | Q30: =JL30 -> 1 | R30: =JM30 -> 1 | S30: =JN30 -> 1 | T30: =JO30 -> 0 | U30: =JP30 -> 1 | V30: =JQ30 -> 1 | W30: =JR30 -> 1 | X30: =JS30 -> 1 | ... AU30: =KP30 -> 0 | AV30: =SUM(Q30:AU30) -> 12 | AW30: =IFERROR(AV30/$CF$2/(J30-K30),0) -> 0.92307692 | AX30: =KQ30 -> 9 | AY30: =KR30 -> 6 | AZ30: =KS30 -> 2 | BA30: =KT30 -> 0 | BB30: =KU30 -> 0 | BC30: =KV30 -> 4 | BD30: =KW30 -> 0 | BE30: =KX30 -> 0 | ... CB30: =LU30 -> 0 | CC30: =SUM(AX30:CB30) -> 38 | CD30: =IFERROR(CC30/$CF$2/(J30-K30),0) -> 2.9230769 | JJ30: Formula | JK30: =D30 -> SUK01-PHR-MIO-06 | JL30: 1 | JM30: 1 | JN30: 1 | JO30: 0 | JP30: 1 | JQ30: 1 | JR30: 1 | JS30: 1 | JT30: 1 | JU30: 1 | JV30: 0 | JW30: 1 | JX30: 1 | JY30: 1 | KQ30: 9 | KR30: 6 | KS30: 2 | KT30: 0 | KU30: 0 | KV30: 4 | KW30: 0 | KX30: 0 | KY30: 2 | KZ30: 4 | LA30: 0 | LB30: 11 | LC30: 0 | LD30: 0
A31: MIO Unmap | B31: South | C31: Sukkur | D31: SUK01-PHR-MIO-00 | E31: 0311209 | F31: SUK01 - PHR UNMAPPED | G31: UN-DEFINED | H31: UN-DEFINED | I31: Sukkur | J31: 0 | K31: 0 | L31: =IFERROR(IF(OR(AD31>0),1,0),0) -> 0 | M31: =IFERROR(IF(OR(AV31>0),1,0),0) -> 0 | N31: =IFERROR(IF(OR(BK31>0),1,0),0) -> 0 | O31: =IFERROR(IF(OR(CC31>0),1,0),0) -> 0 | P31: =IFERROR(IF(OR(AV31>0,CC31>0),1,0),0) -> 0 | Q31: =JL31 -> 0 | R31: =JM31 -> 0 | S31: =JN31 -> 0 | T31: =JO31 -> 0 | U31: =JP31 -> 0 | V31: =JQ31 -> 0 | W31: =JR31 -> 0 | X31: =JS31 -> 0 | ... AU31: =KP31 -> 0 | AV31: =SUM(Q31:AU31) -> 0 | AW31: =IFERROR(AV31/$CF$2/(J31-K31),0) -> 0 | AX31: =KQ31 -> 0 | AY31: =KR31 -> 0 | AZ31: =KS31 -> 0 | BA31: =KT31 -> 0 | BB31: =KU31 -> 0 | BC31: =KV31 -> 0 | BD31: =KW31 -> 0 | BE31: =KX31 -> 0 | ... CB31: =LU31 -> 0 | CC31: =SUM(AX31:CB31) -> 0 | CD31: =IFERROR(CC31/$CF$2/(J31-K31),0) -> 0 | JJ31: Formula | JK31: =D31 -> SUK01-PHR-MIO-00 | JL31: 0 | JM31: 0 | JN31: 0 | JO31: 0 | JP31: 0 | JQ31: 0 | JR31: 0 | JS31: 0 | JT31: 0 | JU31: 0 | JV31: 0 | JW31: 0 | JX31: 0 | JY31: 0 | KQ31: 0 | KR31: 0 | KS31: 0 | KT31: 0 | KU31: 0 | KV31: 0 | KW31: 0 | KX31: 0 | KY31: 0 | KZ31: 0 | LA31: 0 | LB31: 0 | LC31: 0 | LD31: 0
A32: ASM | B32: South | C32: Sukkur | D32: SUK01-PHR-ASM-01 | E32: 03120 | F32: TAHIR HUSSAIN | G32: E-01684 | H32: 45112 | I32: Sukkur | J32: 6 | K32: =SUM(K25:K31) -> 1 | L32: =SUM(L25:L31) -> 4 | M32: =SUM(M25:M31) -> 5 | N32: =SUM(N25:N31) -> 1 | O32: =SUM(O25:O31) -> 6 | P32: =SUM(P25:P31) -> 6 | Q32: =SUM(Q25:Q31) -> 5 | R32: =SUM(R25:R31) -> 5 | ... AU32: =SUM(AU25:AU31) -> 0 | AV32: =SUM(Q32:AU32) -> 57 | AW32: =IFERROR(AV32/$CF$2/(J32-K32),0) -> 0.87692308 | AX32: =SUM(AX25:AX31) -> 32 | AY32: =SUM(AY25:AY31) -> 39 | AZ32: =SUM(AZ25:AZ31) -> 18 | BA32: =SUM(BA25:BA31) -> 0 | BB32: =SUM(BB25:BB31) -> 34 | BC32: =SUM(BC25:BC31) -> 33 | BD32: =SUM(BD25:BD31) -> 25 | BE32: =SUM(BE25:BE31) -> 27 | ... CB32: =SUM(CB25:CB31) -> 0 | CC32: =SUM(AX32:CB32) -> 326 | CD32: =IFERROR(CC32/$CF$2/(J32-K32),0) -> 5.0153846 | JJ32: Formula | JK32: =D32 -> SUK01-PHR-ASM-01 | JL32: 0 | JM32: 0 | JN32: 0 | JO32: 0 | JP32: 0 | JQ32: 0 | JR32: 0 | JS32: 0 | JT32: 0 | JU32: 0 | JV32: 0 | JW32: 0 | JX32: 0 | JY32: 0 | KQ32: 0 | KR32: 0 | KS32: 0 | KT32: 0 | KU32: 0 | KV32: 0 | KW32: 0 | KX32: 0 | KY32: 0 | KZ32: 0 | LA32: 0 | LB32: 0 | LC32: 0 | LD32: 0
A33: RSM | B33: South | C33: Karachi | D33: STH-PHR-DGM-01 | E33: 03 | F33: Mr. Zahid Ali Shah | G33: VACANT | H33: RESIGNED | I33: Karachi | J33: 21 | K33: =K32+K24+K16+K10 -> 7 | L33: =L32+L24+L16+L10 -> 11 | M33: =M32+M24+M16+M10 -> 14 | N33: =N32+N24+N16+N10 -> 3 | O33: =O32+O24+O16+O10 -> 15 | P33: =P32+P24+P16+P10 -> 15 | Q33: =Q32+Q24+Q16+Q10 -> 14 | R33: =R32+R24+R16+R10 -> 14 | ... AU33: =AU32+AU24+AU16+AU10 -> 0 | AV33: =SUM(Q33:AU33) -> 158 | AW33: =IFERROR(AV33/$CF$2/(J33-K33),0) -> 0.86813187 | AX33: =AX32+AX24+AX16+AX10 -> 96 | AY33: =AY32+AY24+AY16+AY10 -> 130 | AZ33: =AZ32+AZ24+AZ16+AZ10 -> 68 | BA33: =BA32+BA24+BA16+BA10 -> 0 | BB33: =BB32+BB24+BB16+BB10 -> 113 | BC33: =BC32+BC24+BC16+BC10 -> 128 | BD33: =BD32+BD24+BD16+BD10 -> 115 | BE33: =BE32+BE24+BE16+BE10 -> 91 | ... CB33: =CB32+CB24+CB16+CB10 -> 0 | CC33: =SUM(AX33:CB33) -> 1119 | CD33: =IFERROR(CC33/$CF$2/(J33-K33),0) -> 6.1483516 | JJ33: Formula | JK33: =D33 -> STH-PHR-DGM-01 | JL33: 0 | JM33: 0 | JN33: 0 | JO33: 0 | JP33: 0 | JQ33: 0 | JR33: 0 | JS33: 0 | JT33: 0 | JU33: 0 | JV33: 0 | JW33: 0 | JX33: 0 | JY33: 0 | KQ33: 0 | KR33: 0 | KS33: 0 | KT33: 0 | KU33: 0 | KV33: 0 | KW33: 0 | KX33: 0 | KY33: 0 | KZ33: 0 | LA33: 0 | LB33: 0 | LC33: 0 | LD33: 0
A34: MIO | B34: Central | C34: Lahore-1 | D34: LHR01-PHR-MIO-01 | E34: 0411004 | F34: MR. VACANT (PHR-LHR-01) | G34: VACANT | H34: RESIGNED | I34: Lahore 1 | J34: 1 | K34: 1 | L34: =IFERROR(IF(OR(AD34>0),1,0),0) -> 0 | M34: =IFERROR(IF(OR(AV34>0),1,0),0) -> 0 | N34: =IFERROR(IF(OR(BK34>0),1,0),0) -> 0 | O34: =IFERROR(IF(OR(CC34>0),1,0),0) -> 0 | P34: =IFERROR(IF(OR(AV34>0,CC34>0),1,0),0) -> 0 | Q34: =JL34 -> 0 | R34: =JM34 -> 0 | S34: =JN34 -> 0 | T34: =JO34 -> 0 | U34: =JP34 -> 0 | V34: =JQ34 -> 0 | W34: =JR34 -> 0 | X34: =JS34 -> 0 | ... AU34: =KP34 -> 0 | AV34: =SUM(Q34:AU34) -> 0 | AW34: =IFERROR(AV34/$CF$2/(J34-K34),0) -> 0 | AX34: =KQ34 -> 0 | AY34: =KR34 -> 0 | AZ34: =KS34 -> 0 | BA34: =KT34 -> 0 | BB34: =KU34 -> 0 | BC34: =KV34 -> 0 | BD34: =KW34 -> 0 | BE34: =KX34 -> 0 | ... CB34: =LU34 -> 0 | CC34: =SUM(AX34:CB34) -> 0 | CD34: =IFERROR(CC34/$CF$2/(J34-K34),0) -> 0 | JJ34: Formula | JK34: =D34 -> LHR01-PHR-MIO-01 | JL34: 0 | JM34: 0 | JN34: 0 | JO34: 0 | JP34: 0 | JQ34: 0 | JR34: 0 | JS34: 0 | JT34: 0 | JU34: 0 | JV34: 0 | JW34: 0 | JX34: 0 | JY34: 0 | KQ34: 0 | KR34: 0 | KS34: 0 | KT34: 0 | KU34: 0 | KV34: 0 | KW34: 0 | KX34: 0 | KY34: 0 | KZ34: 0 | LA34: 0 | LB34: 0 | LC34: 0 | LD34: 0
A35: MIO | B35: Central | C35: Lahore-1 | D35: LHR01-PHR-MIO-02 | E35: 0411007 | F35: MS. SAMINA KAUSAR (PHR-LHR-02) | G35: E-00651 | H35: 43652 | I35: Kasur | J35: 1 | K35: 0 | L35: =IFERROR(IF(OR(AD35>0),1,0),0) -> 1 | M35: =IFERROR(IF(OR(AV35>0),1,0),0) -> 1 | N35: =IFERROR(IF(OR(BK35>0),1,0),0) -> 1 | O35: =IFERROR(IF(OR(CC35>0),1,0),0) -> 1 | P35: =IFERROR(IF(OR(AV35>0,CC35>0),1,0),0) -> 1 | Q35: =JL35 -> 1 | R35: =JM35 -> 1 | S35: =JN35 -> 1 | T35: =JO35 -> 0 | U35: =JP35 -> 1 | V35: =JQ35 -> 1 | W35: =JR35 -> 1 | X35: =JS35 -> 1 | ... AU35: =KP35 -> 0 | AV35: =SUM(Q35:AU35) -> 12 | AW35: =IFERROR(AV35/$CF$2/(J35-K35),0) -> 0.92307692 | AX35: =KQ35 -> 9 | AY35: =KR35 -> 9 | AZ35: =KS35 -> 8 | BA35: =KT35 -> 0 | BB35: =KU35 -> 10 | BC35: =KV35 -> 10 | BD35: =KW35 -> 10 | BE35: =KX35 -> 6 | ... CB35: =LU35 -> 0 | CC35: =SUM(AX35:CB35) -> 101 | CD35: =IFERROR(CC35/$CF$2/(J35-K35),0) -> 7.7692308 | JJ35: Formula | JK35: =D35 -> LHR01-PHR-MIO-02 | JL35: 1 | JM35: 1 | JN35: 1 | JO35: 0 | JP35: 1 | JQ35: 1 | JR35: 1 | JS35: 1 | JT35: 1 | JU35: 1 | JV35: 0 | JW35: 1 | JX35: 1 | JY35: 1 | KQ35: 9 | KR35: 9 | KS35: 8 | KT35: 0 | KU35: 10 | KV35: 10 | KW35: 10 | KX35: 6 | KY35: 8 | KZ35: 8 | LA35: 0 | LB35: 11 | LC35: 11 | LD35: 1
A36: MIO | B36: Central | C36: Lahore-1 | D36: LHR01-PHR-MIO-04 | E36: 0411006 | F36: MR. KHURRAM SHAHZAD KHAN (PHR-LHR-03) | G36: P-00952 | H36: 39611 | I36: Sahiwal | J36: 1 | K36: 0 | L36: =IFERROR(IF(OR(AD36>0),1,0),0) -> 1 | M36: =IFERROR(IF(OR(AV36>0),1,0),0) -> 1 | N36: =IFERROR(IF(OR(BK36>0),1,0),0) -> 1 | O36: =IFERROR(IF(OR(CC36>0),1,0),0) -> 1 | P36: =IFERROR(IF(OR(AV36>0,CC36>0),1,0),0) -> 1 | Q36: =JL36 -> 1 | R36: =JM36 -> 1 | S36: =JN36 -> 1 | T36: =JO36 -> 0 | U36: =JP36 -> 1 | V36: =JQ36 -> 1 | W36: =JR36 -> 1 | X36: =JS36 -> 1 | ... AU36: =KP36 -> 0 | AV36: =SUM(Q36:AU36) -> 12 | AW36: =IFERROR(AV36/$CF$2/(J36-K36),0) -> 0.92307692 | AX36: =KQ36 -> 12 | AY36: =KR36 -> 11 | AZ36: =KS36 -> 11 | BA36: =KT36 -> 0 | BB36: =KU36 -> 12 | BC36: =KV36 -> 10 | BD36: =KW36 -> 12 | BE36: =KX36 -> 11 | ... CB36: =LU36 -> 0 | CC36: =SUM(AX36:CB36) -> 134 | CD36: =IFERROR(CC36/$CF$2/(J36-K36),0) -> 10.307692 | JJ36: Formula | JK36: =D36 -> LHR01-PHR-MIO-04 | JL36: 1 | JM36: 1 | JN36: 1 | JO36: 0 | JP36: 1 | JQ36: 1 | JR36: 1 | JS36: 1 | JT36: 1 | JU36: 1 | JV36: 0 | JW36: 1 | JX36: 1 | JY36: 1 | KQ36: 12 | KR36: 11 | KS36: 11 | KT36: 0 | KU36: 12 | KV36: 10 | KW36: 12 | KX36: 11 | KY36: 12 | KZ36: 10 | LA36: 0 | LB36: 13 | LC36: 14 | LD36: 6
A37: MIO | B37: Central | C37: Lahore-1 | D37: LHR01-PHR-MIO-05 | E37: 0411005 | F37: MR. ABID ALI (PHR-LHR-04) | G37: E-03005 | H37: 46059 | I37: Okara | J37: 1 | K37: 0 | L37: =IFERROR(IF(OR(AD37>0),1,0),0) -> 1 | M37: =IFERROR(IF(OR(AV37>0),1,0),0) -> 1 | N37: =IFERROR(IF(OR(BK37>0),1,0),0) -> 1 | O37: =IFERROR(IF(OR(CC37>0),1,0),0) -> 1 | P37: =IFERROR(IF(OR(AV37>0,CC37>0),1,0),0) -> 1 | Q37: =JL37 -> 1 | R37: =JM37 -> 0 | S37: =JN37 -> 1 | T37: =JO37 -> 0 | U37: =JP37 -> 1 | V37: =JQ37 -> 1 | W37: =JR37 -> 1 | X37: =JS37 -> 0 | ... AU37: =KP37 -> 0 | AV37: =SUM(Q37:AU37) -> 10 | AW37: =IFERROR(AV37/$CF$2/(J37-K37),0) -> 0.76923077 | AX37: =KQ37 -> 11 | AY37: =KR37 -> 12 | AZ37: =KS37 -> 7 | BA37: =KT37 -> 0 | BB37: =KU37 -> 9 | BC37: =KV37 -> 13 | BD37: =KW37 -> 11 | BE37: =KX37 -> 11 | ... CB37: =LU37 -> 0 | CC37: =SUM(AX37:CB37) -> 126 | CD37: =IFERROR(CC37/$CF$2/(J37-K37),0) -> 9.6923077 | JJ37: Formula | JK37: =D37 -> LHR01-PHR-MIO-05 | JL37: 1 | JM37: 0 | JN37: 1 | JO37: 0 | JP37: 1 | JQ37: 1 | JR37: 1 | JS37: 0 | JT37: 1 | JU37: 1 | JV37: 0 | JW37: 1 | JX37: 1 | JY37: 1 | KQ37: 11 | KR37: 12 | KS37: 7 | KT37: 0 | KU37: 9 | KV37: 13 | KW37: 11 | KX37: 11 | KY37: 11 | KZ37: 11 | LA37: 0 | LB37: 12 | LC37: 12 | LD37: 6
A38: MIO | B38: Central | C38: Lahore-2 | D38: LHR01-PHR-PS-01 | E38: 0411010 | F38: M ASIM (PS-LHR-02) | G38: E-01769 | H38: 45216 | I38: LHR/Mall Rd/Ravi /Rd/Shadbagh/Samanabad/Mayo Hosp | J38: 1 | K38: 0 | L38: =IFERROR(IF(OR(AD38>0),1,0),0) -> 0 | M38: =IFERROR(IF(OR(AV38>0),1,0),0) -> 1 | N38: =IFERROR(IF(OR(BK38>0),1,0),0) -> 0 | O38: =IFERROR(IF(OR(CC38>0),1,0),0) -> 1 | P38: =IFERROR(IF(OR(AV38>0,CC38>0),1,0),0) -> 1 | Q38: =JL38 -> 0 | R38: =JM38 -> 0 | S38: =JN38 -> 1 | T38: =JO38 -> 0 | U38: =JP38 -> 1 | V38: =JQ38 -> 1 | W38: =JR38 -> 0 | X38: =JS38 -> 1 | ... AU38: =KP38 -> 0 | AV38: =SUM(Q38:AU38) -> 8 | AW38: =IFERROR(AV38/$CF$2/(J38-K38),0) -> 0.61538462 | AX38: =KQ38 -> 10 | AY38: =KR38 -> 0 | AZ38: =KS38 -> 8 | BA38: =KT38 -> 0 | BB38: =KU38 -> 0 | BC38: =KV38 -> 9 | BD38: =KW38 -> 9 | BE38: =KX38 -> 0 | ... CB38: =LU38 -> 0 | CC38: =SUM(AX38:CB38) -> 57 | CD38: =IFERROR(CC38/$CF$2/(J38-K38),0) -> 4.3846154 | JJ38: Formula | JK38: =D38 -> LHR01-PHR-PS-01 | JL38: 0 | JM38: 0 | JN38: 1 | JO38: 0 | JP38: 1 | JQ38: 1 | JR38: 0 | JS38: 1 | JT38: 1 | JU38: 1 | JV38: 0 | JW38: 1 | JX38: 1 | JY38: 0 | KQ38: 10 | KR38: 0 | KS38: 8 | KT38: 0 | KU38: 0 | KV38: 9 | KW38: 9 | KX38: 0 | KY38: 9 | KZ38: 0 | LA38: 0 | LB38: 12 | LC38: 0 | LD38: 0
A39: MIO Unmap | B39: Central | C39: Lahore-1 | D39: LHR01-PHR-MIO-00 | E39: 0413001 | F39: LHR01 - PHR UNMAPPED | G39: UN-DEFINED | H39: UN-DEFINED | I39: Lahore 1 | J39: 0 | K39: 0 | L39: =IFERROR(IF(OR(AD39>0),1,0),0) -> 0 | M39: =IFERROR(IF(OR(AV39>0),1,0),0) -> 0 | N39: =IFERROR(IF(OR(BK39>0),1,0),0) -> 0 | O39: =IFERROR(IF(OR(CC39>0),1,0),0) -> 0 | P39: =IFERROR(IF(OR(AV39>0,CC39>0),1,0),0) -> 0 | Q39: =JL39 -> 0 | R39: =JM39 -> 0 | S39: =JN39 -> 0 | T39: =JO39 -> 0 | U39: =JP39 -> 0 | V39: =JQ39 -> 0 | W39: =JR39 -> 0 | X39: =JS39 -> 0 | ... AU39: =KP39 -> 0 | AV39: =SUM(Q39:AU39) -> 0 | AW39: =IFERROR(AV39/$CF$2/(J39-K39),0) -> 0 | AX39: =KQ39 -> 0 | AY39: =KR39 -> 0 | AZ39: =KS39 -> 0 | BA39: =KT39 -> 0 | BB39: =KU39 -> 0 | BC39: =KV39 -> 0 | BD39: =KW39 -> 0 | BE39: =KX39 -> 0 | ... CB39: =LU39 -> 0 | CC39: =SUM(AX39:CB39) -> 0 | CD39: =IFERROR(CC39/$CF$2/(J39-K39),0) -> 0 | JJ39: Formula | JK39: =D39 -> LHR01-PHR-MIO-00 | JL39: 0 | JM39: 0 | JN39: 0 | JO39: 0 | JP39: 0 | JQ39: 0 | JR39: 0 | JS39: 0 | JT39: 0 | JU39: 0 | JV39: 0 | JW39: 0 | JX39: 0 | JY39: 0 | KQ39: 0 | KR39: 0 | KS39: 0 | KT39: 0 | KU39: 0 | KV39: 0 | KW39: 0 | KX39: 0 | KY39: 0 | KZ39: 0 | LA39: 0 | LB39: 0 | LC39: 0 | LD39: 0
A40: ASM | B40: Central | C40: Lahore-1 | D40: LHR01-PHR-ASM-01 | E40: 04130 | F40: SHAHID SULTAN | G40: E-01750 | H40: 45170 | I40: Lahore 1 | J40: 5 | K40: =SUM(K34:K39) -> 1 | L40: =SUM(L34:L39) -> 3 | M40: =SUM(M34:M39) -> 4 | N40: =SUM(N34:N39) -> 3 | O40: =SUM(O34:O39) -> 4 | P40: =SUM(P34:P39) -> 4 | Q40: =SUM(Q34:Q39) -> 3 | R40: =SUM(R34:R39) -> 2 | ... AU40: =SUM(AU34:AU39) -> 0 | AV40: =SUM(Q40:AU40) -> 42 | AW40: =IFERROR(AV40/$CF$2/(J40-K40),0) -> 0.80769231 | AX40: =SUM(AX34:AX39) -> 42 | AY40: =SUM(AY34:AY39) -> 32 | AZ40: =SUM(AZ34:AZ39) -> 34 | BA40: =SUM(BA34:BA39) -> 0 | BB40: =SUM(BB34:BB39) -> 31 | BC40: =SUM(BC34:BC39) -> 42 | BD40: =SUM(BD34:BD39) -> 42 | BE40: =SUM(BE34:BE39) -> 28 | ... CB40: =SUM(CB34:CB39) -> 0 | CC40: =SUM(AX40:CB40) -> 418 | CD40: =IFERROR(CC40/$CF$2/(J40-K40),0) -> 8.0384615 | JJ40: Formula | JK40: =D40 -> LHR01-PHR-ASM-01 | JL40: 0 | JM40: 0 | JN40: 0 | JO40: 0 | JP40: 0 | JQ40: 0 | JR40: 0 | JS40: 0 | JT40: 0 | JU40: 0 | JV40: 0 | JW40: 0 | JX40: 0 | JY40: 0 | KQ40: 0 | KR40: 0 | KS40: 0 | KT40: 0 | KU40: 0 | KV40: 0 | KW40: 0 | KX40: 0 | KY40: 0 | KZ40: 0 | LA40: 0 | LB40: 0 | LC40: 0 | LD40: 0
A41: MIO | B41: Central | C41: Lahore-2 | D41: LHR02-PHR-MIO-01 | E41: 0412004 | F41: MR. ATIF BASHIR (PHR-LHR-06) | G41: P-01721 | H41: 42537 | I41: Sheikhupura | J41: 1 | K41: 0 | L41: =IFERROR(IF(OR(AD41>0),1,0),0) -> 1 | M41: =IFERROR(IF(OR(AV41>0),1,0),0) -> 1 | N41: =IFERROR(IF(OR(BK41>0),1,0),0) -> 0 | O41: =IFERROR(IF(OR(CC41>0),1,0),0) -> 1 | P41: =IFERROR(IF(OR(AV41>0,CC41>0),1,0),0) -> 1 | Q41: =JL41 -> 1 | R41: =JM41 -> 1 | S41: =JN41 -> 1 | T41: =JO41 -> 0 | U41: =JP41 -> 1 | V41: =JQ41 -> 1 | W41: =JR41 -> 1 | X41: =JS41 -> 1 | ... AU41: =KP41 -> 0 | AV41: =SUM(Q41:AU41) -> 12 | AW41: =IFERROR(AV41/$CF$2/(J41-K41),0) -> 0.92307692 | AX41: =KQ41 -> 0 | AY41: =KR41 -> 0 | AZ41: =KS41 -> 0 | BA41: =KT41 -> 0 | BB41: =KU41 -> 0 | BC41: =KV41 -> 10 | BD41: =KW41 -> 11 | BE41: =KX41 -> 9 | ... CB41: =LU41 -> 0 | CC41: =SUM(AX41:CB41) -> 70 | CD41: =IFERROR(CC41/$CF$2/(J41-K41),0) -> 5.3846154 | JJ41: Formula | JK41: =D41 -> LHR02-PHR-MIO-01 | JL41: 1 | JM41: 1 | JN41: 1 | JO41: 0 | JP41: 1 | JQ41: 1 | JR41: 1 | JS41: 1 | JT41: 1 | JU41: 1 | JV41: 0 | JW41: 1 | JX41: 1 | JY41: 1 | KQ41: 0 | KR41: 0 | KS41: 0 | KT41: 0 | KU41: 0 | KV41: 10 | KW41: 11 | KX41: 9 | KY41: 12 | KZ41: 8 | LA41: 0 | LB41: 9 | LC41: 11 | LD41: 0
A42: MIO | B42: Central | C42: Lahore-2 | D42: LHR02-PHR-MIO-02 | E42: 0411002 | F42: VACANT (PHR-LHR-07) | G42: - | H42: - | I42: LHR/Shalimar T/Gari Shahu/Baghban.P/Mughal.P | J42: 1 | K42: 1 | L42: =IFERROR(IF(OR(AD42>0),1,0),0) -> 0 | M42: =IFERROR(IF(OR(AV42>0),1,0),0) -> 0 | N42: =IFERROR(IF(OR(BK42>0),1,0),0) -> 0 | O42: =IFERROR(IF(OR(CC42>0),1,0),0) -> 0 | P42: =IFERROR(IF(OR(AV42>0,CC42>0),1,0),0) -> 0 | Q42: =JL42 -> 0 | R42: =JM42 -> 0 | S42: =JN42 -> 0 | T42: =JO42 -> 0 | U42: =JP42 -> 0 | V42: =JQ42 -> 0 | W42: =JR42 -> 0 | X42: =JS42 -> 0 | ... AU42: =KP42 -> 0 | AV42: =SUM(Q42:AU42) -> 0 | AW42: =IFERROR(AV42/$CF$2/(J42-K42),0) -> 0 | AX42: =KQ42 -> 0 | AY42: =KR42 -> 0 | AZ42: =KS42 -> 0 | BA42: =KT42 -> 0 | BB42: =KU42 -> 0 | BC42: =KV42 -> 0 | BD42: =KW42 -> 0 | BE42: =KX42 -> 0 | ... CB42: =LU42 -> 0 | CC42: =SUM(AX42:CB42) -> 0 | CD42: =IFERROR(CC42/$CF$2/(J42-K42),0) -> 0 | JJ42: Formula | JK42: =D42 -> LHR02-PHR-MIO-02 | JL42: 0 | JM42: 0 | JN42: 0 | JO42: 0 | JP42: 0 | JQ42: 0 | JR42: 0 | JS42: 0 | JT42: 0 | JU42: 0 | JV42: 0 | JW42: 0 | JX42: 0 | JY42: 0 | KQ42: 0 | KR42: 0 | KS42: 0 | KT42: 0 | KU42: 0 | KV42: 0 | KW42: 0 | KX42: 0 | KY42: 0 | KZ42: 0 | LA42: 0 | LB42: 0 | LC42: 0 | LD42: 0
A43: MIO | B43: Central | C43: Lahore-2 | D43: LHR02-PHR-MIO-03 | E43: 0411009 | F43: M. HAMID (PHR-LHR-08) | G43: E-03016 | H43: 46078 | I43: Lahore 2 | J43: 1 | K43: 0 | L43: =IFERROR(IF(OR(AD43>0),1,0),0) -> 1 | M43: =IFERROR(IF(OR(AV43>0),1,0),0) -> 1 | N43: =IFERROR(IF(OR(BK43>0),1,0),0) -> 1 | O43: =IFERROR(IF(OR(CC43>0),1,0),0) -> 1 | P43: =IFERROR(IF(OR(AV43>0,CC43>0),1,0),0) -> 1 | Q43: =JL43 -> 1 | R43: =JM43 -> 1 | S43: =JN43 -> 1 | T43: =JO43 -> 0 | U43: =JP43 -> 1 | V43: =JQ43 -> 1 | W43: =JR43 -> 1 | X43: =JS43 -> 1 | ... AU43: =KP43 -> 0 | AV43: =SUM(Q43:AU43) -> 12 | AW43: =IFERROR(AV43/$CF$2/(J43-K43),0) -> 0.92307692 | AX43: =KQ43 -> 11 | AY43: =KR43 -> 10 | AZ43: =KS43 -> 4 | BA43: =KT43 -> 0 | BB43: =KU43 -> 11 | BC43: =KV43 -> 11 | BD43: =KW43 -> 9 | BE43: =KX43 -> 0 | ... CB43: =LU43 -> 0 | CC43: =SUM(AX43:CB43) -> 91 | CD43: =IFERROR(CC43/$CF$2/(J43-K43),0) -> 7 | JJ43: Formula | JK43: =D43 -> LHR02-PHR-MIO-03 | JL43: 1 | JM43: 1 | JN43: 1 | JO43: 0 | JP43: 1 | JQ43: 1 | JR43: 1 | JS43: 1 | JT43: 1 | JU43: 1 | JV43: 0 | JW43: 1 | JX43: 1 | JY43: 1 | KQ43: 11 | KR43: 10 | KS43: 4 | KT43: 0 | KU43: 11 | KV43: 11 | KW43: 9 | KX43: 0 | KY43: 2 | KZ43: 11 | LA43: 0 | LB43: 10 | LC43: 11 | LD43: 1
A44: MIO | B44: Central | C44: Lahore-2 | D44: LHR02-PHR-PS-02 | E44: 0413002 | F44: SHAHID ASLAM (PS-LHR-01) | G44: E-03121 | H44: 46100 | I44: LGh Defence Township Green Town Walton | J44: 1 | K44: 0 | L44: =IFERROR(IF(OR(AD44>0),1,0),0) -> 0 | M44: =IFERROR(IF(OR(AV44>0),1,0),0) -> 1 | N44: =IFERROR(IF(OR(BK44>0),1,0),0) -> 0 | O44: =IFERROR(IF(OR(CC44>0),1,0),0) -> 1 | P44: =IFERROR(IF(OR(AV44>0,CC44>0),1,0),0) -> 1 | Q44: =JL44 -> 1 | R44: =JM44 -> 1 | S44: =JN44 -> 1 | T44: =JO44 -> 0 | U44: =JP44 -> 1 | V44: =JQ44 -> 1 | W44: =JR44 -> 0 | X44: =JS44 -> 0 | ... AU44: =KP44 -> 0 | AV44: =SUM(Q44:AU44) -> 5 | AW44: =IFERROR(AV44/$CF$2/(J44-K44),0) -> 0.38461538 | AX44: =KQ44 -> 10 | AY44: =KR44 -> 11 | AZ44: =KS44 -> 0 | BA44: =KT44 -> 0 | BB44: =KU44 -> 0 | BC44: =KV44 -> 10 | BD44: =KW44 -> 0 | BE44: =KX44 -> 0 | ... CB44: =LU44 -> 0 | CC44: =SUM(AX44:CB44) -> 31 | CD44: =IFERROR(CC44/$CF$2/(J44-K44),0) -> 2.3846154 | JJ44: Formula | JK44: =D44 -> LHR02-PHR-PS-02 | JL44: 1 | JM44: 1 | JN44: 1 | JO44: 0 | JP44: 1 | JQ44: 1 | JR44: 0 | JS44: 0 | JT44: 0 | JU44: 0 | JV44: 0 | JW44: 0 | JX44: 0 | JY44: 0 | KQ44: 10 | KR44: 11 | KS44: 0 | KT44: 0 | KU44: 0 | KV44: 10 | KW44: 0 | KX44: 0 | KY44: 0 | KZ44: 0 | LA44: 0 | LB44: 0 | LC44: 0 | LD44: 0
A45: MIO | B45: Central | C45: Lahore-1 | D45: LHR02-PHR-MIO-04 | E45: 0413003 | F45: AYESHA SHOUKAT (PHR-LHR-05) | G45: E-02613 | H45: 45931 | I45: Lahore 1 | J45: 1 | K45: 0 | L45: =IFERROR(IF(OR(AD45>0),1,0),0) -> 1 | M45: =IFERROR(IF(OR(AV45>0),1,0),0) -> 1 | N45: =IFERROR(IF(OR(BK45>0),1,0),0) -> 0 | O45: =IFERROR(IF(OR(CC45>0),1,0),0) -> 1 | P45: =IFERROR(IF(OR(AV45>0,CC45>0),1,0),0) -> 1 | Q45: =JL45 -> 1 | R45: =JM45 -> 1 | S45: =JN45 -> 1 | T45: =JO45 -> 0 | U45: =JP45 -> 1 | V45: =JQ45 -> 1 | W45: =JR45 -> 1 | X45: =JS45 -> 1 | ... AU45: =KP45 -> 0 | AV45: =SUM(Q45:AU45) -> 12 | AW45: =IFERROR(AV45/$CF$2/(J45-K45),0) -> 0.92307692 | AX45: =KQ45 -> 11 | AY45: =KR45 -> 9 | AZ45: =KS45 -> 11 | BA45: =KT45 -> 0 | BB45: =KU45 -> 8 | BC45: =KV45 -> 11 | BD45: =KW45 -> 12 | BE45: =KX45 -> 11 | ... CB45: =LU45 -> 0 | CC45: =SUM(AX45:CB45) -> 117 | CD45: =IFERROR(CC45/$CF$2/(J45-K45),0) -> 9 | JJ45: Formula | JK45: =D45 -> LHR02-PHR-MIO-04 | JL45: 1 | JM45: 1 | JN45: 1 | JO45: 0 | JP45: 1 | JQ45: 1 | JR45: 1 | JS45: 1 | JT45: 1 | JU45: 1 | JV45: 0 | JW45: 1 | JX45: 1 | JY45: 1 | KQ45: 11 | KR45: 9 | KS45: 11 | KT45: 0 | KU45: 8 | KV45: 11 | KW45: 12 | KX45: 11 | KY45: 9 | KZ45: 11 | LA45: 0 | LB45: 13 | LC45: 11 | LD45: 0
A46: MIO Unmap | B46: Central | C46: Lahore-2 | D46: LHR02-PHR-MIO-00 | E46: 0411008 | F46: LHR02 - PHR UNMAPPED | G46: UN-DEFINED | H46: UN-DEFINED | I46: Lahore 2 | J46: 0 | K46: 0 | L46: =IFERROR(IF(OR(AD46>0),1,0),0) -> 0 | M46: =IFERROR(IF(OR(AV46>0),1,0),0) -> 0 | N46: =IFERROR(IF(OR(BK46>0),1,0),0) -> 0 | O46: =IFERROR(IF(OR(CC46>0),1,0),0) -> 0 | P46: =IFERROR(IF(OR(AV46>0,CC46>0),1,0),0) -> 0 | Q46: =JL46 -> 0 | R46: =JM46 -> 0 | S46: =JN46 -> 0 | T46: =JO46 -> 0 | U46: =JP46 -> 0 | V46: =JQ46 -> 0 | W46: =JR46 -> 0 | X46: =JS46 -> 0 | ... AU46: =KP46 -> 0 | AV46: =SUM(Q46:AU46) -> 0 | AW46: =IFERROR(AV46/$CF$2/(J46-K46),0) -> 0 | AX46: =KQ46 -> 0 | AY46: =KR46 -> 0 | AZ46: =KS46 -> 0 | BA46: =KT46 -> 0 | BB46: =KU46 -> 0 | BC46: =KV46 -> 0 | BD46: =KW46 -> 0 | BE46: =KX46 -> 0 | ... CB46: =LU46 -> 0 | CC46: =SUM(AX46:CB46) -> 0 | CD46: =IFERROR(CC46/$CF$2/(J46-K46),0) -> 0 | JJ46: Formula | JK46: =D46 -> LHR02-PHR-MIO-00 | JL46: 0 | JM46: 0 | JN46: 0 | JO46: 0 | JP46: 0 | JQ46: 0 | JR46: 0 | JS46: 0 | JT46: 0 | JU46: 0 | JV46: 0 | JW46: 0 | JX46: 0 | JY46: 0 | KQ46: 0 | KR46: 0 | KS46: 0 | KT46: 0 | KU46: 0 | KV46: 0 | KW46: 0 | KX46: 0 | KY46: 0 | KZ46: 0 | LA46: 0 | LB46: 0 | LC46: 0 | LD46: 0
A47: ASM | B47: Central | C47: Lahore-2 | D47: LHR02-PHR-ASM-01 | E47: 04110 | F47: M. KHURRAM NAZIR | G47: E-03009 | H47: 46066 | I47: Lahore 2 | J47: 5 | K47: =SUM(K41:K46) -> 1 | L47: =SUM(L41:L46) -> 3 | M47: =SUM(M41:M46) -> 4 | N47: =SUM(N41:N46) -> 1 | O47: =SUM(O41:O46) -> 4 | P47: =SUM(P41:P46) -> 4 | Q47: =SUM(Q41:Q46) -> 4 | R47: =SUM(R41:R46) -> 4 | ... AU47: =SUM(AU41:AU46) -> 0 | AV47: =SUM(Q47:AU47) -> 41 | AW47: =IFERROR(AV47/$CF$2/(J47-K47),0) -> 0.78846154 | AX47: =SUM(AX41:AX46) -> 32 | AY47: =SUM(AY41:AY46) -> 30 | AZ47: =SUM(AZ41:AZ46) -> 15 | BA47: =SUM(BA41:BA46) -> 0 | BB47: =SUM(BB41:BB46) -> 19 | BC47: =SUM(BC41:BC46) -> 42 | BD47: =SUM(BD41:BD46) -> 32 | BE47: =SUM(BE41:BE46) -> 20 | ... CB47: =SUM(CB41:CB46) -> 0 | CC47: =SUM(AX47:CB47) -> 309 | CD47: =IFERROR(CC47/$CF$2/(J47-K47),0) -> 5.9423077 | JJ47: Formula | JK47: =D47 -> LHR02-PHR-ASM-01 | JL47: 0 | JM47: 0 | JN47: 0 | JO47: 0 | JP47: 0 | JQ47: 0 | JR47: 0 | JS47: 0 | JT47: 0 | JU47: 0 | JV47: 0 | JW47: 0 | JX47: 0 | JY47: 0 | KQ47: 0 | KR47: 0 | KS47: 0 | KT47: 0 | KU47: 0 | KV47: 0 | KW47: 0 | KX47: 0 | KY47: 0 | KZ47: 0 | LA47: 0 | LB47: 0 | LC47: 0 | LD47: 0
A48: MIO | B48: Central | C48: Gujranwala-1 | D48: GUJ01-PHR-MIO-01 | E48: 0412001 | F48: VACANT (PHR-GUJ-01) | G48: P-01463 | H48: 41617 | I48: GJW/Eminabad/Kamoke/Wazirabad/Thana Bzr | J48: 1 | K48: 0 | L48: =IFERROR(IF(OR(AD48>0),1,0),0) -> 1 | M48: =IFERROR(IF(OR(AV48>0),1,0),0) -> 1 | N48: =IFERROR(IF(OR(BK48>0),1,0),0) -> 0 | O48: =IFERROR(IF(OR(CC48>0),1,0),0) -> 1 | P48: =IFERROR(IF(OR(AV48>0,CC48>0),1,0),0) -> 1 | Q48: =JL48 -> 1 | R48: =JM48 -> 1 | S48: =JN48 -> 1 | T48: =JO48 -> 0 | U48: =JP48 -> 1 | V48: =JQ48 -> 1 | W48: =JR48 -> 1 | X48: =JS48 -> 1 | ... AU48: =KP48 -> 0 | AV48: =SUM(Q48:AU48) -> 12 | AW48: =IFERROR(AV48/$CF$2/(J48-K48),0) -> 0.92307692 | AX48: =KQ48 -> 12 | AY48: =KR48 -> 11 | AZ48: =KS48 -> 0 | BA48: =KT48 -> 0 | BB48: =KU48 -> 0 | BC48: =KV48 -> 11 | BD48: =KW48 -> 0 | BE48: =KX48 -> 10 | ... CB48: =LU48 -> 0 | CC48: =SUM(AX48:CB48) -> 95 | CD48: =IFERROR(CC48/$CF$2/(J48-K48),0) -> 7.3076923 | JJ48: Formula | JK48: =D48 -> GUJ01-PHR-MIO-01 | JL48: 1 | JM48: 1 | JN48: 1 | JO48: 0 | JP48: 1 | JQ48: 1 | JR48: 1 | JS48: 1 | JT48: 1 | JU48: 1 | JV48: 0 | JW48: 1 | JX48: 1 | JY48: 1 | KQ48: 12 | KR48: 11 | KS48: 0 | KT48: 0 | KU48: 0 | KV48: 11 | KW48: 0 | KX48: 10 | KY48: 11 | KZ48: 13 | LA48: 0 | LB48: 16 | LC48: 11 | LD48: 0
A49: MIO | B49: Central | C49: Gujranwala-1 | D49: GUJ01-PHR-MIO-02 | E49: 0412007 | F49: TANZEELA MUQADAS (PHR-GUJ-02) | G49: E-01734 | H49: 45145 | I49: Gjw/Peop. Col/Hafizabad/ DHQ Rd | J49: 1 | K49: 0 | L49: =IFERROR(IF(OR(AD49>0),1,0),0) -> 0 | M49: =IFERROR(IF(OR(AV49>0),1,0),0) -> 1 | N49: =IFERROR(IF(OR(BK49>0),1,0),0) -> 0 | O49: =IFERROR(IF(OR(CC49>0),1,0),0) -> 1 | P49: =IFERROR(IF(OR(AV49>0,CC49>0),1,0),0) -> 1 | Q49: =JL49 -> 1 | R49: =JM49 -> 1 | S49: =JN49 -> 1 | T49: =JO49 -> 0 | U49: =JP49 -> 1 | V49: =JQ49 -> 1 | W49: =JR49 -> 1 | X49: =JS49 -> 1 | ... AU49: =KP49 -> 0 | AV49: =SUM(Q49:AU49) -> 11 | AW49: =IFERROR(AV49/$CF$2/(J49-K49),0) -> 0.84615385 | AX49: =KQ49 -> 8 | AY49: =KR49 -> 10 | AZ49: =KS49 -> 8 | BA49: =KT49 -> 0 | BB49: =KU49 -> 6 | BC49: =KV49 -> 12 | BD49: =KW49 -> 7 | BE49: =KX49 -> 9 | ... CB49: =LU49 -> 0 | CC49: =SUM(AX49:CB49) -> 101 | CD49: =IFERROR(CC49/$CF$2/(J49-K49),0) -> 7.7692308 | JJ49: Formula | JK49: =D49 -> GUJ01-PHR-MIO-02 | JL49: 1 | JM49: 1 | JN49: 1 | JO49: 0 | JP49: 1 | JQ49: 1 | JR49: 1 | JS49: 1 | JT49: 1 | JU49: 1 | JV49: 0 | JW49: 1 | JX49: 1 | JY49: 0 | KQ49: 8 | KR49: 10 | KS49: 8 | KT49: 0 | KU49: 6 | KV49: 12 | KW49: 7 | KX49: 9 | KY49: 8 | KZ49: 13 | LA49: 0 | LB49: 8 | LC49: 12 | LD49: 0
A50: MIO | B50: Central | C50: Gujranwala-1 | D50: GUJ01-PHR-MIO-03 | E50: 0412003 | F50: VACANT (PHR-GUJ-03) | G50: E-03123 | H50: 46106 | I50: Gujrat | J50: 1 | K50: 1 | L50: =IFERROR(IF(OR(AD50>0),1,0),0) -> 0 | M50: =IFERROR(IF(OR(AV50>0),1,0),0) -> 0 | N50: =IFERROR(IF(OR(BK50>0),1,0),0) -> 0 | O50: =IFERROR(IF(OR(CC50>0),1,0),0) -> 0 | P50: =IFERROR(IF(OR(AV50>0,CC50>0),1,0),0) -> 0 | Q50: =JL50 -> 0 | R50: =JM50 -> 0 | S50: =JN50 -> 0 | T50: =JO50 -> 0 | U50: =JP50 -> 0 | V50: =JQ50 -> 0 | W50: =JR50 -> 0 | X50: =JS50 -> 0 | ... AU50: =KP50 -> 0 | AV50: =SUM(Q50:AU50) -> 0 | AW50: =IFERROR(AV50/$CF$2/(J50-K50),0) -> 0 | AX50: =KQ50 -> 0 | AY50: =KR50 -> 0 | AZ50: =KS50 -> 0 | BA50: =KT50 -> 0 | BB50: =KU50 -> 0 | BC50: =KV50 -> 0 | BD50: =KW50 -> 0 | BE50: =KX50 -> 0 | ... CB50: =LU50 -> 0 | CC50: =SUM(AX50:CB50) -> 0 | CD50: =IFERROR(CC50/$CF$2/(J50-K50),0) -> 0 | JJ50: Formula | JK50: =D50 -> GUJ01-PHR-MIO-03 | JL50: 0 | JM50: 0 | JN50: 0 | JO50: 0 | JP50: 0 | JQ50: 0 | JR50: 0 | JS50: 0 | JT50: 0 | JU50: 0 | JV50: 0 | JW50: 0 | JX50: 0 | JY50: 0 | KQ50: 0 | KR50: 0 | KS50: 0 | KT50: 0 | KU50: 0 | KV50: 0 | KW50: 0 | KX50: 0 | KY50: 0 | KZ50: 0 | LA50: 0 | LB50: 0 | LC50: 0 | LD50: 0
A51: MIO | B51: Central | C51: Gujranwala-1 | D51: GUJ01-PHR-MIO-04 | E51: 0412002 | F51: MR. ABDUL BASIT ABRAR (PHR-GUJ-04) | G51: E-03126 | H51: 46109 | I51: Sialkot | J51: 1 | K51: 0 | L51: =IFERROR(IF(OR(AD51>0),1,0),0) -> 1 | M51: =IFERROR(IF(OR(AV51>0),1,0),0) -> 1 | N51: =IFERROR(IF(OR(BK51>0),1,0),0) -> 0 | O51: =IFERROR(IF(OR(CC51>0),1,0),0) -> 1 | P51: =IFERROR(IF(OR(AV51>0,CC51>0),1,0),0) -> 1 | Q51: =JL51 -> 1 | R51: =JM51 -> 1 | S51: =JN51 -> 1 | T51: =JO51 -> 0 | U51: =JP51 -> 1 | V51: =JQ51 -> 1 | W51: =JR51 -> 1 | X51: =JS51 -> 1 | ... AU51: =KP51 -> 0 | AV51: =SUM(Q51:AU51) -> 12 | AW51: =IFERROR(AV51/$CF$2/(J51-K51),0) -> 0.92307692 | AX51: =KQ51 -> 14 | AY51: =KR51 -> 14 | AZ51: =KS51 -> 11 | BA51: =KT51 -> 0 | BB51: =KU51 -> 14 | BC51: =KV51 -> 14 | BD51: =KW51 -> 14 | BE51: =KX51 -> 0 | ... CB51: =LU51 -> 0 | CC51: =SUM(AX51:CB51) -> 144 | CD51: =IFERROR(CC51/$CF$2/(J51-K51),0) -> 11.076923 | JJ51: Formula | JK51: =D51 -> GUJ01-PHR-MIO-04 | JL51: 1 | JM51: 1 | JN51: 1 | JO51: 0 | JP51: 1 | JQ51: 1 | JR51: 1 | JS51: 1 | JT51: 1 | JU51: 1 | JV51: 0 | JW51: 1 | JX51: 1 | JY51: 1 | KQ51: 14 | KR51: 14 | KS51: 11 | KT51: 0 | KU51: 14 | KV51: 14 | KW51: 14 | KX51: 0 | KY51: 14 | KZ51: 16 | LA51: 0 | LB51: 17 | LC51: 16 | LD51: 0
A52: MIO | B52: Central | C52: Gujranwala-1 | D52: GUJ01-PHR-MIO-05 | E52: 0412008 | F52: ABDUL KHALIL (PHR-GUJ-05) | G52: E-01416 | H52: 44746 | I52: Mandi Bahauddin | J52: 1 | K52: 0 | L52: =IFERROR(IF(OR(AD52>0),1,0),0) -> 1 | M52: =IFERROR(IF(OR(AV52>0),1,0),0) -> 1 | N52: =IFERROR(IF(OR(BK52>0),1,0),0) -> 1 | O52: =IFERROR(IF(OR(CC52>0),1,0),0) -> 1 | P52: =IFERROR(IF(OR(AV52>0,CC52>0),1,0),0) -> 1 | Q52: =JL52 -> 1 | R52: =JM52 -> 1 | S52: =JN52 -> 1 | T52: =JO52 -> 0 | U52: =JP52 -> 1 | V52: =JQ52 -> 1 | W52: =JR52 -> 1 | X52: =JS52 -> 1 | ... AU52: =KP52 -> 0 | AV52: =SUM(Q52:AU52) -> 12 | AW52: =IFERROR(AV52/$CF$2/(J52-K52),0) -> 0.92307692 | AX52: =KQ52 -> 14 | AY52: =KR52 -> 12 | AZ52: =KS52 -> 12 | BA52: =KT52 -> 0 | BB52: =KU52 -> 11 | BC52: =KV52 -> 12 | BD52: =KW52 -> 12 | BE52: =KX52 -> 13 | ... CB52: =LU52 -> 0 | CC52: =SUM(AX52:CB52) -> 146 | CD52: =IFERROR(CC52/$CF$2/(J52-K52),0) -> 11.230769 | JJ52: Formula | JK52: =D52 -> GUJ01-PHR-MIO-05 | JL52: 1 | JM52: 1 | JN52: 1 | JO52: 0 | JP52: 1 | JQ52: 1 | JR52: 1 | JS52: 1 | JT52: 1 | JU52: 1 | JV52: 0 | JW52: 1 | JX52: 1 | JY52: 1 | KQ52: 14 | KR52: 12 | KS52: 12 | KT52: 0 | KU52: 11 | KV52: 12 | KW52: 12 | KX52: 13 | KY52: 12 | KZ52: 12 | LA52: 0 | LB52: 13 | LC52: 15 | LD52: 8
A53: MIO Unmap | B53: Central | C53: Gujranwala-1 | D53: GUJ01-PHR-MIO-00 | E53: 0412006 | F53: GUJ01 - PHR UNMAPPED | G53: UN-DEFINED | H53: UN-DEFINED | I53: Gujranwala | J53: 0 | K53: 0 | L53: =IFERROR(IF(OR(AD53>0),1,0),0) -> 0 | M53: =IFERROR(IF(OR(AV53>0),1,0),0) -> 0 | N53: =IFERROR(IF(OR(BK53>0),1,0),0) -> 0 | O53: =IFERROR(IF(OR(CC53>0),1,0),0) -> 0 | P53: =IFERROR(IF(OR(AV53>0,CC53>0),1,0),0) -> 0 | Q53: =JL53 -> 0 | R53: =JM53 -> 0 | S53: =JN53 -> 0 | T53: =JO53 -> 0 | U53: =JP53 -> 0 | V53: =JQ53 -> 0 | W53: =JR53 -> 0 | X53: =JS53 -> 0 | ... AU53: =KP53 -> 0 | AV53: =SUM(Q53:AU53) -> 0 | AW53: =IFERROR(AV53/$CF$2/(J53-K53),0) -> 0 | AX53: =KQ53 -> 0 | AY53: =KR53 -> 0 | AZ53: =KS53 -> 0 | BA53: =KT53 -> 0 | BB53: =KU53 -> 0 | BC53: =KV53 -> 0 | BD53: =KW53 -> 0 | BE53: =KX53 -> 0 | ... CB53: =LU53 -> 0 | CC53: =SUM(AX53:CB53) -> 0 | CD53: =IFERROR(CC53/$CF$2/(J53-K53),0) -> 0 | JJ53: Formula | JK53: =D53 -> GUJ01-PHR-MIO-00 | JL53: 0 | JM53: 0 | JN53: 0 | JO53: 0 | JP53: 0 | JQ53: 0 | JR53: 0 | JS53: 0 | JT53: 0 | JU53: 0 | JV53: 0 | JW53: 0 | JX53: 0 | JY53: 0 | KQ53: 0 | KR53: 0 | KS53: 0 | KT53: 0 | KU53: 0 | KV53: 0 | KW53: 0 | KX53: 0 | KY53: 0 | KZ53: 0 | LA53: 0 | LB53: 0 | LC53: 0 | LD53: 0
A54: ASM | B54: Central | C54: Gujranwala-1 | D54: GUJ01-PHR-ASM-01 | E54: 04120 | F54: UMAR SHARIF | G54: E-02654 | H54: 46020 | I54: Gujranwala | J54: 5 | K54: =SUM(K48:K53) -> 1 | L54: =SUM(L48:L53) -> 3 | M54: =SUM(M48:M53) -> 4 | N54: =SUM(N48:N53) -> 1 | O54: =SUM(O48:O53) -> 4 | P54: =SUM(P48:P53) -> 4 | Q54: =SUM(Q48:Q53) -> 4 | R54: =SUM(R48:R53) -> 4 | ... AU54: =SUM(AU48:AU53) -> 0 | AV54: =SUM(Q54:AU54) -> 47 | AW54: =IFERROR(AV54/$CF$2/(J54-K54),0) -> 0.90384615 | AX54: =SUM(AX48:AX53) -> 48 | AY54: =SUM(AY48:AY53) -> 47 | AZ54: =SUM(AZ48:AZ53) -> 31 | BA54: =SUM(BA48:BA53) -> 0 | BB54: =SUM(BB48:BB53) -> 31 | BC54: =SUM(BC48:BC53) -> 49 | BD54: =SUM(BD48:BD53) -> 33 | BE54: =SUM(BE48:BE53) -> 32 | ... CB54: =SUM(CB48:CB53) -> 0 | CC54: =SUM(AX54:CB54) -> 486 | CD54: =IFERROR(CC54/$CF$2/(J54-K54),0) -> 9.3461538 | JJ54: Formula | JK54: =D54 -> GUJ01-PHR-ASM-01 | JL54: 0 | JM54: 0 | JN54: 0 | JO54: 0 | JP54: 0 | JQ54: 0 | JR54: 0 | JS54: 0 | JT54: 0 | JU54: 0 | JV54: 0 | JW54: 0 | JX54: 0 | JY54: 0 | KQ54: 0 | KR54: 0 | KS54: 0 | KT54: 0 | KU54: 0 | KV54: 0 | KW54: 0 | KX54: 0 | KY54: 0 | KZ54: 0 | LA54: 0 | LB54: 0 | LC54: 0 | LD54: 0
A55: MIO | B55: Central | C55: Bahawalpur | D55: BWP01-PHR-MIO-01 | E55: 033001 | F55: M. FAHAD AKHTAR (PHR-BWP-01) | G55: E-02386 | H55: 45482 | I55: BWP/Bwp/Ahmarpur/Yazman/Model.T/UCH S | J55: 1 | K55: 0 | L55: =IFERROR(IF(OR(AD55>0),1,0),0) -> 1 | M55: =IFERROR(IF(OR(AV55>0),1,0),0) -> 1 | N55: =IFERROR(IF(OR(BK55>0),1,0),0) -> 1 | O55: =IFERROR(IF(OR(CC55>0),1,0),0) -> 1 | P55: =IFERROR(IF(OR(AV55>0,CC55>0),1,0),0) -> 1 | Q55: =JL55 -> 1 | R55: =JM55 -> 1 | S55: =JN55 -> 1 | T55: =JO55 -> 0 | U55: =JP55 -> 1 | V55: =JQ55 -> 1 | W55: =JR55 -> 1 | X55: =JS55 -> 1 | ... AU55: =KP55 -> 0 | AV55: =SUM(Q55:AU55) -> 12 | AW55: =IFERROR(AV55/$CF$2/(J55-K55),0) -> 0.92307692 | AX55: =KQ55 -> 12 | AY55: =KR55 -> 14 | AZ55: =KS55 -> 13 | BA55: =KT55 -> 0 | BB55: =KU55 -> 13 | BC55: =KV55 -> 12 | BD55: =KW55 -> 12 | BE55: =KX55 -> 13 | ... CB55: =LU55 -> 0 | CC55: =SUM(AX55:CB55) -> 139 | CD55: =IFERROR(CC55/$CF$2/(J55-K55),0) -> 10.692308 | JJ55: Formula | JK55: =D55 -> BWP01-PHR-MIO-01 | JL55: 1 | JM55: 1 | JN55: 1 | JO55: 0 | JP55: 1 | JQ55: 1 | JR55: 1 | JS55: 1 | JT55: 1 | JU55: 1 | JV55: 0 | JW55: 1 | JX55: 1 | JY55: 1 | KQ55: 12 | KR55: 14 | KS55: 13 | KT55: 0 | KU55: 13 | KV55: 12 | KW55: 12 | KX55: 13 | KY55: 14 | KZ55: 11 | LA55: 0 | LB55: 12 | LC55: 12 | LD55: 1
A56: MIO | B56: Central | C56: Bahawalpur | D56: BWP01-PHR-MIO-03 | E56: 033003 | F56: MR. FAISAL SHAHZAD (PHR-BWP-03) | G56: E-00674 | H56: 43701 | I56: Rahim Yar Khan | J56: 1 | K56: 0 | L56: =IFERROR(IF(OR(AD56>0),1,0),0) -> 1 | M56: =IFERROR(IF(OR(AV56>0),1,0),0) -> 1 | N56: =IFERROR(IF(OR(BK56>0),1,0),0) -> 1 | O56: =IFERROR(IF(OR(CC56>0),1,0),0) -> 1 | P56: =IFERROR(IF(OR(AV56>0,CC56>0),1,0),0) -> 1 | Q56: =JL56 -> 1 | R56: =JM56 -> 1 | S56: =JN56 -> 1 | T56: =JO56 -> 0 | U56: =JP56 -> 1 | V56: =JQ56 -> 1 | W56: =JR56 -> 1 | X56: =JS56 -> 1 | ... AU56: =KP56 -> 0 | AV56: =SUM(Q56:AU56) -> 12 | AW56: =IFERROR(AV56/$CF$2/(J56-K56),0) -> 0.92307692 | AX56: =KQ56 -> 12 | AY56: =KR56 -> 12 | AZ56: =KS56 -> 12 | BA56: =KT56 -> 0 | BB56: =KU56 -> 12 | BC56: =KV56 -> 12 | BD56: =KW56 -> 12 | BE56: =KX56 -> 12 | ... CB56: =LU56 -> 0 | CC56: =SUM(AX56:CB56) -> 134 | CD56: =IFERROR(CC56/$CF$2/(J56-K56),0) -> 10.307692 | JJ56: Formula | JK56: =D56 -> BWP01-PHR-MIO-03 | JL56: 1 | JM56: 1 | JN56: 1 | JO56: 0 | JP56: 1 | JQ56: 1 | JR56: 1 | JS56: 1 | JT56: 1 | JU56: 1 | JV56: 0 | JW56: 1 | JX56: 1 | JY56: 1 | KQ56: 12 | KR56: 12 | KS56: 12 | KT56: 0 | KU56: 12 | KV56: 12 | KW56: 12 | KX56: 12 | KY56: 12 | KZ56: 12 | LA56: 0 | LB56: 12 | LC56: 12 | LD56: 2
A57: MIO | B57: Central | C57: Bahawalpur | D57: BWP01-PHR-MIO-02 | E57: 033004 | F57: MR. IMRAN ASGHAR (PHR-BWP-02) | G57: E-02632 | H57: 45967 | I57: Bahawalnagar | J57: 1 | K57: 0 | L57: =IFERROR(IF(OR(AD57>0),1,0),0) -> 1 | M57: =IFERROR(IF(OR(AV57>0),1,0),0) -> 1 | N57: =IFERROR(IF(OR(BK57>0),1,0),0) -> 0 | O57: =IFERROR(IF(OR(CC57>0),1,0),0) -> 1 | P57: =IFERROR(IF(OR(AV57>0,CC57>0),1,0),0) -> 1 | Q57: =JL57 -> 1 | R57: =JM57 -> 1 | S57: =JN57 -> 1 | T57: =JO57 -> 0 | U57: =JP57 -> 1 | V57: =JQ57 -> 1 | W57: =JR57 -> 1 | X57: =JS57 -> 1 | ... AU57: =KP57 -> 0 | AV57: =SUM(Q57:AU57) -> 12 | AW57: =IFERROR(AV57/$CF$2/(J57-K57),0) -> 0.92307692 | AX57: =KQ57 -> 14 | AY57: =KR57 -> 12 | AZ57: =KS57 -> 13 | BA57: =KT57 -> 0 | BB57: =KU57 -> 13 | BC57: =KV57 -> 12 | BD57: =KW57 -> 12 | BE57: =KX57 -> 12 | ... CB57: =LU57 -> 0 | CC57: =SUM(AX57:CB57) -> 136 | CD57: =IFERROR(CC57/$CF$2/(J57-K57),0) -> 10.461538 | JJ57: Formula | JK57: =D57 -> BWP01-PHR-MIO-02 | JL57: 1 | JM57: 1 | JN57: 1 | JO57: 0 | JP57: 1 | JQ57: 1 | JR57: 1 | JS57: 1 | JT57: 1 | JU57: 1 | JV57: 0 | JW57: 1 | JX57: 1 | JY57: 1 | KQ57: 14 | KR57: 12 | KS57: 13 | KT57: 0 | KU57: 13 | KV57: 12 | KW57: 12 | KX57: 12 | KY57: 12 | KZ57: 12 | LA57: 0 | LB57: 12 | LC57: 12 | LD57: 0
A58: MIO | B58: Central | C58: Bahawalpur | D58: BWP01-PHR-PS-01 | E58: 033006 | F58: M SABIR (PS-BWP-01) | G58: E-01815 | H58: 45302 | I58: Bahawalpur | J58: 1 | K58: 0 | L58: =IFERROR(IF(OR(AD58>0),1,0),0) -> 1 | M58: =IFERROR(IF(OR(AV58>0),1,0),0) -> 1 | N58: =IFERROR(IF(OR(BK58>0),1,0),0) -> 1 | O58: =IFERROR(IF(OR(CC58>0),1,0),0) -> 1 | P58: =IFERROR(IF(OR(AV58>0,CC58>0),1,0),0) -> 1 | Q58: =JL58 -> 1 | R58: =JM58 -> 1 | S58: =JN58 -> 1 | T58: =JO58 -> 0 | U58: =JP58 -> 1 | V58: =JQ58 -> 1 | W58: =JR58 -> 1 | X58: =JS58 -> 1 | ... AU58: =KP58 -> 0 | AV58: =SUM(Q58:AU58) -> 12 | AW58: =IFERROR(AV58/$CF$2/(J58-K58),0) -> 0.92307692 | AX58: =KQ58 -> 12 | AY58: =KR58 -> 14 | AZ58: =KS58 -> 15 | BA58: =KT58 -> 0 | BB58: =KU58 -> 12 | BC58: =KV58 -> 17 | BD58: =KW58 -> 16 | BE58: =KX58 -> 17 | ... CB58: =LU58 -> 0 | CC58: =SUM(AX58:CB58) -> 162 | CD58: =IFERROR(CC58/$CF$2/(J58-K58),0) -> 12.461538 | JJ58: Formula | JK58: =D58 -> BWP01-PHR-PS-01 | JL58: 1 | JM58: 1 | JN58: 1 | JO58: 0 | JP58: 1 | JQ58: 1 | JR58: 1 | JS58: 1 | JT58: 1 | JU58: 1 | JV58: 0 | JW58: 1 | JX58: 1 | JY58: 1 | KQ58: 12 | KR58: 14 | KS58: 15 | KT58: 0 | KU58: 12 | KV58: 17 | KW58: 16 | KX58: 17 | KY58: 14 | KZ58: 15 | LA58: 0 | LB58: 12 | LC58: 16 | LD58: 2
A59: MIO | B59: Central | C59: Bahawalpur | D59: BWP01-PHR-MIO-04 | E59: 033002 | F59: MR. KASHIF SUMAIR (PHR-BWP-04) | G59: E-02634 | H59: 45968 | I59: Bahawalpur | J59: 1 | K59: 0 | L59: =IFERROR(IF(OR(AD59>0),1,0),0) -> 1 | M59: =IFERROR(IF(OR(AV59>0),1,0),0) -> 1 | N59: =IFERROR(IF(OR(BK59>0),1,0),0) -> 0 | O59: =IFERROR(IF(OR(CC59>0),1,0),0) -> 1 | P59: =IFERROR(IF(OR(AV59>0,CC59>0),1,0),0) -> 1 | Q59: =JL59 -> 1 | R59: =JM59 -> 1 | S59: =JN59 -> 1 | T59: =JO59 -> 0 | U59: =JP59 -> 1 | V59: =JQ59 -> 1 | W59: =JR59 -> 1 | X59: =JS59 -> 1 | ... AU59: =KP59 -> 0 | AV59: =SUM(Q59:AU59) -> 12 | AW59: =IFERROR(AV59/$CF$2/(J59-K59),0) -> 0.92307692 | AX59: =KQ59 -> 14 | AY59: =KR59 -> 14 | AZ59: =KS59 -> 12 | BA59: =KT59 -> 0 | BB59: =KU59 -> 12 | BC59: =KV59 -> 13 | BD59: =KW59 -> 13 | BE59: =KX59 -> 14 | ... CB59: =LU59 -> 0 | CC59: =SUM(AX59:CB59) -> 140 | CD59: =IFERROR(CC59/$CF$2/(J59-K59),0) -> 10.769231 | JJ59: Formula | JK59: =D59 -> BWP01-PHR-MIO-04 | JL59: 1 | JM59: 1 | JN59: 1 | JO59: 0 | JP59: 1 | JQ59: 1 | JR59: 1 | JS59: 1 | JT59: 1 | JU59: 1 | JV59: 0 | JW59: 1 | JX59: 1 | JY59: 1 | KQ59: 14 | KR59: 14 | KS59: 12 | KT59: 0 | KU59: 12 | KV59: 13 | KW59: 13 | KX59: 14 | KY59: 14 | KZ59: 8 | LA59: 0 | LB59: 13 | LC59: 13 | LD59: 0
A60: MIO Unmap | B60: Central | C60: Bahawalpur | D60: BWP01-PHR-MIO-00 | E60: 033005 | F60: BWP01 - PHR UNMAPPED | G60: UN-DEFINED | H60: UN-DEFINED | I60: Bahawalpur | J60: 0 | K60: 0 | L60: =IFERROR(IF(OR(AD60>0),1,0),0) -> 0 | M60: =IFERROR(IF(OR(AV60>0),1,0),0) -> 0 | N60: =IFERROR(IF(OR(BK60>0),1,0),0) -> 0 | O60: =IFERROR(IF(OR(CC60>0),1,0),0) -> 0 | P60: =IFERROR(IF(OR(AV60>0,CC60>0),1,0),0) -> 0 | Q60: =JL60 -> 0 | R60: =JM60 -> 0 | S60: =JN60 -> 0 | T60: =JO60 -> 0 | U60: =JP60 -> 0 | V60: =JQ60 -> 0 | W60: =JR60 -> 0 | X60: =JS60 -> 0 | ... AU60: =KP60 -> 0 | AV60: =SUM(Q60:AU60) -> 0 | AW60: =IFERROR(AV60/$CF$2/(J60-K60),0) -> 0 | AX60: =KQ60 -> 0 | AY60: =KR60 -> 0 | AZ60: =KS60 -> 0 | BA60: =KT60 -> 0 | BB60: =KU60 -> 0 | BC60: =KV60 -> 0 | BD60: =KW60 -> 0 | BE60: =KX60 -> 0 | ... CB60: =LU60 -> 0 | CC60: =SUM(AX60:CB60) -> 0 | CD60: =IFERROR(CC60/$CF$2/(J60-K60),0) -> 0 | JJ60: Formula | JK60: =D60 -> BWP01-PHR-MIO-00 | JL60: 0 | JM60: 0 | JN60: 0 | JO60: 0 | JP60: 0 | JQ60: 0 | JR60: 0 | JS60: 0 | JT60: 0 | JU60: 0 | JV60: 0 | JW60: 0 | JX60: 0 | JY60: 0 | KQ60: 0 | KR60: 0 | KS60: 0 | KT60: 0 | KU60: 0 | KV60: 0 | KW60: 0 | KX60: 0 | KY60: 0 | KZ60: 0 | LA60: 0 | LB60: 0 | LC60: 0 | LD60: 0
A61: ASM | B61: Central | C61: Bahawalpur | D61: BWP01-PHR-ASM-01 | E61: 03300 | F61: WAJIH UL MALIK | G61: E-01762 | H61: 45201 | I61: Bahawalpur | J61: 5 | K61: =SUM(K55:K60) -> 0 | L61: =SUM(L55:L60) -> 5 | M61: =SUM(M55:M60) -> 5 | N61: =SUM(N55:N60) -> 3 | O61: =SUM(O55:O60) -> 5 | P61: =SUM(P55:P60) -> 5 | Q61: =SUM(Q55:Q60) -> 5 | R61: =SUM(R55:R60) -> 5 | ... AU61: =SUM(AU55:AU60) -> 0 | AV61: =SUM(Q61:AU61) -> 60 | AW61: =IFERROR(AV61/$CF$2/(J61-K61),0) -> 0.92307692 | AX61: =SUM(AX55:AX60) -> 64 | AY61: =SUM(AY55:AY60) -> 66 | AZ61: =SUM(AZ55:AZ60) -> 65 | BA61: =SUM(BA55:BA60) -> 0 | BB61: =SUM(BB55:BB60) -> 62 | BC61: =SUM(BC55:BC60) -> 66 | BD61: =SUM(BD55:BD60) -> 65 | BE61: =SUM(BE55:BE60) -> 68 | ... CB61: =SUM(CB55:CB60) -> 0 | CC61: =SUM(AX61:CB61) -> 711 | CD61: =IFERROR(CC61/$CF$2/(J61-K61),0) -> 10.938462 | JJ61: Formula | JK61: =D61 -> BWP01-PHR-ASM-01 | JL61: 0 | JM61: 0 | JN61: 0 | JO61: 0 | JP61: 0 | JQ61: 0 | JR61: 0 | JS61: 0 | JT61: 0 | JU61: 0 | JV61: 0 | JW61: 0 | JX61: 0 | JY61: 0 | KQ61: 0 | KR61: 0 | KS61: 0 | KT61: 0 | KU61: 0 | KV61: 0 | KW61: 0 | KX61: 0 | KY61: 0 | KZ61: 0 | LA61: 0 | LB61: 0 | LC61: 0 | LD61: 0
A62: MIO | B62: Central | C62: Multan | D62: MUX01-PHR-MIO-01 | E62: 0410008 | F62: TANZEEL UR REHMAN (PHR-MUX-01) | G62: E-01417 | H62: 44746 | I62: MUX/Nishter Rd/Khanewal Rd/Burewala/Shujabad | J62: 1 | K62: 0 | L62: =IFERROR(IF(OR(AD62>0),1,0),0) -> 1 | M62: =IFERROR(IF(OR(AV62>0),1,0),0) -> 1 | N62: =IFERROR(IF(OR(BK62>0),1,0),0) -> 0 | O62: =IFERROR(IF(OR(CC62>0),1,0),0) -> 1 | P62: =IFERROR(IF(OR(AV62>0,CC62>0),1,0),0) -> 1 | Q62: =JL62 -> 1 | R62: =JM62 -> 1 | S62: =JN62 -> 1 | T62: =JO62 -> 0 | U62: =JP62 -> 1 | V62: =JQ62 -> 1 | W62: =JR62 -> 1 | X62: =JS62 -> 1 | ... AU62: =KP62 -> 0 | AV62: =SUM(Q62:AU62) -> 12 | AW62: =IFERROR(AV62/$CF$2/(J62-K62),0) -> 0.92307692 | AX62: =KQ62 -> 11 | AY62: =KR62 -> 13 | AZ62: =KS62 -> 10 | BA62: =KT62 -> 0 | BB62: =KU62 -> 11 | BC62: =KV62 -> 11 | BD62: =KW62 -> 11 | BE62: =KX62 -> 10 | ... CB62: =LU62 -> 0 | CC62: =SUM(AX62:CB62) -> 129 | CD62: =IFERROR(CC62/$CF$2/(J62-K62),0) -> 9.9230769 | JJ62: Formula | JK62: =D62 -> MUX01-PHR-MIO-01 | JL62: 1 | JM62: 1 | JN62: 1 | JO62: 0 | JP62: 1 | JQ62: 1 | JR62: 1 | JS62: 1 | JT62: 1 | JU62: 1 | JV62: 0 | JW62: 1 | JX62: 1 | JY62: 1 | KQ62: 11 | KR62: 13 | KS62: 10 | KT62: 0 | KU62: 11 | KV62: 11 | KW62: 11 | KX62: 10 | KY62: 11 | KZ62: 14 | LA62: 0 | LB62: 12 | LC62: 15 | LD62: 0
A63: MIO | B63: Central | C63: Multan | D63: MUX01-PHR-MIO-03 | E63: 0410001 | F63: MR. ARIF HUSSAIN (PHR-MUX-03) | G63: P-01603 | H63: 42133 | I63: LAYYAH | J63: 1 | K63: 0 | L63: =IFERROR(IF(OR(AD63>0),1,0),0) -> 1 | M63: =IFERROR(IF(OR(AV63>0),1,0),0) -> 1 | N63: =IFERROR(IF(OR(BK63>0),1,0),0) -> 0 | O63: =IFERROR(IF(OR(CC63>0),1,0),0) -> 1 | P63: =IFERROR(IF(OR(AV63>0,CC63>0),1,0),0) -> 1 | Q63: =JL63 -> 1 | R63: =JM63 -> 1 | S63: =JN63 -> 1 | T63: =JO63 -> 0 | U63: =JP63 -> 1 | V63: =JQ63 -> 1 | W63: =JR63 -> 1 | X63: =JS63 -> 1 | ... AU63: =KP63 -> 0 | AV63: =SUM(Q63:AU63) -> 12 | AW63: =IFERROR(AV63/$CF$2/(J63-K63),0) -> 0.92307692 | AX63: =KQ63 -> 11 | AY63: =KR63 -> 10 | AZ63: =KS63 -> 11 | BA63: =KT63 -> 0 | BB63: =KU63 -> 11 | BC63: =KV63 -> 11 | BD63: =KW63 -> 10 | BE63: =KX63 -> 9 | ... CB63: =LU63 -> 0 | CC63: =SUM(AX63:CB63) -> 121 | CD63: =IFERROR(CC63/$CF$2/(J63-K63),0) -> 9.3076923 | JJ63: Formula | JK63: =D63 -> MUX01-PHR-MIO-03 | JL63: 1 | JM63: 1 | JN63: 1 | JO63: 0 | JP63: 1 | JQ63: 1 | JR63: 1 | JS63: 1 | JT63: 1 | JU63: 1 | JV63: 0 | JW63: 1 | JX63: 1 | JY63: 1 | KQ63: 11 | KR63: 10 | KS63: 11 | KT63: 0 | KU63: 11 | KV63: 11 | KW63: 10 | KX63: 9 | KY63: 10 | KZ63: 15 | LA63: 0 | LB63: 11 | LC63: 12 | LD63: 0
A64: MIO | B64: Central | C64: Multan | D64: MUX01-PHR-MIO-04 | E64: 0410006 | F64: M. HASSAN MIRZA (PHR-MUX-04) | G64: E-02599 | H64: 45854 | I64: D.G.K | J64: 1 | K64: 0 | L64: =IFERROR(IF(OR(AD64>0),1,0),0) -> 1 | M64: =IFERROR(IF(OR(AV64>0),1,0),0) -> 1 | N64: =IFERROR(IF(OR(BK64>0),1,0),0) -> 0 | O64: =IFERROR(IF(OR(CC64>0),1,0),0) -> 1 | P64: =IFERROR(IF(OR(AV64>0,CC64>0),1,0),0) -> 1 | Q64: =JL64 -> 1 | R64: =JM64 -> 1 | S64: =JN64 -> 1 | T64: =JO64 -> 0 | U64: =JP64 -> 1 | V64: =JQ64 -> 1 | W64: =JR64 -> 1 | X64: =JS64 -> 1 | ... AU64: =KP64 -> 0 | AV64: =SUM(Q64:AU64) -> 12 | AW64: =IFERROR(AV64/$CF$2/(J64-K64),0) -> 0.92307692 | AX64: =KQ64 -> 8 | AY64: =KR64 -> 7 | AZ64: =KS64 -> 10 | BA64: =KT64 -> 0 | BB64: =KU64 -> 10 | BC64: =KV64 -> 8 | BD64: =KW64 -> 9 | BE64: =KX64 -> 8 | ... CB64: =LU64 -> 0 | CC64: =SUM(AX64:CB64) -> 91 | CD64: =IFERROR(CC64/$CF$2/(J64-K64),0) -> 7 | JJ64: Formula | JK64: =D64 -> MUX01-PHR-MIO-04 | JL64: 1 | JM64: 1 | JN64: 1 | JO64: 0 | JP64: 1 | JQ64: 1 | JR64: 1 | JS64: 1 | JT64: 1 | JU64: 1 | JV64: 0 | JW64: 1 | JX64: 1 | JY64: 1 | KQ64: 8 | KR64: 7 | KS64: 10 | KT64: 0 | KU64: 10 | KV64: 8 | KW64: 9 | KX64: 8 | KY64: 8 | KZ64: 0 | LA64: 0 | LB64: 12 | LC64: 11 | LD64: 0
A65: MIO | B65: Central | C65: Multan | D65: MUX01-PHR-MIO-02 | E65: 0410003 | F65: MR. ZAIN UL ABEDIN (PHR-MUX-02) | G65: E-02464 | H65: 45632 | I65: MUX/Burewala/Khanewal/Vehari | J65: 1 | K65: 0 | L65: =IFERROR(IF(OR(AD65>0),1,0),0) -> 1 | M65: =IFERROR(IF(OR(AV65>0),1,0),0) -> 1 | N65: =IFERROR(IF(OR(BK65>0),1,0),0) -> 1 | O65: =IFERROR(IF(OR(CC65>0),1,0),0) -> 1 | P65: =IFERROR(IF(OR(AV65>0,CC65>0),1,0),0) -> 1 | Q65: =JL65 -> 0 | R65: =JM65 -> 1 | S65: =JN65 -> 1 | T65: =JO65 -> 0 | U65: =JP65 -> 1 | V65: =JQ65 -> 1 | W65: =JR65 -> 1 | X65: =JS65 -> 1 | ... AU65: =KP65 -> 0 | AV65: =SUM(Q65:AU65) -> 11 | AW65: =IFERROR(AV65/$CF$2/(J65-K65),0) -> 0.84615385 | AX65: =KQ65 -> 12 | AY65: =KR65 -> 10 | AZ65: =KS65 -> 7 | BA65: =KT65 -> 0 | BB65: =KU65 -> 12 | BC65: =KV65 -> 11 | BD65: =KW65 -> 11 | BE65: =KX65 -> 8 | ... CB65: =LU65 -> 0 | CC65: =SUM(AX65:CB65) -> 122 | CD65: =IFERROR(CC65/$CF$2/(J65-K65),0) -> 9.3846154 | JJ65: Formula | JK65: =D65 -> MUX01-PHR-MIO-02 | JL65: 0 | JM65: 1 | JN65: 1 | JO65: 0 | JP65: 1 | JQ65: 1 | JR65: 1 | JS65: 1 | JT65: 1 | JU65: 1 | JV65: 0 | JW65: 1 | JX65: 1 | JY65: 1 | KQ65: 12 | KR65: 10 | KS65: 7 | KT65: 0 | KU65: 12 | KV65: 11 | KW65: 11 | KX65: 8 | KY65: 11 | KZ65: 15 | LA65: 0 | LB65: 13 | LC65: 11 | LD65: 1
A66: MIO | B66: Central | C66: Multan | D66: MUX01-PHR-PS-01 | E66: 0410004 | F66: HAROON RASHEED (PS-MUX-01) | G66: E-02291 | H66: 45387 | I66: MUX/Gulgasht Col/Muzf.G/Jatoi/Ali Pur | J66: 1 | K66: 0 | L66: =IFERROR(IF(OR(AD66>0),1,0),0) -> 1 | M66: =IFERROR(IF(OR(AV66>0),1,0),0) -> 1 | N66: =IFERROR(IF(OR(BK66>0),1,0),0) -> 0 | O66: =IFERROR(IF(OR(CC66>0),1,0),0) -> 1 | P66: =IFERROR(IF(OR(AV66>0,CC66>0),1,0),0) -> 1 | Q66: =JL66 -> 1 | R66: =JM66 -> 1 | S66: =JN66 -> 1 | T66: =JO66 -> 0 | U66: =JP66 -> 1 | V66: =JQ66 -> 1 | W66: =JR66 -> 1 | X66: =JS66 -> 1 | ... AU66: =KP66 -> 0 | AV66: =SUM(Q66:AU66) -> 12 | AW66: =IFERROR(AV66/$CF$2/(J66-K66),0) -> 0.92307692 | AX66: =KQ66 -> 13 | AY66: =KR66 -> 8 | AZ66: =KS66 -> 5 | BA66: =KT66 -> 0 | BB66: =KU66 -> 10 | BC66: =KV66 -> 10 | BD66: =KW66 -> 11 | BE66: =KX66 -> 11 | ... CB66: =LU66 -> 0 | CC66: =SUM(AX66:CB66) -> 95 | CD66: =IFERROR(CC66/$CF$2/(J66-K66),0) -> 7.3076923 | JJ66: Formula | JK66: =D66 -> MUX01-PHR-PS-01 | JL66: 1 | JM66: 1 | JN66: 1 | JO66: 0 | JP66: 1 | JQ66: 1 | JR66: 1 | JS66: 1 | JT66: 1 | JU66: 1 | JV66: 0 | JW66: 1 | JX66: 1 | JY66: 1 | KQ66: 13 | KR66: 8 | KS66: 5 | KT66: 0 | KU66: 10 | KV66: 10 | KW66: 11 | KX66: 11 | KY66: 5 | KZ66: 11 | LA66: 0 | LB66: 11 | LC66: 0 | LD66: 0
A67: MIO Unmap | B67: Central | C67: Multan | D67: MUX01-PHR-MIO-00 | E67: 0410007 | F67: MUX01 - PHR UNMAPPED | G67: UN-DEFINED | H67: UN-DEFINED | I67: Multan | J67: 0 | K67: 0 | L67: =IFERROR(IF(OR(AD67>0),1,0),0) -> 0 | M67: =IFERROR(IF(OR(AV67>0),1,0),0) -> 0 | N67: =IFERROR(IF(OR(BK67>0),1,0),0) -> 0 | O67: =IFERROR(IF(OR(CC67>0),1,0),0) -> 0 | P67: =IFERROR(IF(OR(AV67>0,CC67>0),1,0),0) -> 0 | Q67: =JL67 -> 0 | R67: =JM67 -> 0 | S67: =JN67 -> 0 | T67: =JO67 -> 0 | U67: =JP67 -> 0 | V67: =JQ67 -> 0 | W67: =JR67 -> 0 | X67: =JS67 -> 0 | ... AU67: =KP67 -> 0 | AV67: =SUM(Q67:AU67) -> 0 | AW67: =IFERROR(AV67/$CF$2/(J67-K67),0) -> 0 | AX67: =KQ67 -> 0 | AY67: =KR67 -> 0 | AZ67: =KS67 -> 0 | BA67: =KT67 -> 0 | BB67: =KU67 -> 0 | BC67: =KV67 -> 0 | BD67: =KW67 -> 0 | BE67: =KX67 -> 0 | ... CB67: =LU67 -> 0 | CC67: =SUM(AX67:CB67) -> 0 | CD67: =IFERROR(CC67/$CF$2/(J67-K67),0) -> 0 | JJ67: Formula | JK67: =D67 -> MUX01-PHR-MIO-00 | JL67: 0 | JM67: 0 | JN67: 0 | JO67: 0 | JP67: 0 | JQ67: 0 | JR67: 0 | JS67: 0 | JT67: 0 | JU67: 0 | JV67: 0 | JW67: 0 | JX67: 0 | JY67: 0 | KQ67: 0 | KR67: 0 | KS67: 0 | KT67: 0 | KU67: 0 | KV67: 0 | KW67: 0 | KX67: 0 | KY67: 0 | KZ67: 0 | LA67: 0 | LB67: 0 | LC67: 0 | LD67: 0
A68: ASM | B68: Central | C68: Multan | D68: MUX01-PHR-ASM-01 | E68: 04100 | F68: M. SAJID | G68: E-02607 | H68: 45896 | I68: Multan | J68: 5 | K68: =SUM(K62:K67) -> 0 | L68: =SUM(L62:L67) -> 5 | M68: =SUM(M62:M67) -> 5 | N68: =SUM(N62:N67) -> 1 | O68: =SUM(O62:O67) -> 5 | P68: =SUM(P62:P67) -> 5 | Q68: =SUM(Q62:Q67) -> 4 | R68: =SUM(R62:R67) -> 5 | ... AU68: =SUM(AU62:AU67) -> 0 | AV68: =SUM(Q68:AU68) -> 59 | AW68: =IFERROR(AV68/$CF$2/(J68-K68),0) -> 0.90769231 | AX68: =SUM(AX62:AX67) -> 55 | AY68: =SUM(AY62:AY67) -> 48 | AZ68: =SUM(AZ62:AZ67) -> 43 | BA68: =SUM(BA62:BA67) -> 0 | BB68: =SUM(BB62:BB67) -> 54 | BC68: =SUM(BC62:BC67) -> 51 | BD68: =SUM(BD62:BD67) -> 52 | BE68: =SUM(BE62:BE67) -> 46 | ... CB68: =SUM(CB62:CB67) -> 0 | CC68: =SUM(AX68:CB68) -> 558 | CD68: =IFERROR(CC68/$CF$2/(J68-K68),0) -> 8.5846154 | JJ68: Formula | JK68: =D68 -> MUX01-PHR-ASM-01 | JL68: 0 | JM68: 0 | JN68: 0 | JO68: 0 | JP68: 0 | JQ68: 0 | JR68: 0 | JS68: 0 | JT68: 0 | JU68: 0 | JV68: 0 | JW68: 0 | JX68: 0 | JY68: 0 | KQ68: 0 | KR68: 0 | KS68: 0 | KT68: 0 | KU68: 0 | KV68: 0 | KW68: 0 | KX68: 0 | KY68: 0 | KZ68: 0 | LA68: 0 | LB68: 0 | LC68: 0 | LD68: 0
A69: RSM | B69: Central | C69: Lahore | D69: CNT-A-PHR-RSM-01 | E69: 04 | F69: Mr. Atif Sultan | G69: E-02649 | H69: 46002 | I69: Lahore | J69: =J68+J61+J54+J47+J40 -> 25 | K69: =+K68+K61+K54+K47+K40 -> 3 | L69: =+L68+L61+L54+L47+L40 -> 19 | M69: =+M68+M61+M54+M47+M40 -> 22 | N69: =+N68+N61+N54+N47+N40 -> 9 | O69: =+O68+O61+O54+O47+O40 -> 22 | P69: =+P68+P61+P54+P47+P40 -> 22 | Q69: =+Q68+Q61+Q54+Q47+Q40 -> 20 | R69: =+R68+R61+R54+R47+R40 -> 20 | ... AU69: =+AU68+AU61+AU54+AU47+AU40 -> 0 | AV69: =SUM(Q69:AU69) -> 249 | AW69: =IFERROR(AV69/$CF$2/(J69-K69),0) -> 0.87062937 | AX69: =+AX68+AX61+AX54+AX47+AX40 -> 241 | AY69: =+AY68+AY61+AY54+AY47+AY40 -> 223 | AZ69: =+AZ68+AZ61+AZ54+AZ47+AZ40 -> 188 | BA69: =+BA68+BA61+BA54+BA47+BA40 -> 0 | BB69: =+BB68+BB61+BB54+BB47+BB40 -> 197 | BC69: =+BC68+BC61+BC54+BC47+BC40 -> 250 | BD69: =+BD68+BD61+BD54+BD47+BD40 -> 224 | BE69: =+BE68+BE61+BE54+BE47+BE40 -> 194 | ... CB69: =+CB68+CB61+CB54+CB47+CB40 -> 0 | CC69: =SUM(AX69:CB69) -> 2482 | CD69: =IFERROR(CC69/$CF$2/(J69-K69),0) -> 8.6783217 | JJ69: Formula | JK69: =D69 -> CNT-A-PHR-RSM-01 | JL69: 0 | JM69: 0 | JN69: 0 | JO69: 0 | JP69: 0 | JQ69: 0 | JR69: 0 | JS69: 0 | JT69: 0 | JU69: 0 | JV69: 0 | JW69: 0 | JX69: 0 | JY69: 0 | KQ69: 0 | KR69: 0 | KS69: 0 | KT69: 0 | KU69: 0 | KV69: 0 | KW69: 0 | KX69: 0 | KY69: 0 | KZ69: 0 | LA69: 0 | LB69: 0 | LC69: 0 | LD69: 0
A70: MIO | B70: North | C70: Faisalabad | D70: FSD01-PHR-MIO-01 | E70: 0510001 | F70: MS. IQRA RASHEED (PHR-FSD-01) | G70: P-01668 | H70: 42268 | I70: FSD/AFT/Jhang Baz/Chiniot/Sgd Rd/Katchery Rd | J70: 1 | K70: 0 | L70: =IFERROR(IF(OR(AD70>0),1,0),0) -> 1 | M70: =IFERROR(IF(OR(AV70>0),1,0),0) -> 1 | N70: =IFERROR(IF(OR(BK70>0),1,0),0) -> 1 | O70: =IFERROR(IF(OR(CC70>0),1,0),0) -> 1 | P70: =IFERROR(IF(OR(AV70>0,CC70>0),1,0),0) -> 1 | Q70: =JL70 -> 1 | R70: =JM70 -> 1 | S70: =JN70 -> 1 | T70: =JO70 -> 0 | U70: =JP70 -> 1 | V70: =JQ70 -> 1 | W70: =JR70 -> 1 | X70: =JS70 -> 1 | ... AU70: =KP70 -> 0 | AV70: =SUM(Q70:AU70) -> 12 | AW70: =IFERROR(AV70/$CF$2/(J70-K70),0) -> 0.92307692 | AX70: =KQ70 -> 12 | AY70: =KR70 -> 0 | AZ70: =KS70 -> 12 | BA70: =KT70 -> 0 | BB70: =KU70 -> 12 | BC70: =KV70 -> 1 | BD70: =KW70 -> 9 | BE70: =KX70 -> 11 | ... CB70: =LU70 -> 0 | CC70: =SUM(AX70:CB70) -> 90 | CD70: =IFERROR(CC70/$CF$2/(J70-K70),0) -> 6.9230769 | JJ70: Formula | JK70: =D70 -> FSD01-PHR-MIO-01 | JL70: 1 | JM70: 1 | JN70: 1 | JO70: 0 | JP70: 1 | JQ70: 1 | JR70: 1 | JS70: 1 | JT70: 1 | JU70: 1 | JV70: 0 | JW70: 1 | JX70: 1 | JY70: 1 | KQ70: 12 | KR70: 0 | KS70: 12 | KT70: 0 | KU70: 12 | KV70: 1 | KW70: 9 | KX70: 11 | KY70: 0 | KZ70: 10 | LA70: 0 | LB70: 10 | LC70: 12 | LD70: 1
A71: MIO | B71: North | C71: Faisalabad | D71: FSD01-PHR-MIO-02 | E71: 0510002 | F71: MR. HASSAN ARIF (PHR-FSD-02) | G71: E-02514 | H71: 45658 | I71: FSD/Satiana/Jaranwala/Samundari/Iqbal Col | J71: 1 | K71: 0 | L71: =IFERROR(IF(OR(AD71>0),1,0),0) -> 1 | M71: =IFERROR(IF(OR(AV71>0),1,0),0) -> 1 | N71: =IFERROR(IF(OR(BK71>0),1,0),0) -> 0 | O71: =IFERROR(IF(OR(CC71>0),1,0),0) -> 1 | P71: =IFERROR(IF(OR(AV71>0,CC71>0),1,0),0) -> 1 | Q71: =JL71 -> 1 | R71: =JM71 -> 1 | S71: =JN71 -> 1 | T71: =JO71 -> 0 | U71: =JP71 -> 1 | V71: =JQ71 -> 1 | W71: =JR71 -> 1 | X71: =JS71 -> 1 | ... AU71: =KP71 -> 0 | AV71: =SUM(Q71:AU71) -> 12 | AW71: =IFERROR(AV71/$CF$2/(J71-K71),0) -> 0.92307692 | AX71: =KQ71 -> 6 | AY71: =KR71 -> 0 | AZ71: =KS71 -> 12 | BA71: =KT71 -> 0 | BB71: =KU71 -> 11 | BC71: =KV71 -> 11 | BD71: =KW71 -> 11 | BE71: =KX71 -> 10 | ... CB71: =LU71 -> 0 | CC71: =SUM(AX71:CB71) -> 90 | CD71: =IFERROR(CC71/$CF$2/(J71-K71),0) -> 6.9230769 | JJ71: Formula | JK71: =D71 -> FSD01-PHR-MIO-02 | JL71: 1 | JM71: 1 | JN71: 1 | JO71: 0 | JP71: 1 | JQ71: 1 | JR71: 1 | JS71: 1 | JT71: 1 | JU71: 1 | JV71: 0 | JW71: 1 | JX71: 1 | JY71: 1 | KQ71: 6 | KR71: 0 | KS71: 12 | KT71: 0 | KU71: 11 | KV71: 11 | KW71: 11 | KX71: 10 | KY71: 0 | KZ71: 9 | LA71: 0 | LB71: 12 | LC71: 8 | LD71: 0
A72: MIO | B72: North | C72: Faisalabad | D72: FSD01-PHR-MIO-03 | E72: 0510004 | F72: MR. AAMIR FAROOQ (PHR-FSD-03) | G72: E-01110 | H72: 44383 | I72: Jhang | J72: 1 | K72: 0 | L72: =IFERROR(IF(OR(AD72>0),1,0),0) -> 1 | M72: =IFERROR(IF(OR(AV72>0),1,0),0) -> 1 | N72: =IFERROR(IF(OR(BK72>0),1,0),0) -> 1 | O72: =IFERROR(IF(OR(CC72>0),1,0),0) -> 1 | P72: =IFERROR(IF(OR(AV72>0,CC72>0),1,0),0) -> 1 | Q72: =JL72 -> 1 | R72: =JM72 -> 1 | S72: =JN72 -> 1 | T72: =JO72 -> 0 | U72: =JP72 -> 1 | V72: =JQ72 -> 1 | W72: =JR72 -> 1 | X72: =JS72 -> 1 | ... AU72: =KP72 -> 0 | AV72: =SUM(Q72:AU72) -> 12 | AW72: =IFERROR(AV72/$CF$2/(J72-K72),0) -> 0.92307692 | AX72: =KQ72 -> 14 | AY72: =KR72 -> 11 | AZ72: =KS72 -> 12 | BA72: =KT72 -> 0 | BB72: =KU72 -> 12 | BC72: =KV72 -> 12 | BD72: =KW72 -> 11 | BE72: =KX72 -> 12 | ... CB72: =LU72 -> 0 | CC72: =SUM(AX72:CB72) -> 109 | CD72: =IFERROR(CC72/$CF$2/(J72-K72),0) -> 8.3846154 | JJ72: Formula | JK72: =D72 -> FSD01-PHR-MIO-03 | JL72: 1 | JM72: 1 | JN72: 1 | JO72: 0 | JP72: 1 | JQ72: 1 | JR72: 1 | JS72: 1 | JT72: 1 | JU72: 1 | JV72: 0 | JW72: 1 | JX72: 1 | JY72: 1 | KQ72: 14 | KR72: 11 | KS72: 12 | KT72: 0 | KU72: 12 | KV72: 12 | KW72: 11 | KX72: 12 | KY72: 0 | KZ72: 8 | LA72: 0 | LB72: 11 | LC72: 4 | LD72: 2
A73: MIO | B73: North | C73: Faisalabad | D73: FSD01-PHR-MIO-04 | E73: 0510008 | F73: ADNAN ASHIQ (PHR-FSD-04) | H73: 7/72026 | I73: Toba Tek Singh | J73: 1 | K73: 0 | L73: =IFERROR(IF(OR(AD73>0),1,0),0) -> 1 | M73: =IFERROR(IF(OR(AV73>0),1,0),0) -> 1 | N73: =IFERROR(IF(OR(BK73>0),1,0),0) -> 1 | O73: =IFERROR(IF(OR(CC73>0),1,0),0) -> 1 | P73: =IFERROR(IF(OR(AV73>0,CC73>0),1,0),0) -> 1 | Q73: =JL73 -> 0 | R73: =JM73 -> 1 | S73: =JN73 -> 1 | T73: =JO73 -> 0 | U73: =JP73 -> 1 | V73: =JQ73 -> 1 | W73: =JR73 -> 1 | X73: =JS73 -> 1 | ... AU73: =KP73 -> 0 | AV73: =SUM(Q73:AU73) -> 11 | AW73: =IFERROR(AV73/$CF$2/(J73-K73),0) -> 0.84615385 | AX73: =KQ73 -> 0 | AY73: =KR73 -> 5 | AZ73: =KS73 -> 1 | BA73: =KT73 -> 0 | BB73: =KU73 -> 6 | BC73: =KV73 -> 6 | BD73: =KW73 -> 7 | BE73: =KX73 -> 3 | ... CB73: =LU73 -> 0 | CC73: =SUM(AX73:CB73) -> 49 | CD73: =IFERROR(CC73/$CF$2/(J73-K73),0) -> 3.7692308 | JJ73: Formula | JK73: =D73 -> FSD01-PHR-MIO-04 | JL73: 0 | JM73: 1 | JN73: 1 | JO73: 0 | JP73: 1 | JQ73: 1 | JR73: 1 | JS73: 1 | JT73: 1 | JU73: 1 | JV73: 0 | JW73: 1 | JX73: 1 | JY73: 1 | KQ73: 0 | KR73: 5 | KS73: 1 | KT73: 0 | KU73: 6 | KV73: 6 | KW73: 7 | KX73: 3 | KY73: 1 | KZ73: 6 | LA73: 0 | LB73: 7 | LC73: 6 | LD73: 1
A74: MIO | B74: North | C74: Faisalabad | D74: FSD01-PHR-PS-01 | E74: 0510009 | F74: M WAHEED (PS-FSD-01) | G74: E-01536 | H74: 44938 | I74: Allied GM Abad | J74: 1 | K74: 0 | L74: =IFERROR(IF(OR(AD74>0),1,0),0) -> 1 | M74: =IFERROR(IF(OR(AV74>0),1,0),0) -> 1 | N74: =IFERROR(IF(OR(BK74>0),1,0),0) -> 1 | O74: =IFERROR(IF(OR(CC74>0),1,0),0) -> 1 | P74: =IFERROR(IF(OR(AV74>0,CC74>0),1,0),0) -> 1 | Q74: =JL74 -> 1 | R74: =JM74 -> 1 | S74: =JN74 -> 1 | T74: =JO74 -> 0 | U74: =JP74 -> 1 | V74: =JQ74 -> 1 | W74: =JR74 -> 1 | X74: =JS74 -> 1 | ... AU74: =KP74 -> 0 | AV74: =SUM(Q74:AU74) -> 12 | AW74: =IFERROR(AV74/$CF$2/(J74-K74),0) -> 0.92307692 | AX74: =KQ74 -> 13 | AY74: =KR74 -> 7 | AZ74: =KS74 -> 11 | BA74: =KT74 -> 0 | BB74: =KU74 -> 16 | BC74: =KV74 -> 17 | BD74: =KW74 -> 9 | BE74: =KX74 -> 12 | ... CB74: =LU74 -> 0 | CC74: =SUM(AX74:CB74) -> 124 | CD74: =IFERROR(CC74/$CF$2/(J74-K74),0) -> 9.5384615 | JJ74: Formula | JK74: =D74 -> FSD01-PHR-PS-01 | JL74: 1 | JM74: 1 | JN74: 1 | JO74: 0 | JP74: 1 | JQ74: 1 | JR74: 1 | JS74: 1 | JT74: 1 | JU74: 1 | JV74: 0 | JW74: 1 | JX74: 1 | JY74: 1 | KQ74: 13 | KR74: 7 | KS74: 11 | KT74: 0 | KU74: 16 | KV74: 17 | KW74: 9 | KX74: 12 | KY74: 0 | KZ74: 11 | LA74: 0 | LB74: 11 | LC74: 15 | LD74: 2
A75: MIO | B75: North | C75: Faisalabad | D75: FSD01-PHR-MIO-05 | E75: 0512007 | F75: MS. AYESHA SAEED (FSD-PHR-05) | G75: E-02605 | H75: 45895 | I75: Chinniot | J75: 1 | K75: 0 | L75: =IFERROR(IF(OR(AD75>0),1,0),0) -> 0 | M75: =IFERROR(IF(OR(AV75>0),1,0),0) -> 1 | N75: =IFERROR(IF(OR(BK75>0),1,0),0) -> 1 | O75: =IFERROR(IF(OR(CC75>0),1,0),0) -> 1 | P75: =IFERROR(IF(OR(AV75>0,CC75>0),1,0),0) -> 1 | Q75: =JL75 -> 1 | R75: =JM75 -> 0 | S75: =JN75 -> 1 | T75: =JO75 -> 0 | U75: =JP75 -> 0 | V75: =JQ75 -> 1 | W75: =JR75 -> 1 | X75: =JS75 -> 0 | ... AU75: =KP75 -> 0 | AV75: =SUM(Q75:AU75) -> 6 | AW75: =IFERROR(AV75/$CF$2/(J75-K75),0) -> 0.46153846 | AX75: =KQ75 -> 15 | AY75: =KR75 -> 13 | AZ75: =KS75 -> 13 | BA75: =KT75 -> 0 | BB75: =KU75 -> 16 | BC75: =KV75 -> 12 | BD75: =KW75 -> 14 | BE75: =KX75 -> 12 | ... CB75: =LU75 -> 0 | CC75: =SUM(AX75:CB75) -> 133 | CD75: =IFERROR(CC75/$CF$2/(J75-K75),0) -> 10.230769 | JJ75: Formula | JK75: =D75 -> FSD01-PHR-MIO-05 | JL75: 1 | JM75: 0 | JN75: 1 | JO75: 0 | JP75: 0 | JQ75: 1 | JR75: 1 | JS75: 0 | JT75: 1 | JU75: 0 | JV75: 0 | JW75: 0 | JX75: 1 | JY75: 0 | KQ75: 15 | KR75: 13 | KS75: 13 | KT75: 0 | KU75: 16 | KV75: 12 | KW75: 14 | KX75: 12 | KY75: 0 | KZ75: 12 | LA75: 0 | LB75: 12 | LC75: 11 | LD75: 3
A76: MIO Unmap | B76: North | C76: Faisalabad | D76: FSD01-PHR-MIO-00 | E76: 0510007 | F76: FSD01 - PHR UNMAPPED | G76: UN-DEFINED | H76: UN-DEFINED | I76: Faisalabad | J76: 0 | K76: 0 | L76: =IFERROR(IF(OR(AD76>0),1,0),0) -> 0 | M76: =IFERROR(IF(OR(AV76>0),1,0),0) -> 0 | N76: =IFERROR(IF(OR(BK76>0),1,0),0) -> 0 | O76: =IFERROR(IF(OR(CC76>0),1,0),0) -> 0 | P76: =IFERROR(IF(OR(AV76>0,CC76>0),1,0),0) -> 0 | Q76: =JL76 -> 0 | R76: =JM76 -> 0 | S76: =JN76 -> 0 | T76: =JO76 -> 0 | U76: =JP76 -> 0 | V76: =JQ76 -> 0 | W76: =JR76 -> 0 | X76: =JS76 -> 0 | ... AU76: =KP76 -> 0 | AV76: =SUM(Q76:AU76) -> 0 | AW76: =IFERROR(AV76/$CF$2/(J76-K76),0) -> 0 | AX76: =KQ76 -> 0 | AY76: =KR76 -> 0 | AZ76: =KS76 -> 0 | BA76: =KT76 -> 0 | BB76: =KU76 -> 0 | BC76: =KV76 -> 0 | BD76: =KW76 -> 0 | BE76: =KX76 -> 0 | ... CB76: =LU76 -> 0 | CC76: =SUM(AX76:CB76) -> 0 | CD76: =IFERROR(CC76/$CF$2/(J76-K76),0) -> 0 | JJ76: Formula | JK76: =D76 -> FSD01-PHR-MIO-00 | JL76: 0 | JM76: 0 | JN76: 0 | JO76: 0 | JP76: 0 | JQ76: 0 | JR76: 0 | JS76: 0 | JT76: 0 | JU76: 0 | JV76: 0 | JW76: 0 | JX76: 0 | JY76: 0 | KQ76: 0 | KR76: 0 | KS76: 0 | KT76: 0 | KU76: 0 | KV76: 0 | KW76: 0 | KX76: 0 | KY76: 0 | KZ76: 0 | LA76: 0 | LB76: 0 | LC76: 0 | LD76: 0
A77: ASM | B77: North | C77: Faisalabad | D77: FSD01-PHR-ASM-01 | E77: 05100 | F77: M. IMRAN | G77: E-01091 | H77: 44320 | I77: Faisalabad | J77: 6 | K77: =SUM(K70:K76) -> 0 | L77: =SUM(L70:L76) -> 5 | M77: =SUM(M70:M76) -> 6 | N77: =SUM(N70:N76) -> 5 | O77: =SUM(O70:O76) -> 6 | P77: =SUM(P70:P76) -> 6 | Q77: =SUM(Q70:Q76) -> 5 | R77: =SUM(R70:R76) -> 5 | ... AU77: =SUM(AU70:AU76) -> 0 | AV77: =SUM(Q77:AU77) -> 65 | AW77: =IFERROR(AV77/$CF$2/(J77-K77),0) -> 0.83333333 | AX77: =SUM(AX70:AX76) -> 60 | AY77: =SUM(AY70:AY76) -> 36 | AZ77: =SUM(AZ70:AZ76) -> 61 | BA77: =SUM(BA70:BA76) -> 0 | BB77: =SUM(BB70:BB76) -> 73 | BC77: =SUM(BC70:BC76) -> 59 | BD77: =SUM(BD70:BD76) -> 61 | BE77: =SUM(BE70:BE76) -> 60 | ... CB77: =SUM(CB70:CB76) -> 0 | CC77: =SUM(AX77:CB77) -> 595 | CD77: =IFERROR(CC77/$CF$2/(J77-K77),0) -> 7.6282051 | JJ77: Formula | JK77: =D77 -> FSD01-PHR-ASM-01 | JL77: 0 | JM77: 0 | JN77: 0 | JO77: 0 | JP77: 0 | JQ77: 0 | JR77: 0 | JS77: 0 | JT77: 0 | JU77: 0 | JV77: 0 | JW77: 0 | JX77: 0 | JY77: 0 | KQ77: 0 | KR77: 0 | KS77: 0 | KT77: 0 | KU77: 0 | KV77: 0 | KW77: 0 | KX77: 0 | KY77: 0 | KZ77: 0 | LA77: 0 | LB77: 0 | LC77: 0 | LD77: 0
A78: MIO | B78: North | C78: Sargodha | D78: SGD01-PHR-MIO-01 | E78: 0510003 | F78: MS. RAO RUKHSANA RAFIQ (PHR-SGD-01) | H78: 46184 | I78: DHQ/Jahurabad/Shahpur | J78: 1 | K78: 0 | L78: =IFERROR(IF(OR(AD78>0),1,0),0) -> 1 | M78: =IFERROR(IF(OR(AV78>0),1,0),0) -> 1 | N78: =IFERROR(IF(OR(BK78>0),1,0),0) -> 1 | O78: =IFERROR(IF(OR(CC78>0),1,0),0) -> 1 | P78: =IFERROR(IF(OR(AV78>0,CC78>0),1,0),0) -> 1 | Q78: =JL78 -> 1 | R78: =JM78 -> 1 | S78: =JN78 -> 1 | T78: =JO78 -> 0 | U78: =JP78 -> 1 | V78: =JQ78 -> 1 | W78: =JR78 -> 1 | X78: =JS78 -> 1 | ... AU78: =KP78 -> 0 | AV78: =SUM(Q78:AU78) -> 12 | AW78: =IFERROR(AV78/$CF$2/(J78-K78),0) -> 0.92307692 | AX78: =KQ78 -> 10 | AY78: =KR78 -> 5 | AZ78: =KS78 -> 3 | BA78: =KT78 -> 0 | BB78: =KU78 -> 13 | BC78: =KV78 -> 9 | BD78: =KW78 -> 7 | BE78: =KX78 -> 8 | ... CB78: =LU78 -> 0 | CC78: =SUM(AX78:CB78) -> 87 | CD78: =IFERROR(CC78/$CF$2/(J78-K78),0) -> 6.6923077 | JJ78: Formula | JK78: =D78 -> SGD01-PHR-MIO-01 | JL78: 1 | JM78: 1 | JN78: 1 | JO78: 0 | JP78: 1 | JQ78: 1 | JR78: 1 | JS78: 1 | JT78: 1 | JU78: 1 | JV78: 0 | JW78: 1 | JX78: 1 | JY78: 1 | KQ78: 10 | KR78: 5 | KS78: 3 | KT78: 0 | KU78: 13 | KV78: 9 | KW78: 7 | KX78: 8 | KY78: 8 | KZ78: 7 | LA78: 0 | LB78: 6 | LC78: 9 | LD78: 2
A79: MIO | B79: North | C79: Sargodha | D79: SGD01-PHR-MIO-02 | E79: 0510005 | F79: MS. RIFFAT BATOOL (PHR-SGD-02) | G79: E-02294 | H79: 45397 | I79: Rabwah/SatT/Bhalwal/Uni Rd | J79: 1 | K79: 0 | L79: =IFERROR(IF(OR(AD79>0),1,0),0) -> 1 | M79: =IFERROR(IF(OR(AV79>0),1,0),0) -> 1 | N79: =IFERROR(IF(OR(BK79>0),1,0),0) -> 0 | O79: =IFERROR(IF(OR(CC79>0),1,0),0) -> 1 | P79: =IFERROR(IF(OR(AV79>0,CC79>0),1,0),0) -> 1 | Q79: =JL79 -> 1 | R79: =JM79 -> 1 | S79: =JN79 -> 0 | T79: =JO79 -> 0 | U79: =JP79 -> 1 | V79: =JQ79 -> 1 | W79: =JR79 -> 1 | X79: =JS79 -> 1 | ... AU79: =KP79 -> 0 | AV79: =SUM(Q79:AU79) -> 10 | AW79: =IFERROR(AV79/$CF$2/(J79-K79),0) -> 0.76923077 | AX79: =KQ79 -> 8 | AY79: =KR79 -> 8 | AZ79: =KS79 -> 7 | BA79: =KT79 -> 0 | BB79: =KU79 -> 10 | BC79: =KV79 -> 6 | BD79: =KW79 -> 8 | BE79: =KX79 -> 9 | ... CB79: =LU79 -> 0 | CC79: =SUM(AX79:CB79) -> 94 | CD79: =IFERROR(CC79/$CF$2/(J79-K79),0) -> 7.2307692 | JJ79: Formula | JK79: =D79 -> SGD01-PHR-MIO-02 | JL79: 1 | JM79: 1 | JN79: 0 | JO79: 0 | JP79: 1 | JQ79: 1 | JR79: 1 | JS79: 1 | JT79: 1 | JU79: 1 | JV79: 0 | JW79: 0 | JX79: 1 | JY79: 1 | KQ79: 8 | KR79: 8 | KS79: 7 | KT79: 0 | KU79: 10 | KV79: 6 | KW79: 8 | KX79: 9 | KY79: 8 | KZ79: 9 | LA79: 0 | LB79: 10 | LC79: 11 | LD79: 0
A80: MIO | B80: North | C80: Sargodha | D80: SGD01-PHR-MIO-03 | E80: 0510006 | F80: M. VACANT (PHR-SGD-03) | G80: VACANT | H80: VACANT | I80: Mianwali | J80: 1 | K80: 1 | L80: =IFERROR(IF(OR(AD80>0),1,0),0) -> 0 | M80: =IFERROR(IF(OR(AV80>0),1,0),0) -> 0 | N80: =IFERROR(IF(OR(BK80>0),1,0),0) -> 0 | O80: =IFERROR(IF(OR(CC80>0),1,0),0) -> 0 | P80: =IFERROR(IF(OR(AV80>0,CC80>0),1,0),0) -> 0 | Q80: =JL80 -> 0 | R80: =JM80 -> 0 | S80: =JN80 -> 0 | T80: =JO80 -> 0 | U80: =JP80 -> 0 | V80: =JQ80 -> 0 | W80: =JR80 -> 0 | X80: =JS80 -> 0 | ... AU80: =KP80 -> 0 | AV80: =SUM(Q80:AU80) -> 0 | AW80: =IFERROR(AV80/$CF$2/(J80-K80),0) -> 0 | AX80: =KQ80 -> 0 | AY80: =KR80 -> 0 | AZ80: =KS80 -> 0 | BA80: =KT80 -> 0 | BB80: =KU80 -> 0 | BC80: =KV80 -> 0 | BD80: =KW80 -> 0 | BE80: =KX80 -> 0 | ... CB80: =LU80 -> 0 | CC80: =SUM(AX80:CB80) -> 0 | CD80: =IFERROR(CC80/$CF$2/(J80-K80),0) -> 0 | JJ80: Formula | JK80: =D80 -> SGD01-PHR-MIO-03 | JL80: 0 | JM80: 0 | JN80: 0 | JO80: 0 | JP80: 0 | JQ80: 0 | JR80: 0 | JS80: 0 | JT80: 0 | JU80: 0 | JV80: 0 | JW80: 0 | JX80: 0 | JY80: 0 | KQ80: 0 | KR80: 0 | KS80: 0 | KT80: 0 | KU80: 0 | KV80: 0 | KW80: 0 | KX80: 0 | KY80: 0 | KZ80: 0 | LA80: 0 | LB80: 0 | LC80: 0 | LD80: 0
A81: MIO | B81: North | C81: Sargodha | D81: SGD01-PHR-MIO-04 | E81: 0513002 | F81: ZOHAIB WASEEM RAZA (PHR-SGD-04) | G81: E-02289 | H81: 45378 | I81: Bhakkar | J81: 1 | K81: 0 | L81: =IFERROR(IF(OR(AD81>0),1,0),0) -> 0 | M81: =IFERROR(IF(OR(AV81>0),1,0),0) -> 1 | N81: =IFERROR(IF(OR(BK81>0),1,0),0) -> 0 | O81: =IFERROR(IF(OR(CC81>0),1,0),0) -> 1 | P81: =IFERROR(IF(OR(AV81>0,CC81>0),1,0),0) -> 1 | Q81: =JL81 -> 1 | R81: =JM81 -> 1 | S81: =JN81 -> 1 | T81: =JO81 -> 0 | U81: =JP81 -> 1 | V81: =JQ81 -> 1 | W81: =JR81 -> 1 | X81: =JS81 -> 1 | ... AU81: =KP81 -> 0 | AV81: =SUM(Q81:AU81) -> 11 | AW81: =IFERROR(AV81/$CF$2/(J81-K81),0) -> 0.84615385 | AX81: =KQ81 -> 6 | AY81: =KR81 -> 0 | AZ81: =KS81 -> 8 | BA81: =KT81 -> 0 | BB81: =KU81 -> 5 | BC81: =KV81 -> 8 | BD81: =KW81 -> 0 | BE81: =KX81 -> 6 | ... CB81: =LU81 -> 0 | CC81: =SUM(AX81:CB81) -> 55 | CD81: =IFERROR(CC81/$CF$2/(J81-K81),0) -> 4.2307692 | JJ81: Formula | JK81: =D81 -> SGD01-PHR-MIO-04 | JL81: 1 | JM81: 1 | JN81: 1 | JO81: 0 | JP81: 1 | JQ81: 1 | JR81: 1 | JS81: 1 | JT81: 1 | JU81: 1 | JV81: 0 | JW81: 1 | JX81: 1 | JY81: 0 | KQ81: 6 | KR81: 0 | KS81: 8 | KT81: 0 | KU81: 5 | KV81: 8 | KW81: 0 | KX81: 6 | KY81: 6 | KZ81: 8 | LA81: 0 | LB81: 4 | LC81: 4 | LD81: 0
A82: MIO | B82: North | C82: Sargodha | D82: SGD01-PHR-MIO-05 | E82: 0512005 | F82: MS. ULFAT YASMEEN (PHR-PSH-05) | G82: E-02616 | H82: 45936 | I82: D.I.K | J82: 1 | K82: 0 | L82: =IFERROR(IF(OR(AD82>0),1,0),0) -> 1 | M82: =IFERROR(IF(OR(AV82>0),1,0),0) -> 1 | N82: =IFERROR(IF(OR(BK82>0),1,0),0) -> 0 | O82: =IFERROR(IF(OR(CC82>0),1,0),0) -> 1 | P82: =IFERROR(IF(OR(AV82>0,CC82>0),1,0),0) -> 1 | Q82: =JL82 -> 1 | R82: =JM82 -> 1 | S82: =JN82 -> 1 | T82: =JO82 -> 0 | U82: =JP82 -> 1 | V82: =JQ82 -> 0 | W82: =JR82 -> 1 | X82: =JS82 -> 1 | ... AU82: =KP82 -> 0 | AV82: =SUM(Q82:AU82) -> 11 | AW82: =IFERROR(AV82/$CF$2/(J82-K82),0) -> 0.84615385 | AX82: =KQ82 -> 11 | AY82: =KR82 -> 3 | AZ82: =KS82 -> 10 | BA82: =KT82 -> 0 | BB82: =KU82 -> 5 | BC82: =KV82 -> 7 | BD82: =KW82 -> 5 | BE82: =KX82 -> 10 | ... CB82: =LU82 -> 0 | CC82: =SUM(AX82:CB82) -> 73 | CD82: =IFERROR(CC82/$CF$2/(J82-K82),0) -> 5.6153846 | JJ82: Formula | JK82: =D82 -> SGD01-PHR-MIO-05 | JL82: 1 | JM82: 1 | JN82: 1 | JO82: 0 | JP82: 1 | JQ82: 0 | JR82: 1 | JS82: 1 | JT82: 1 | JU82: 1 | JV82: 0 | JW82: 1 | JX82: 1 | JY82: 1 | KQ82: 11 | KR82: 3 | KS82: 10 | KT82: 0 | KU82: 5 | KV82: 7 | KW82: 5 | KX82: 10 | KY82: 7 | KZ82: 11 | LA82: 0 | LB82: 1 | LC82: 3 | LD82: 0
A83: MIO | B83: North | C83: Sargodha | D83: SGD01-PHR-PS-01 | E83: 0513003 | F83: MR. ZAKI UL HASSAN (PS-SGD-01) | G83: E-03167 | H83: 46142 | I83: Sargodha | J83: 1 | K83: 0 | L83: =IFERROR(IF(OR(AD83>0),1,0),0) -> 1 | M83: =IFERROR(IF(OR(AV83>0),1,0),0) -> 1 | N83: =IFERROR(IF(OR(BK83>0),1,0),0) -> 0 | O83: =IFERROR(IF(OR(CC83>0),1,0),0) -> 1 | P83: =IFERROR(IF(OR(AV83>0,CC83>0),1,0),0) -> 1 | Q83: =JL83 -> 1 | R83: =JM83 -> 1 | S83: =JN83 -> 1 | T83: =JO83 -> 0 | U83: =JP83 -> 1 | V83: =JQ83 -> 1 | W83: =JR83 -> 1 | X83: =JS83 -> 1 | ... AU83: =KP83 -> 0 | AV83: =SUM(Q83:AU83) -> 12 | AW83: =IFERROR(AV83/$CF$2/(J83-K83),0) -> 0.92307692 | AX83: =KQ83 -> 10 | AY83: =KR83 -> 7 | AZ83: =KS83 -> 11 | BA83: =KT83 -> 0 | BB83: =KU83 -> 12 | BC83: =KV83 -> 12 | BD83: =KW83 -> 9 | BE83: =KX83 -> 9 | ... CB83: =LU83 -> 0 | CC83: =SUM(AX83:CB83) -> 113 | CD83: =IFERROR(CC83/$CF$2/(J83-K83),0) -> 8.6923077 | JJ83: Formula | JK83: =D83 -> SGD01-PHR-PS-01 | JL83: 1 | JM83: 1 | JN83: 1 | JO83: 0 | JP83: 1 | JQ83: 1 | JR83: 1 | JS83: 1 | JT83: 1 | JU83: 1 | JV83: 0 | JW83: 1 | JX83: 1 | JY83: 1 | KQ83: 10 | KR83: 7 | KS83: 11 | KT83: 0 | KU83: 12 | KV83: 12 | KW83: 9 | KX83: 9 | KY83: 9 | KZ83: 11 | LA83: 0 | LB83: 12 | LC83: 11 | LD83: 0
A84: MIO Unmap | B84: North | C84: Sargodha | D84: SGD01-PHR-MIO-00 | E84: 0513001 | F84: SGD01 - PHR UNMAPPED | G84: UN-DEFINED | H84: UN-DEFINED | I84: Sargodha | J84: 0 | K84: 0 | L84: =IFERROR(IF(OR(AD84>0),1,0),0) -> 0 | M84: =IFERROR(IF(OR(AV84>0),1,0),0) -> 0 | N84: =IFERROR(IF(OR(BK84>0),1,0),0) -> 0 | O84: =IFERROR(IF(OR(CC84>0),1,0),0) -> 0 | P84: =IFERROR(IF(OR(AV84>0,CC84>0),1,0),0) -> 0 | Q84: =JL84 -> 0 | R84: =JM84 -> 0 | S84: =JN84 -> 0 | T84: =JO84 -> 0 | U84: =JP84 -> 0 | V84: =JQ84 -> 0 | W84: =JR84 -> 0 | X84: =JS84 -> 0 | ... AU84: =KP84 -> 0 | AV84: =SUM(Q84:AU84) -> 0 | AW84: =IFERROR(AV84/$CF$2/(J84-K84),0) -> 0 | AX84: =KQ84 -> 0 | AY84: =KR84 -> 0 | AZ84: =KS84 -> 0 | BA84: =KT84 -> 0 | BB84: =KU84 -> 0 | BC84: =KV84 -> 0 | BD84: =KW84 -> 0 | BE84: =KX84 -> 0 | ... CB84: =LU84 -> 0 | CC84: =SUM(AX84:CB84) -> 0 | CD84: =IFERROR(CC84/$CF$2/(J84-K84),0) -> 0 | JJ84: Formula | JK84: =D84 -> SGD01-PHR-MIO-00 | JL84: 0 | JM84: 0 | JN84: 0 | JO84: 0 | JP84: 0 | JQ84: 0 | JR84: 0 | JS84: 0 | JT84: 0 | JU84: 0 | JV84: 0 | JW84: 0 | JX84: 0 | JY84: 0 | KQ84: 0 | KR84: 0 | KS84: 0 | KT84: 0 | KU84: 0 | KV84: 0 | KW84: 0 | KX84: 0 | KY84: 0 | KZ84: 0 | LA84: 0 | LB84: 0 | LC84: 0 | LD84: 0
A85: ASM | B85: North | C85: Sargodha | D85: SGD01-PHR-ASM-01 | E85: 05130 | F85: AMIR ABBAS | G85: P-01479 | H85: 41688 | I85: Sargodha | J85: 6 | K85: =SUM(K78:K84) -> 1 | L85: =SUM(L78:L84) -> 4 | M85: =SUM(M78:M84) -> 5 | N85: =SUM(N78:N84) -> 1 | O85: =SUM(O78:O84) -> 5 | P85: =SUM(P78:P84) -> 5 | Q85: =SUM(Q78:Q84) -> 5 | R85: =SUM(R78:R84) -> 5 | ... AU85: =SUM(AU78:AU84) -> 0 | AV85: =SUM(Q85:AU85) -> 56 | AW85: =IFERROR(AV85/$CF$2/(J85-K85),0) -> 0.86153846 | AX85: =SUM(AX78:AX84) -> 45 | AY85: =SUM(AY78:AY84) -> 23 | AZ85: =SUM(AZ78:AZ84) -> 39 | BA85: =SUM(BA78:BA84) -> 0 | BB85: =SUM(BB78:BB84) -> 45 | BC85: =SUM(BC78:BC84) -> 42 | BD85: =SUM(BD78:BD84) -> 29 | BE85: =SUM(BE78:BE84) -> 42 | ... CB85: =SUM(CB78:CB84) -> 0 | CC85: =SUM(AX85:CB85) -> 422 | CD85: =IFERROR(CC85/$CF$2/(J85-K85),0) -> 6.4923077 | JJ85: Formula | JK85: =D85 -> SGD01-PHR-ASM-01 | JL85: 0 | JM85: 0 | JN85: 0 | JO85: 0 | JP85: 0 | JQ85: 0 | JR85: 0 | JS85: 0 | JT85: 0 | JU85: 0 | JV85: 0 | JW85: 0 | JX85: 0 | JY85: 0 | KQ85: 0 | KR85: 0 | KS85: 0 | KT85: 0 | KU85: 0 | KV85: 0 | KW85: 0 | KX85: 0 | KY85: 0 | KZ85: 0 | LA85: 0 | LB85: 0 | LC85: 0 | LD85: 0
A86: MIO | B86: North | C86: Islamabad | D86: ISB01-PHR-MIO-01 | E86: 0511001 | F86: MISKEEN KHAN (PHR-ISB-01) | G86: E-01680 | H86: 45111 | I86: Abpara/Lalazar/Westrige/E,FI,G Sec/Pir Wadhai | J86: 1 | K86: 0 | L86: =IFERROR(IF(OR(AD86>0),1,0),0) -> 1 | M86: =IFERROR(IF(OR(AV86>0),1,0),0) -> 1 | N86: =IFERROR(IF(OR(BK86>0),1,0),0) -> 0 | O86: =IFERROR(IF(OR(CC86>0),1,0),0) -> 1 | P86: =IFERROR(IF(OR(AV86>0,CC86>0),1,0),0) -> 1 | Q86: =JL86 -> 1 | R86: =JM86 -> 1 | S86: =JN86 -> 1 | T86: =JO86 -> 0 | U86: =JP86 -> 1 | V86: =JQ86 -> 1 | W86: =JR86 -> 1 | X86: =JS86 -> 1 | ... AU86: =KP86 -> 0 | AV86: =SUM(Q86:AU86) -> 12 | AW86: =IFERROR(AV86/$CF$2/(J86-K86),0) -> 0.92307692 | AX86: =KQ86 -> 0 | AY86: =KR86 -> 0 | AZ86: =KS86 -> 9 | BA86: =KT86 -> 0 | BB86: =KU86 -> 6 | BC86: =KV86 -> 9 | BD86: =KW86 -> 10 | BE86: =KX86 -> 4 | ... CB86: =LU86 -> 0 | CC86: =SUM(AX86:CB86) -> 47 | CD86: =IFERROR(CC86/$CF$2/(J86-K86),0) -> 3.6153846 | JJ86: Formula | JK86: =D86 -> ISB01-PHR-MIO-01 | JL86: 1 | JM86: 1 | JN86: 1 | JO86: 0 | JP86: 1 | JQ86: 1 | JR86: 1 | JS86: 1 | JT86: 1 | JU86: 1 | JV86: 0 | JW86: 1 | JX86: 1 | JY86: 1 | KQ86: 0 | KR86: 0 | KS86: 9 | KT86: 0 | KU86: 6 | KV86: 9 | KW86: 10 | KX86: 4 | KY86: 0 | KZ86: 5 | LA86: 0 | LB86: 3 | LC86: 1 | LD86: 0
A87: MIO | B87: North | C87: Islamabad | D87: ISB01-PHR-MIO-02 | E87: 0511002 | F87: MS. VACANT (PHR-ISB-02) | G87: E-03158 | H87: 46128 | I87: Murree Rd/S.TOWN/M.TOWN/Pep Col | J87: 1 | K87: 1 | L87: =IFERROR(IF(OR(AD87>0),1,0),0) -> 0 | M87: =IFERROR(IF(OR(AV87>0),1,0),0) -> 0 | N87: =IFERROR(IF(OR(BK87>0),1,0),0) -> 0 | O87: =IFERROR(IF(OR(CC87>0),1,0),0) -> 0 | P87: =IFERROR(IF(OR(AV87>0,CC87>0),1,0),0) -> 0 | Q87: =JL87 -> 0 | R87: =JM87 -> 0 | S87: =JN87 -> 0 | T87: =JO87 -> 0 | U87: =JP87 -> 0 | V87: =JQ87 -> 0 | W87: =JR87 -> 0 | X87: =JS87 -> 0 | ... AU87: =KP87 -> 0 | AV87: =SUM(Q87:AU87) -> 0 | AW87: =IFERROR(AV87/$CF$2/(J87-K87),0) -> 0 | AX87: =KQ87 -> 0 | AY87: =KR87 -> 0 | AZ87: =KS87 -> 0 | BA87: =KT87 -> 0 | BB87: =KU87 -> 0 | BC87: =KV87 -> 0 | BD87: =KW87 -> 0 | BE87: =KX87 -> 0 | ... CB87: =LU87 -> 0 | CC87: =SUM(AX87:CB87) -> 0 | CD87: =IFERROR(CC87/$CF$2/(J87-K87),0) -> 0 | JJ87: Formula | JK87: =D87 -> ISB01-PHR-MIO-02 | JL87: 0 | JM87: 0 | JN87: 0 | JO87: 0 | JP87: 0 | JQ87: 0 | JR87: 0 | JS87: 0 | JT87: 0 | JU87: 0 | JV87: 0 | JW87: 0 | JX87: 0 | JY87: 0 | KQ87: 0 | KR87: 0 | KS87: 0 | KT87: 0 | KU87: 0 | KV87: 0 | KW87: 0 | KX87: 0 | KY87: 0 | KZ87: 0 | LA87: 0 | LB87: 0 | LC87: 0 | LD87: 0
A88: MIO | B88: North | C88: Islamabad | D88: ISB01-PHR-MIO-03 | E88: 0511003 | F88: BUSHRA ASLAM (PHR-ISB-03) | G88: E-03130 | H88: 46115 | I88: Tench/Saddar/Murree/Hassan Abdal/Taxial/ PidiGheb | J88: 1 | K88: 0 | L88: =IFERROR(IF(OR(AD88>0),1,0),0) -> 1 | M88: =IFERROR(IF(OR(AV88>0),1,0),0) -> 1 | N88: =IFERROR(IF(OR(BK88>0),1,0),0) -> 1 | O88: =IFERROR(IF(OR(CC88>0),1,0),0) -> 1 | P88: =IFERROR(IF(OR(AV88>0,CC88>0),1,0),0) -> 1 | Q88: =JL88 -> 0 | R88: =JM88 -> 1 | S88: =JN88 -> 1 | T88: =JO88 -> 0 | U88: =JP88 -> 1 | V88: =JQ88 -> 1 | W88: =JR88 -> 1 | X88: =JS88 -> 1 | ... AU88: =KP88 -> 0 | AV88: =SUM(Q88:AU88) -> 9 | AW88: =IFERROR(AV88/$CF$2/(J88-K88),0) -> 0.69230769 | AX88: =KQ88 -> 0 | AY88: =KR88 -> 0 | AZ88: =KS88 -> 8 | BA88: =KT88 -> 0 | BB88: =KU88 -> 11 | BC88: =KV88 -> 9 | BD88: =KW88 -> 8 | BE88: =KX88 -> 10 | ... CB88: =LU88 -> 0 | CC88: =SUM(AX88:CB88) -> 57 | CD88: =IFERROR(CC88/$CF$2/(J88-K88),0) -> 4.3846154 | JJ88: Formula | JK88: =D88 -> ISB01-PHR-MIO-03 | JL88: 0 | JM88: 1 | JN88: 1 | JO88: 0 | JP88: 1 | JQ88: 1 | JR88: 1 | JS88: 1 | JT88: 0 | JU88: 0 | JV88: 0 | JW88: 1 | JX88: 1 | JY88: 1 | KQ88: 0 | KR88: 0 | KS88: 8 | KT88: 0 | KU88: 11 | KV88: 9 | KW88: 8 | KX88: 10 | KY88: 3 | KZ88: 0 | LA88: 0 | LB88: 0 | LC88: 7 | LD88: 1
A89: MIO | B89: North | C89: Islamabad | D89: ISB01-PHR-MIO-04 | E89: 0511004 | F89: M. ADNAN (PHR-ISB-04) | G89: E-02593 | H89: 45818 | I89: Abbotabad/ Attock/ Haripur | J89: 1 | K89: 0 | L89: =IFERROR(IF(OR(AD89>0),1,0),0) -> 1 | M89: =IFERROR(IF(OR(AV89>0),1,0),0) -> 1 | N89: =IFERROR(IF(OR(BK89>0),1,0),0) -> 0 | O89: =IFERROR(IF(OR(CC89>0),1,0),0) -> 1 | P89: =IFERROR(IF(OR(AV89>0,CC89>0),1,0),0) -> 1 | Q89: =JL89 -> 1 | R89: =JM89 -> 1 | S89: =JN89 -> 1 | T89: =JO89 -> 0 | U89: =JP89 -> 1 | V89: =JQ89 -> 1 | W89: =JR89 -> 1 | X89: =JS89 -> 1 | ... AU89: =KP89 -> 0 | AV89: =SUM(Q89:AU89) -> 12 | AW89: =IFERROR(AV89/$CF$2/(J89-K89),0) -> 0.92307692 | AX89: =KQ89 -> 10 | AY89: =KR89 -> 9 | AZ89: =KS89 -> 2 | BA89: =KT89 -> 0 | BB89: =KU89 -> 10 | BC89: =KV89 -> 6 | BD89: =KW89 -> 11 | BE89: =KX89 -> 10 | ... CB89: =LU89 -> 0 | CC89: =SUM(AX89:CB89) -> 86 | CD89: =IFERROR(CC89/$CF$2/(J89-K89),0) -> 6.6153846 | JJ89: Formula | JK89: =D89 -> ISB01-PHR-MIO-04 | JL89: 1 | JM89: 1 | JN89: 1 | JO89: 0 | JP89: 1 | JQ89: 1 | JR89: 1 | JS89: 1 | JT89: 1 | JU89: 1 | JV89: 0 | JW89: 1 | JX89: 1 | JY89: 1 | KQ89: 10 | KR89: 9 | KS89: 2 | KT89: 0 | KU89: 10 | KV89: 6 | KW89: 11 | KX89: 10 | KY89: 9 | KZ89: 2 | LA89: 0 | LB89: 10 | LC89: 7 | LD89: 0
A90: MIO | B90: North | C90: Islamabad | D90: ISB01-PHR-MIO-05 | E90: 0412005 | F90: MR. FARRUKH SHAHZAD (PHR-ISB-05) | G90: E-00658 | H90: 43652 | I90: Jhelum/ AJK/Chakwal | J90: 1 | K90: 0 | L90: =IFERROR(IF(OR(AD90>0),1,0),0) -> 1 | M90: =IFERROR(IF(OR(AV90>0),1,0),0) -> 1 | N90: =IFERROR(IF(OR(BK90>0),1,0),0) -> 1 | O90: =IFERROR(IF(OR(CC90>0),1,0),0) -> 1 | P90: =IFERROR(IF(OR(AV90>0,CC90>0),1,0),0) -> 1 | Q90: =JL90 -> 1 | R90: =JM90 -> 1 | S90: =JN90 -> 1 | T90: =JO90 -> 0 | U90: =JP90 -> 0 | V90: =JQ90 -> 1 | W90: =JR90 -> 1 | X90: =JS90 -> 1 | ... AU90: =KP90 -> 0 | AV90: =SUM(Q90:AU90) -> 11 | AW90: =IFERROR(AV90/$CF$2/(J90-K90),0) -> 0.84615385 | AX90: =KQ90 -> 9 | AY90: =KR90 -> 9 | AZ90: =KS90 -> 9 | BA90: =KT90 -> 0 | BB90: =KU90 -> 10 | BC90: =KV90 -> 11 | BD90: =KW90 -> 8 | BE90: =KX90 -> 9 | ... CB90: =LU90 -> 0 | CC90: =SUM(AX90:CB90) -> 98 | CD90: =IFERROR(CC90/$CF$2/(J90-K90),0) -> 7.5384615 | JJ90: Formula | JK90: =D90 -> ISB01-PHR-MIO-05 | JL90: 1 | JM90: 1 | JN90: 1 | JO90: 0 | JP90: 0 | JQ90: 1 | JR90: 1 | JS90: 1 | JT90: 1 | JU90: 1 | JV90: 0 | JW90: 1 | JX90: 1 | JY90: 1 | KQ90: 9 | KR90: 9 | KS90: 9 | KT90: 0 | KU90: 10 | KV90: 11 | KW90: 8 | KX90: 9 | KY90: 9 | KZ90: 5 | LA90: 0 | LB90: 7 | LC90: 9 | LD90: 3
A91: MIO | B91: North | C91: Islamabad | D91: ISB01-PHR-MIO-06 | E91: 0511005 | F91: MS. NIGHAT YASMEEN (PHR-ISB-06) | G91: E-01672 | H91: 45091 | I91: Chakwal/Manshera | J91: 1 | K91: 0 | L91: =IFERROR(IF(OR(AD91>0),1,0),0) -> 1 | M91: =IFERROR(IF(OR(AV91>0),1,0),0) -> 1 | N91: =IFERROR(IF(OR(BK91>0),1,0),0) -> 0 | O91: =IFERROR(IF(OR(CC91>0),1,0),0) -> 1 | P91: =IFERROR(IF(OR(AV91>0,CC91>0),1,0),0) -> 1 | Q91: =JL91 -> 1 | R91: =JM91 -> 1 | S91: =JN91 -> 1 | T91: =JO91 -> 0 | U91: =JP91 -> 1 | V91: =JQ91 -> 1 | W91: =JR91 -> 1 | X91: =JS91 -> 1 | ... AU91: =KP91 -> 0 | AV91: =SUM(Q91:AU91) -> 12 | AW91: =IFERROR(AV91/$CF$2/(J91-K91),0) -> 0.92307692 | AX91: =KQ91 -> 13 | AY91: =KR91 -> 10 | AZ91: =KS91 -> 10 | BA91: =KT91 -> 0 | BB91: =KU91 -> 12 | BC91: =KV91 -> 12 | BD91: =KW91 -> 13 | BE91: =KX91 -> 17 | ... CB91: =LU91 -> 0 | CC91: =SUM(AX91:CB91) -> 123 | CD91: =IFERROR(CC91/$CF$2/(J91-K91),0) -> 9.4615385 | JJ91: Formula | JK91: =D91 -> ISB01-PHR-MIO-06 | JL91: 1 | JM91: 1 | JN91: 1 | JO91: 0 | JP91: 1 | JQ91: 1 | JR91: 1 | JS91: 1 | JT91: 1 | JU91: 1 | JV91: 0 | JW91: 1 | JX91: 1 | JY91: 1 | KQ91: 13 | KR91: 10 | KS91: 10 | KT91: 0 | KU91: 12 | KV91: 12 | KW91: 13 | KX91: 17 | KY91: 9 | KZ91: 7 | LA91: 0 | LB91: 12 | LC91: 8 | LD91: 0
A92: MIO | B92: North | C92: Islamabad | D92: ISB01-PHR-MIO-07 | E92: 0813001 | F92: MS. ISMA (PHR-ISB-07) | G92: E-02557 | H92: 45721 | I92: Rawalpindi | J92: 1 | K92: 0 | L92: =IFERROR(IF(OR(AD92>0),1,0),0) -> 1 | M92: =IFERROR(IF(OR(AV92>0),1,0),0) -> 1 | N92: =IFERROR(IF(OR(BK92>0),1,0),0) -> 1 | O92: =IFERROR(IF(OR(CC92>0),1,0),0) -> 1 | P92: =IFERROR(IF(OR(AV92>0,CC92>0),1,0),0) -> 1 | Q92: =JL92 -> 1 | R92: =JM92 -> 1 | S92: =JN92 -> 0 | T92: =JO92 -> 0 | U92: =JP92 -> 1 | V92: =JQ92 -> 1 | W92: =JR92 -> 1 | X92: =JS92 -> 1 | ... AU92: =KP92 -> 0 | AV92: =SUM(Q92:AU92) -> 11 | AW92: =IFERROR(AV92/$CF$2/(J92-K92),0) -> 0.84615385 | AX92: =KQ92 -> 14 | AY92: =KR92 -> 9 | AZ92: =KS92 -> 0 | BA92: =KT92 -> 0 | BB92: =KU92 -> 14 | BC92: =KV92 -> 8 | BD92: =KW92 -> 12 | BE92: =KX92 -> 12 | ... CB92: =LU92 -> 0 | CC92: =SUM(AX92:CB92) -> 105 | CD92: =IFERROR(CC92/$CF$2/(J92-K92),0) -> 8.0769231 | JJ92: Formula | JK92: =D92 -> ISB01-PHR-MIO-07 | JL92: 1 | JM92: 1 | JN92: 0 | JO92: 0 | JP92: 1 | JQ92: 1 | JR92: 1 | JS92: 1 | JT92: 1 | JU92: 1 | JV92: 0 | JW92: 1 | JX92: 1 | JY92: 1 | KQ92: 14 | KR92: 9 | KS92: 0 | KT92: 0 | KU92: 14 | KV92: 8 | KW92: 12 | KX92: 12 | KY92: 6 | KZ92: 11 | LA92: 0 | LB92: 11 | LC92: 5 | LD92: 3
A93: MIO | B93: North | C93: Islamabad | D93: ISB01-PHR-MIO-08 | E93: 0813002 | F93: RANI BARNARD (PHR-ISB-08) | G93: E-02579 | H93: 45764 | I93: Rawalpindi | J93: 1 | K93: 0 | L93: =IFERROR(IF(OR(AD93>0),1,0),0) -> 1 | M93: =IFERROR(IF(OR(AV93>0),1,0),0) -> 1 | N93: =IFERROR(IF(OR(BK93>0),1,0),0) -> 1 | O93: =IFERROR(IF(OR(CC93>0),1,0),0) -> 1 | P93: =IFERROR(IF(OR(AV93>0,CC93>0),1,0),0) -> 1 | Q93: =JL93 -> 1 | R93: =JM93 -> 1 | S93: =JN93 -> 1 | T93: =JO93 -> 0 | U93: =JP93 -> 1 | V93: =JQ93 -> 1 | W93: =JR93 -> 1 | X93: =JS93 -> 1 | ... AU93: =KP93 -> 0 | AV93: =SUM(Q93:AU93) -> 12 | AW93: =IFERROR(AV93/$CF$2/(J93-K93),0) -> 0.92307692 | AX93: =KQ93 -> 9 | AY93: =KR93 -> 0 | AZ93: =KS93 -> 0 | BA93: =KT93 -> 0 | BB93: =KU93 -> 13 | BC93: =KV93 -> 13 | BD93: =KW93 -> 9 | BE93: =KX93 -> 11 | ... CB93: =LU93 -> 0 | CC93: =SUM(AX93:CB93) -> 93 | CD93: =IFERROR(CC93/$CF$2/(J93-K93),0) -> 7.1538462 | JJ93: Formula | JK93: =D93 -> ISB01-PHR-MIO-08 | JL93: 1 | JM93: 1 | JN93: 1 | JO93: 0 | JP93: 1 | JQ93: 1 | JR93: 1 | JS93: 1 | JT93: 1 | JU93: 1 | JV93: 0 | JW93: 1 | JX93: 1 | JY93: 1 | KQ93: 9 | KR93: 0 | KS93: 0 | KT93: 0 | KU93: 13 | KV93: 13 | KW93: 9 | KX93: 11 | KY93: 13 | KZ93: 8 | LA93: 0 | LB93: 8 | LC93: 5 | LD93: 4
A94: MIO | B94: North | C94: Islamabad | D94: ISB01-PHR-MIO-09 | E94: 0511007 | F94: NADEEM NIAZ (PHR-ISB-09) | G94: E-01738 | H94: 45149 | I94: Mansehra | J94: 1 | K94: 0 | L94: =IFERROR(IF(OR(AD94>0),1,0),0) -> 0 | M94: =IFERROR(IF(OR(AV94>0),1,0),0) -> 1 | N94: =IFERROR(IF(OR(BK94>0),1,0),0) -> 0 | O94: =IFERROR(IF(OR(CC94>0),1,0),0) -> 1 | P94: =IFERROR(IF(OR(AV94>0,CC94>0),1,0),0) -> 1 | Q94: =JL94 -> 1 | R94: =JM94 -> 1 | S94: =JN94 -> 1 | T94: =JO94 -> 0 | U94: =JP94 -> 1 | V94: =JQ94 -> 0 | W94: =JR94 -> 1 | X94: =JS94 -> 1 | ... AU94: =KP94 -> 0 | AV94: =SUM(Q94:AU94) -> 9 | AW94: =IFERROR(AV94/$CF$2/(J94-K94),0) -> 0.69230769 | AX94: =KQ94 -> 1 | AY94: =KR94 -> 10 | AZ94: =KS94 -> 6 | BA94: =KT94 -> 0 | BB94: =KU94 -> 6 | BC94: =KV94 -> 6 | BD94: =KW94 -> 0 | BE94: =KX94 -> 0 | ... CB94: =LU94 -> 0 | CC94: =SUM(AX94:CB94) -> 40 | CD94: =IFERROR(CC94/$CF$2/(J94-K94),0) -> 3.0769231 | JJ94: Formula | JK94: =D94 -> ISB01-PHR-MIO-09 | JL94: 1 | JM94: 1 | JN94: 1 | JO94: 0 | JP94: 1 | JQ94: 0 | JR94: 1 | JS94: 1 | JT94: 1 | JU94: 1 | JV94: 0 | JW94: 1 | JX94: 0 | JY94: 0 | KQ94: 1 | KR94: 10 | KS94: 6 | KT94: 0 | KU94: 6 | KV94: 6 | KW94: 0 | KX94: 0 | KY94: 2 | KZ94: 4 | LA94: 0 | LB94: 5 | LC94: 0 | LD94: 0
A95: MIO Unmap | B95: North | C95: Islamabad | D95: ISB01-PHR-MIO-00 | E95: 0511006 | F95: ISB01 - PHR UNMAPPED | G95: UN-DEFINED | H95: UN-DEFINED | I95: Islamabad | J95: 0 | K95: 0 | L95: =IFERROR(IF(OR(AD95>0),1,0),0) -> 0 | M95: =IFERROR(IF(OR(AV95>0),1,0),0) -> 0 | N95: =IFERROR(IF(OR(BK95>0),1,0),0) -> 0 | O95: =IFERROR(IF(OR(CC95>0),1,0),0) -> 0 | P95: =IFERROR(IF(OR(AV95>0,CC95>0),1,0),0) -> 0 | Q95: =JL95 -> 0 | R95: =JM95 -> 0 | S95: =JN95 -> 0 | T95: =JO95 -> 0 | U95: =JP95 -> 0 | V95: =JQ95 -> 0 | W95: =JR95 -> 0 | X95: =JS95 -> 0 | ... AU95: =KP95 -> 0 | AV95: =SUM(Q95:AU95) -> 0 | AW95: =IFERROR(AV95/$CF$2/(J95-K95),0) -> 0 | AX95: =KQ95 -> 0 | AY95: =KR95 -> 0 | AZ95: =KS95 -> 0 | BA95: =KT95 -> 0 | BB95: =KU95 -> 0 | BC95: =KV95 -> 0 | BD95: =KW95 -> 0 | BE95: =KX95 -> 0 | ... CB95: =LU95 -> 0 | CC95: =SUM(AX95:CB95) -> 0 | CD95: =IFERROR(CC95/$CF$2/(J95-K95),0) -> 0 | JJ95: Formula | JK95: =D95 -> ISB01-PHR-MIO-00 | JL95: 0 | JM95: 0 | JN95: 0 | JO95: 0 | JP95: 0 | JQ95: 0 | JR95: 0 | JS95: 0 | JT95: 0 | JU95: 0 | JV95: 0 | JW95: 0 | JX95: 0 | JY95: 0 | KQ95: 0 | KR95: 0 | KS95: 0 | KT95: 0 | KU95: 0 | KV95: 0 | KW95: 0 | KX95: 0 | KY95: 0 | KZ95: 0 | LA95: 0 | LB95: 0 | LC95: 0 | LD95: 0
A96: ASM | B96: North | C96: Islamabad | D96: ISB01-PHR-ASM-01 | E96: 05110 | F96: MS. AMNA YASIR | G96: E-00167 | H96: 45689 | I96: Islamabad | J96: 9 | K96: =SUM(K86:K95) -> 1 | L96: =SUM(L86:L95) -> 7 | M96: =SUM(M86:M95) -> 8 | N96: =SUM(N86:N95) -> 4 | O96: =SUM(O86:O95) -> 8 | P96: =SUM(P86:P95) -> 8 | Q96: =SUM(Q86:Q95) -> 7 | R96: =SUM(R86:R95) -> 8 | ... AU96: =SUM(AU86:AU95) -> 0 | AV96: =SUM(Q96:AU96) -> 88 | AW96: =IFERROR(AV96/$CF$2/(J96-K96),0) -> 0.84615385 | AX96: =SUM(AX86:AX95) -> 56 | AY96: =SUM(AY86:AY95) -> 47 | AZ96: =SUM(AZ86:AZ95) -> 44 | BA96: =SUM(BA86:BA95) -> 0 | BB96: =SUM(BB86:BB95) -> 82 | BC96: =SUM(BC86:BC95) -> 74 | BD96: =SUM(BD86:BD95) -> 71 | BE96: =SUM(BE86:BE95) -> 73 | ... CB96: =SUM(CB86:CB95) -> 0 | CC96: =SUM(AX96:CB96) -> 649 | CD96: =IFERROR(CC96/$CF$2/(J96-K96),0) -> 6.2403846 | JJ96: Formula | JK96: =D96 -> ISB01-PHR-ASM-01 | JL96: 0 | JM96: 0 | JN96: 0 | JO96: 0 | JP96: 0 | JQ96: 0 | JR96: 0 | JS96: 0 | JT96: 0 | JU96: 0 | JV96: 0 | JW96: 0 | JX96: 0 | JY96: 0 | KQ96: 0 | KR96: 0 | KS96: 0 | KT96: 0 | KU96: 0 | KV96: 0 | KW96: 0 | KX96: 0 | KY96: 0 | KZ96: 0 | LA96: 0 | LB96: 0 | LC96: 0 | LD96: 0
A97: MIO | B97: North | C97: Peshawar | D97: PSH01-PHR-MIO-01 | E97: 0512001 | F97: VACANT (PHR-PSH-01) | G97: E-00505 | H97: 43284 | I97: Charsadda/Tangi/Uni Rd/Shabqadar | J97: 1 | K97: 1 | L97: =IFERROR(IF(OR(AD97>0),1,0),0) -> 0 | M97: =IFERROR(IF(OR(AV97>0),1,0),0) -> 1 | N97: =IFERROR(IF(OR(BK97>0),1,0),0) -> 0 | O97: =IFERROR(IF(OR(CC97>0),1,0),0) -> 1 | P97: =IFERROR(IF(OR(AV97>0,CC97>0),1,0),0) -> 1 | Q97: =JL97 -> 0 | R97: =JM97 -> 0 | S97: =JN97 -> 1 | T97: =JO97 -> 0 | U97: =JP97 -> 0 | V97: =JQ97 -> 0 | W97: =JR97 -> 0 | X97: =JS97 -> 0 | ... AU97: =KP97 -> 0 | AV97: =SUM(Q97:AU97) -> 1 | AW97: =IFERROR(AV97/$CF$2/(J97-K97),0) -> 0 | AX97: =KQ97 -> 3 | AY97: =KR97 -> 12 | AZ97: =KS97 -> 0 | BA97: =KT97 -> 0 | BB97: =KU97 -> 0 | BC97: =KV97 -> 0 | BD97: =KW97 -> 0 | BE97: =KX97 -> 0 | ... CB97: =LU97 -> 0 | CC97: =SUM(AX97:CB97) -> 15 | CD97: =IFERROR(CC97/$CF$2/(J97-K97),0) -> 0 | JJ97: Formula | JK97: =D97 -> PSH01-PHR-MIO-01 | JL97: 0 | JM97: 0 | JN97: 1 | JO97: 0 | JP97: 0 | JQ97: 0 | JR97: 0 | JS97: 0 | JT97: 0 | JU97: 0 | JV97: 0 | JW97: 0 | JX97: 0 | JY97: 0 | KQ97: 3 | KR97: 12 | KS97: 0 | KT97: 0 | KU97: 0 | KV97: 0 | KW97: 0 | KX97: 0 | KY97: 0 | KZ97: 0 | LA97: 0 | LB97: 0 | LC97: 0 | LD97: 0
A98: MIO | B98: North | C98: Peshawar | D98: PSH01-PHR-MIO-02 | E98: 0512002 | F98: MS. ROZIA BIBI (PHR-PSH-02) | G98: E-00862 | H98: 44196 | I98: DABGARI/Pabbi/G.T/Cantt | J98: 1 | K98: 0 | L98: =IFERROR(IF(OR(AD98>0),1,0),0) -> 1 | M98: =IFERROR(IF(OR(AV98>0),1,0),0) -> 1 | N98: =IFERROR(IF(OR(BK98>0),1,0),0) -> 1 | O98: =IFERROR(IF(OR(CC98>0),1,0),0) -> 1 | P98: =IFERROR(IF(OR(AV98>0,CC98>0),1,0),0) -> 1 | Q98: =JL98 -> 1 | R98: =JM98 -> 1 | S98: =JN98 -> 1 | T98: =JO98 -> 0 | U98: =JP98 -> 1 | V98: =JQ98 -> 1 | W98: =JR98 -> 1 | X98: =JS98 -> 1 | ... AU98: =KP98 -> 0 | AV98: =SUM(Q98:AU98) -> 12 | AW98: =IFERROR(AV98/$CF$2/(J98-K98),0) -> 0.92307692 | AX98: =KQ98 -> 11 | AY98: =KR98 -> 10 | AZ98: =KS98 -> 10 | BA98: =KT98 -> 0 | BB98: =KU98 -> 9 | BC98: =KV98 -> 11 | BD98: =KW98 -> 10 | BE98: =KX98 -> 10 | ... CB98: =LU98 -> 0 | CC98: =SUM(AX98:CB98) -> 114 | CD98: =IFERROR(CC98/$CF$2/(J98-K98),0) -> 8.7692308 | JJ98: Formula | JK98: =D98 -> PSH01-PHR-MIO-02 | JL98: 1 | JM98: 1 | JN98: 1 | JO98: 0 | JP98: 1 | JQ98: 1 | JR98: 1 | JS98: 1 | JT98: 1 | JU98: 1 | JV98: 0 | JW98: 1 | JX98: 1 | JY98: 1 | KQ98: 11 | KR98: 10 | KS98: 10 | KT98: 0 | KU98: 9 | KV98: 11 | KW98: 10 | KX98: 10 | KY98: 10 | KZ98: 10 | LA98: 0 | LB98: 10 | LC98: 11 | LD98: 2
A99: MIO | B99: North | C99: Peshawar | D99: PSH01-PHR-MIO-03 | E99: 0512004 | F99: VACANT (PHR-PSH-03) | G99: New | I99: KTH Kohat Road Bara/Mingora | J99: 1 | K99: 1 | L99: =IFERROR(IF(OR(AD99>0),1,0),0) -> 0 | M99: =IFERROR(IF(OR(AV99>0),1,0),0) -> 0 | N99: =IFERROR(IF(OR(BK99>0),1,0),0) -> 0 | O99: =IFERROR(IF(OR(CC99>0),1,0),0) -> 0 | P99: =IFERROR(IF(OR(AV99>0,CC99>0),1,0),0) -> 0 | Q99: =JL99 -> 0 | R99: =JM99 -> 0 | S99: =JN99 -> 0 | T99: =JO99 -> 0 | U99: =JP99 -> 0 | V99: =JQ99 -> 0 | W99: =JR99 -> 0 | X99: =JS99 -> 0 | ... AU99: =KP99 -> 0 | AV99: =SUM(Q99:AU99) -> 0 | AW99: =IFERROR(AV99/$CF$2/(J99-K99),0) -> 0 | AX99: =KQ99 -> 0 | AY99: =KR99 -> 0 | AZ99: =KS99 -> 0 | BA99: =KT99 -> 0 | BB99: =KU99 -> 0 | BC99: =KV99 -> 0 | BD99: =KW99 -> 0 | BE99: =KX99 -> 0 | ... CB99: =LU99 -> 0 | CC99: =SUM(AX99:CB99) -> 0 | CD99: =IFERROR(CC99/$CF$2/(J99-K99),0) -> 0 | JJ99: Formula | JK99: =D99 -> PSH01-PHR-MIO-03 | JL99: 0 | JM99: 0 | JN99: 0 | JO99: 0 | JP99: 0 | JQ99: 0 | JR99: 0 | JS99: 0 | JT99: 0 | JU99: 0 | JV99: 0 | JW99: 0 | JX99: 0 | JY99: 0 | KQ99: 0 | KR99: 0 | KS99: 0 | KT99: 0 | KU99: 0 | KV99: 0 | KW99: 0 | KX99: 0 | KY99: 0 | KZ99: 0 | LA99: 0 | LB99: 0 | LC99: 0 | LD99: 0
A100: MIO | B100: North | C100: Peshawar | D100: PSH01-PHR-MIO-05 | E100: 0512003 | F100: VACANT PHR-PSH-05) | G100: E-02645 | H100: 45999 | I100: Mardan/Swabi | J100: 1 | K100: 1 | L100: =IFERROR(IF(OR(AD100>0),1,0),0) -> 0 | M100: =IFERROR(IF(OR(AV100>0),1,0),0) -> 0 | N100: =IFERROR(IF(OR(BK100>0),1,0),0) -> 0 | O100: =IFERROR(IF(OR(CC100>0),1,0),0) -> 0 | P100: =IFERROR(IF(OR(AV100>0,CC100>0),1,0),0) -> 0 | Q100: =JL100 -> 0 | R100: =JM100 -> 0 | S100: =JN100 -> 0 | T100: =JO100 -> 0 | U100: =JP100 -> 0 | V100: =JQ100 -> 0 | W100: =JR100 -> 0 | X100: =JS100 -> 0 | ... AU100: =KP100 -> 0 | AV100: =SUM(Q100:AU100) -> 0 | AW100: =IFERROR(AV100/$CF$2/(J100-K100),0) -> 0 | AX100: =KQ100 -> 0 | AY100: =KR100 -> 0 | AZ100: =KS100 -> 0 | BA100: =KT100 -> 0 | BB100: =KU100 -> 0 | BC100: =KV100 -> 0 | BD100: =KW100 -> 0 | BE100: =KX100 -> 0 | ... CB100: =LU100 -> 0 | CC100: =SUM(AX100:CB100) -> 0 | CD100: =IFERROR(CC100/$CF$2/(J100-K100),0) -> 0 | JJ100: Formula | JK100: =D100 -> PSH01-PHR-MIO-05 | JL100: 0 | JM100: 0 | JN100: 0 | JO100: 0 | JP100: 0 | JQ100: 0 | JR100: 0 | JS100: 0 | JT100: 0 | JU100: 0 | JV100: 0 | JW100: 0 | JX100: 0 | JY100: 0 | KQ100: 0 | KR100: 0 | KS100: 0 | KT100: 0 | KU100: 0 | KV100: 0 | KW100: 0 | KX100: 0 | KY100: 0 | KZ100: 0 | LA100: 0 | LB100: 0 | LC100: 0 | LD100: 0
...

Sheet ASM RSM
A1: =Pharma!A2 -> PHARMA Team – IKON MTD Call Performance Summary Till 14-OCT-2026 | I1: Attendance | N1: Calls + Other Exceptions | U1: Comments | Y1: Pharma Team | MIO IKON MTD Performance Report (Till 29 Jul-2026, 01:35PM)
I2: 46309 | N2: =I2 -> 46309
A3: =Pharma!A3 -> Desig | B3: =Pharma!B3 -> Zone | C3: =Pharma!C3 -> PHR Region | D3: =Pharma!F3 -> F.F Name | E3: =Pharma!J3 -> Reps | F3: =Pharma!K3 -> # Of Vacant | G3: Not Used IKON Toay | H3: =Pharma!P3 -> IKON Used | I3: # of Attn Yesterday | J3: # of Attn Today | K3: # of Attn MTD | L3: Active MIOs MTD | M3: Averg P/Rep/Day | N3: # of Calls Yesterday | O3: # of Calls Today | P3: Active MIOs Today | Q3: # of Calls MTD | R3: Active MIOs MTD | S3: Averg P/Rep/Day | T3: Status
A4: =Pharma!A10 -> ASM | B4: =Pharma!B10 -> South | C4: =Pharma!C10 -> Karachi-1 | D4: =Pharma!F10 -> VACANT ASM KHI-01 | E4: =Pharma!J10 -> 5 | F4: =Pharma!K10 -> 4 | G4: =E4-J4-F4 -> 1 | H4: =Pharma!P10 -> 1 | I4: =Pharma!AC10 -> 0 | J4: =Pharma!AD10 -> 0 | K4: =Pharma!AV10 -> 10 | L4: =Pharma!M10 -> 1 | M4: =Pharma!AW10 -> 0.76923077 | N4: =Pharma!BJ10 -> 0 | O4: =Pharma!BK10 -> 0 | P4: =Pharma!N10 -> 0 | Q4: =Pharma!CC10 -> 58 | R4: =Pharma!O10 -> 1 | S4: =Pharma!CD10 -> 4.4615385 | T4: =IF(S4>=12,"🟢 Excellent",IF(S4>=6,"🟡 Needs Improvement","🔴 Critical")) -> 🔴 Critical
A5: =Pharma!A16 -> ASM | B5: =Pharma!B16 -> South | C5: =Pharma!C16 -> Karachi-2 | D5: =Pharma!F16 -> M. ALI ANIS | E5: =Pharma!J16 -> 4 | F5: =Pharma!K16 -> 1 | G5: =E5-J5-F5 -> 1 | H5: =Pharma!P16 -> 3 | I5: =Pharma!AC16 -> 3 | J5: =Pharma!AD16 -> 2 | K5: =Pharma!AV16 -> 32 | L5: =Pharma!M16 -> 3 | M5: =Pharma!AW16 -> 0.82051282 | N5: =Pharma!BJ16 -> 32 | O5: =Pharma!BK16 -> 1 | P5: =Pharma!N16 -> 1 | Q5: =Pharma!CC16 -> 263 | R5: =Pharma!O16 -> 3 | S5: =Pharma!CD16 -> 6.7435897 | T5: =IF(S5>=12,"🟢 Excellent",IF(S5>=6,"🟡 Needs Improvement","🔴 Critical")) -> 🟡 Needs Improvement
A6: =Pharma!A24 -> ASM | B6: =Pharma!B24 -> South | C6: =Pharma!C24 -> Hyderabad | D6: =Pharma!F24 -> IMRAN QURESHI | E6: =Pharma!J24 -> 6 | F6: =Pharma!K24 -> 1 | G6: =E6-J6-F6 -> 0 | H6: =Pharma!P24 -> 5 | I6: =Pharma!AC24 -> 5 | J6: =Pharma!AD24 -> 5 | K6: =Pharma!AV24 -> 59 | L6: =Pharma!M24 -> 5 | M6: =Pharma!AW24 -> 0.90769231 | N6: =Pharma!BJ24 -> 34 | O6: =Pharma!BK24 -> 3 | P6: =Pharma!N24 -> 1 | Q6: =Pharma!CC24 -> 472 | R6: =Pharma!O24 -> 5 | S6: =Pharma!CD24 -> 7.2615385 | T6: =IF(S6>=12,"🟢 Excellent",IF(S6>=6,"🟡 Needs Improvement","🔴 Critical")) -> 🟡 Needs Improvement
A7: =Pharma!A32 -> ASM | B7: =Pharma!B32 -> South | C7: =Pharma!C32 -> Sukkur | D7: =Pharma!F32 -> TAHIR HUSSAIN | E7: =Pharma!J32 -> 6 | F7: =Pharma!K32 -> 1 | G7: =E7-J7-F7 -> 1 | H7: =Pharma!P32 -> 6 | I7: =Pharma!AC32 -> 5 | J7: =Pharma!AD32 -> 4 | K7: =Pharma!AV32 -> 57 | L7: =Pharma!M32 -> 5 | M7: =Pharma!AW32 -> 0.87692308 | N7: =Pharma!BJ32 -> 24 | O7: =Pharma!BK32 -> 3 | P7: =Pharma!N32 -> 1 | Q7: =Pharma!CC32 -> 326 | R7: =Pharma!O32 -> 6 | S7: =Pharma!CD32 -> 5.0153846 | T7: =IF(S7>=12,"🟢 Excellent",IF(S7>=6,"🟡 Needs Improvement","🔴 Critical")) -> 🔴 Critical
A8: =Pharma!A33 -> RSM | B8: =Pharma!B33 -> South | C8: =Pharma!C33 -> Karachi | D8: =Pharma!F33 -> Mr. Zahid Ali Shah | E8: =Pharma!J33 -> 21 | F8: =Pharma!K33 -> 7 | G8: =E8-J8-F8 -> 3 | H8: =Pharma!P33 -> 15 | I8: =Pharma!AC33 -> 13 | J8: =Pharma!AD33 -> 11 | K8: =Pharma!AV33 -> 158 | L8: =Pharma!M33 -> 14 | M8: =Pharma!AW33 -> 0.86813187 | N8: =Pharma!BJ33 -> 90 | O8: =Pharma!BK33 -> 7 | P8: =Pharma!N33 -> 3 | Q8: =Pharma!CC33 -> 1119 | R8: =Pharma!O33 -> 15 | S8: =Pharma!CD33 -> 6.1483516 | T8: =IF(S8>=12,"🟢 Excellent",IF(S8>=6,"🟡 Needs Improvement","🔴 Critical")) -> 🟡 Needs Improvement
A9: =Pharma!A40 -> ASM | B9: =Pharma!B40 -> Central | C9: =Pharma!C40 -> Lahore-1 | D9: =Pharma!F40 -> SHAHID SULTAN | E9: =Pharma!J40 -> 5 | F9: =Pharma!K40 -> 1 | G9: =E9-J9-F9 -> 1 | H9: =Pharma!P40 -> 4 | I9: =Pharma!AC40 -> 4 | J9: =Pharma!AD40 -> 3 | K9: =Pharma!AV40 -> 42 | L9: =Pharma!M40 -> 4 | M9: =Pharma!AW40 -> 0.80769231 | N9: =Pharma!BJ40 -> 37 | O9: =Pharma!BK40 -> 13 | P9: =Pharma!N40 -> 3 | Q9: =Pharma!CC40 -> 418 | R9: =Pharma!O40 -> 4 | S9: =Pharma!CD40 -> 8.0384615 | T9: =IF(S9>=12,"🟢 Excellent",IF(S9>=6,"🟡 Needs Improvement","🔴 Critical")) -> 🟡 Needs Improvement
A10: =Pharma!A47 -> ASM | B10: =Pharma!B47 -> Central | C10: =Pharma!C47 -> Lahore-2 | D10: =Pharma!F47 -> M. KHURRAM NAZIR | E10: =Pharma!J47 -> 5 | F10: =Pharma!K47 -> 1 | G10: =E10-J10-F10 -> 1 | H10: =Pharma!P47 -> 4 | I10: =Pharma!AC47 -> 3 | J10: =Pharma!AD47 -> 3 | K10: =Pharma!AV47 -> 41 | L10: =Pharma!M47 -> 4 | M10: =Pharma!AW47 -> 0.78846154 | N10: =Pharma!BJ47 -> 33 | O10: =Pharma!BK47 -> 1 | P10: =Pharma!N47 -> 1 | Q10: =Pharma!CC47 -> 309 | R10: =Pharma!O47 -> 4 | S10: =Pharma!CD47 -> 5.9423077 | T10: =IF(S10>=12,"🟢 Excellent",IF(S10>=6,"🟡 Needs Improvement","🔴 Critical")) -> 🔴 Critical
A11: =Pharma!A54 -> ASM | B11: =Pharma!B54 -> Central | C11: =Pharma!C54 -> Gujranwala-1 | D11: =Pharma!F54 -> UMAR SHARIF | E11: =Pharma!J54 -> 5 | F11: =Pharma!K54 -> 1 | G11: =E11-J11-F11 -> 1 | H11: =Pharma!P54 -> 4 | I11: =Pharma!AC54 -> 4 | J11: =Pharma!AD54 -> 3 | K11: =Pharma!AV54 -> 47 | L11: =Pharma!M54 -> 4 | M11: =Pharma!AW54 -> 0.90384615 | N11: =Pharma!BJ54 -> 54 | O11: =Pharma!BK54 -> 8 | P11: =Pharma!N54 -> 1 | Q11: =Pharma!CC54 -> 486 | R11: =Pharma!O54 -> 4 | S11: =Pharma!CD54 -> 9.3461538 | T11: =IF(S11>=12,"🟢 Excellent",IF(S11>=6,"🟡 Needs Improvement","🔴 Critical")) -> 🟡 Needs Improvement
A12: =Pharma!A61 -> ASM | B12: =Pharma!B61 -> Central | C12: =Pharma!C61 -> Bahawalpur | D12: =Pharma!F61 -> WAJIH UL MALIK | E12: =Pharma!J61 -> 5 | F12: =Pharma!K61 -> 0 | G12: =E12-J12-F12 -> 0 | H12: =Pharma!P61 -> 5 | I12: =Pharma!AC61 -> 5 | J12: =Pharma!AD61 -> 5 | K12: =Pharma!AV61 -> 60 | L12: =Pharma!M61 -> 5 | M12: =Pharma!AW61 -> 0.92307692 | N12: =Pharma!BJ61 -> 65 | O12: =Pharma!BK61 -> 5 | P12: =Pharma!N61 -> 3 | Q12: =Pharma!CC61 -> 711 | R12: =Pharma!O61 -> 5 | S12: =Pharma!CD61 -> 10.938462 | T12: =IF(S12>=12,"🟢 Excellent",IF(S12>=6,"🟡 Needs Improvement","🔴 Critical")) -> 🟡 Needs Improvement
A13: =Pharma!A68 -> ASM | B13: =Pharma!B68 -> Central | C13: =Pharma!C68 -> Multan | D13: =Pharma!F68 -> M. SAJID | E13: =Pharma!J68 -> 5 | F13: =Pharma!K68 -> 0 | G13: =E13-J13-F13 -> 0 | H13: =Pharma!P68 -> 5 | I13: =Pharma!AC68 -> 5 | J13: =Pharma!AD68 -> 5 | K13: =Pharma!AV68 -> 59 | L13: =Pharma!M68 -> 5 | M13: =Pharma!AW68 -> 0.90769231 | N13: =Pharma!BJ68 -> 49 | O13: =Pharma!BK68 -> 1 | P13: =Pharma!N68 -> 1 | Q13: =Pharma!CC68 -> 558 | R13: =Pharma!O68 -> 5 | S13: =Pharma!CD68 -> 8.5846154 | T13: =IF(S13>=12,"🟢 Excellent",IF(S13>=6,"🟡 Needs Improvement","🔴 Critical")) -> 🟡 Needs Improvement
A14: =Pharma!A69 -> RSM | B14: =Pharma!B69 -> Central | C14: =Pharma!C69 -> Lahore | D14: ATIF SULTAN | E14: =Pharma!J69 -> 25 | F14: =Pharma!K69 -> 3 | G14: =E14-J14-F14 -> 3 | H14: =Pharma!P69 -> 22 | I14: =Pharma!AC69 -> 21 | J14: =Pharma!AD69 -> 19 | K14: =Pharma!AV69 -> 249 | L14: =Pharma!M69 -> 22 | M14: =Pharma!AW69 -> 0.87062937 | N14: =Pharma!BJ69 -> 238 | O14: =Pharma!BK69 -> 28 | P14: =Pharma!N69 -> 9 | Q14: =Pharma!CC69 -> 2482 | R14: =Pharma!O69 -> 22 | S14: =Pharma!CD69 -> 8.6783217 | T14: =IF(S14>=12,"🟢 Excellent",IF(S14>=6,"🟡 Needs Improvement","🔴 Critical")) -> 🟡 Needs Improvement
A15: =Pharma!A77 -> ASM | B15: =Pharma!B77 -> North | C15: =Pharma!C77 -> Faisalabad | D15: =Pharma!F77 -> M. IMRAN | E15: =Pharma!J77 -> 6 | F15: =Pharma!K77 -> 0 | G15: =E15-J15-F15 -> 1 | H15: =Pharma!P77 -> 6 | I15: =Pharma!AC77 -> 6 | J15: =Pharma!AD77 -> 5 | K15: =Pharma!AV77 -> 65 | L15: =Pharma!M77 -> 6 | M15: =Pharma!AW77 -> 0.83333333 | N15: =Pharma!BJ77 -> 56 | O15: =Pharma!BK77 -> 9 | P15: =Pharma!N77 -> 5 | Q15: =Pharma!CC77 -> 595 | R15: =Pharma!O77 -> 6 | S15: =Pharma!CD77 -> 7.6282051 | T15: =IF(S15>=12,"🟢 Excellent",IF(S15>=6,"🟡 Needs Improvement","🔴 Critical")) -> 🟡 Needs Improvement
A16: =Pharma!A85 -> ASM | B16: =Pharma!B85 -> North | C16: =Pharma!C85 -> Sargodha | D16: =Pharma!F85 -> AMIR ABBAS | E16: =Pharma!J85 -> 6 | F16: =Pharma!K85 -> 1 | G16: =E16-J16-F16 -> 1 | H16: =Pharma!P85 -> 5 | I16: =Pharma!AC85 -> 5 | J16: =Pharma!AD85 -> 4 | K16: =Pharma!AV85 -> 56 | L16: =Pharma!M85 -> 5 | M16: =Pharma!AW85 -> 0.86153846 | N16: =Pharma!BJ85 -> 38 | O16: =Pharma!BK85 -> 2 | P16: =Pharma!N85 -> 1 | Q16: =Pharma!CC85 -> 422 | R16: =Pharma!O85 -> 5 | S16: =Pharma!CD85 -> 6.4923077 | T16: =IF(S16>=12,"🟢 Excellent",IF(S16>=6,"🟡 Needs Improvement","🔴 Critical")) -> 🟡 Needs Improvement
A17: =Pharma!A96 -> ASM | B17: =Pharma!B96 -> North | C17: =Pharma!C96 -> Islamabad | D17: =Pharma!F96 -> MS. AMNA YASIR | E17: =Pharma!J96 -> 9 | F17: =Pharma!K96 -> 1 | G17: =E17-J17-F17 -> 1 | H17: =Pharma!P96 -> 8 | I17: =Pharma!AC96 -> 7 | J17: =Pharma!AD96 -> 7 | K17: =Pharma!AV96 -> 88 | L17: =Pharma!M96 -> 8 | M17: =Pharma!AW96 -> 0.84615385 | N17: =Pharma!BJ96 -> 42 | O17: =Pharma!BK96 -> 11 | P17: =Pharma!N96 -> 4 | Q17: =Pharma!CC96 -> 649 | R17: =Pharma!O96 -> 8 | S17: =Pharma!CD96 -> 6.2403846 | T17: =IF(S17>=12,"🟢 Excellent",IF(S17>=6,"🟡 Needs Improvement","🔴 Critical")) -> 🟡 Needs Improvement
A18: =Pharma!A107 -> ASM | B18: =Pharma!B107 -> North | C18: =Pharma!C107 -> Peshawar | D18: FAROOQ AHMED | E18: =Pharma!J107 -> 9 | F18: =Pharma!K107 -> 5 | G18: =E18-J18-F18 -> 0 | H18: =Pharma!P107 -> 5 | I18: =Pharma!AC107 -> 4 | J18: =Pharma!AD107 -> 4 | K18: =Pharma!AV107 -> 46 | L18: =Pharma!M107 -> 5 | M18: =Pharma!AW107 -> 0.88461538 | N18: =Pharma!BJ107 -> 39 | O18: =Pharma!BK107 -> 6 | P18: =Pharma!N107 -> 2 | Q18: =Pharma!CC107 -> 420 | R18: =Pharma!O107 -> 5 | S18: =Pharma!CD107 -> 8.0769231 | T18: =IF(S18>=12,"🟢 Excellent",IF(S18>=6,"🟡 Needs Improvement","🔴 Critical")) -> 🟡 Needs Improvement
A19: =Pharma!A108 -> RSM | B19: =Pharma!B108 -> North | C19: =Pharma!C108 -> Islamabad | D19: ABID NASEEM | E19: =Pharma!J108 -> 30 | F19: =Pharma!K108 -> 7 | G19: =E19-J19-F19 -> 3 | H19: =Pharma!P108 -> 24 | I19: =Pharma!AC108 -> 22 | J19: =Pharma!AD108 -> 20 | K19: =Pharma!AV108 -> 255 | L19: =Pharma!M108 -> 24 | M19: =Pharma!AW108 -> 0.85284281 | N19: =Pharma!BJ108 -> 175 | O19: =Pharma!BK108 -> 28 | P19: =Pharma!N108 -> 12 | Q19: =Pharma!CC108 -> 2086 | R19: =Pharma!O108 -> 24 | S19: =Pharma!CD108 -> 6.9765886 | T19: =IF(S19>=12,"🟢 Excellent",IF(S19>=6,"🟡 Needs Improvement","🔴 Critical")) -> 🟡 Needs Improvement
A20: =Pharma!A109 -> HOD | B20: =Pharma!B109 -> National | C20: =Pharma!C109 -> National Pharma | D20: =Pharma!F109 -> M. Qaiser Hassan | E20: =Pharma!J109 -> 76 | F20: =Pharma!K109 -> 17 | G20: =E20-J20-F20 -> 9 | H20: =Pharma!P109 -> 61 | I20: =Pharma!AC109 -> 56 | J20: =Pharma!AD109 -> 50 | K20: =Pharma!AV109 -> 662 | L20: =Pharma!M109 -> 60 | M20: =Pharma!AW109 -> 0.863103 | N20: =Pharma!BJ109 -> 503 | O20: =Pharma!BK109 -> 63 | P20: =Pharma!N109 -> 24 | Q20: =Pharma!CC109 -> 5687 | R20: =Pharma!O109 -> 61 | S20: =Pharma!CD109 -> 7.4146023 | T20: =IF(S20>=12,"🟢 Excellent",IF(S20>=6,"🟡 Needs Improvement","🔴 Critical")) -> 🟡 Needs Improvement

Sheet TODAY
A1: ='ASM RSM'!A1 -> PHARMA Team – IKON MTD Call Performance Summary Till 14-OCT-2026 | I1: ='ASM RSM'!I1 -> Attendance | K1: ='ASM RSM'!N1 -> Calls + Other Exceptions | M1: ='ASM RSM'!U1 -> Comments
I2: ='ASM RSM'!I2 -> 46309 | K2: ='ASM RSM'!N2 -> 46309
A3: ='ASM RSM'!A3 -> Desig | B3: ='ASM RSM'!B3 -> Zone | C3: ='ASM RSM'!C3 -> PHR Region | D3: ='ASM RSM'!D3 -> F.F Name | E3: ='ASM RSM'!E3 -> Reps | F3: ='ASM RSM'!F3 -> # Of Vacant | G3: ='ASM RSM'!G3 -> Not Used IKON Toay | H3: Not Used IKON Toay | I3: ='ASM RSM'!J3 -> # of Attn Today | J3: ='ASM RSM'!K3 -> # of Attn MTD | K3: ='ASM RSM'!O3 -> # of Calls Today | L3: ='ASM RSM'!P3 -> Active MIOs Today
A4: ='ASM RSM'!A4 -> ASM | B4: ='ASM RSM'!B4 -> South | C4: ='ASM RSM'!C4 -> Karachi-1 | D4: ='ASM RSM'!D4 -> VACANT ASM KHI-01 | E4: ='ASM RSM'!E4 -> 5 | F4: ='ASM RSM'!F4 -> 4 | G4: ='ASM RSM'!G4 -> 1 | H4: =E4-I4 -> 5 | I4: ='ASM RSM'!J4 -> 0 | J4: ='ASM RSM'!K4 -> 10 | K4: ='ASM RSM'!O4 -> 0 | L4: ='ASM RSM'!P4 -> 0
A5: ='ASM RSM'!A5 -> ASM | B5: ='ASM RSM'!B5 -> South | C5: ='ASM RSM'!C5 -> Karachi-2 | D5: ='ASM RSM'!D5 -> M. ALI ANIS | E5: ='ASM RSM'!E5 -> 4 | F5: ='ASM RSM'!F5 -> 1 | G5: ='ASM RSM'!G5 -> 1 | H5: =E5-I5 -> 2 | I5: ='ASM RSM'!J5 -> 2 | J5: ='ASM RSM'!K5 -> 32 | K5: ='ASM RSM'!O5 -> 1 | L5: ='ASM RSM'!P5 -> 1
A6: ='ASM RSM'!A6 -> ASM | B6: ='ASM RSM'!B6 -> South | C6: ='ASM RSM'!C6 -> Hyderabad | D6: ='ASM RSM'!D6 -> IMRAN QURESHI | E6: ='ASM RSM'!E6 -> 6 | F6: ='ASM RSM'!F6 -> 1 | G6: ='ASM RSM'!G6 -> 0 | H6: =E6-I6 -> 1 | I6: ='ASM RSM'!J6 -> 5 | J6: ='ASM RSM'!K6 -> 59 | K6: ='ASM RSM'!O6 -> 3 | L6: ='ASM RSM'!P6 -> 1
A7: ='ASM RSM'!A7 -> ASM | B7: ='ASM RSM'!B7 -> South | C7: ='ASM RSM'!C7 -> Sukkur | D7: ='ASM RSM'!D7 -> TAHIR HUSSAIN | E7: ='ASM RSM'!E7 -> 6 | F7: ='ASM RSM'!F7 -> 1 | G7: ='ASM RSM'!G7 -> 1 | H7: =E7-I7 -> 2 | I7: ='ASM RSM'!J7 -> 4 | J7: ='ASM RSM'!K7 -> 57 | K7: ='ASM RSM'!O7 -> 3 | L7: ='ASM RSM'!P7 -> 1
A8: ='ASM RSM'!A8 -> RSM | B8: ='ASM RSM'!B8 -> South | C8: ='ASM RSM'!C8 -> Karachi | D8: ='ASM RSM'!D8 -> Mr. Zahid Ali Shah | E8: ='ASM RSM'!E8 -> 21 | F8: ='ASM RSM'!F8 -> 7 | G8: ='ASM RSM'!G8 -> 3 | H8: =E8-I8 -> 10 | I8: ='ASM RSM'!J8 -> 11 | J8: ='ASM RSM'!K8 -> 158 | K8: ='ASM RSM'!O8 -> 7 | L8: ='ASM RSM'!P8 -> 3
A9: ='ASM RSM'!A9 -> ASM | B9: ='ASM RSM'!B9 -> Central | C9: ='ASM RSM'!C9 -> Lahore-1 | D9: ='ASM RSM'!D9 -> SHAHID SULTAN | E9: ='ASM RSM'!E9 -> 5 | F9: ='ASM RSM'!F9 -> 1 | G9: ='ASM RSM'!G9 -> 1 | H9: =E9-I9 -> 2 | I9: ='ASM RSM'!J9 -> 3 | J9: ='ASM RSM'!K9 -> 42 | K9: ='ASM RSM'!O9 -> 13 | L9: ='ASM RSM'!P9 -> 3
A10: ='ASM RSM'!A10 -> ASM | B10: ='ASM RSM'!B10 -> Central | C10: ='ASM RSM'!C10 -> Lahore-2 | D10: ='ASM RSM'!D10 -> M. KHURRAM NAZIR | E10: ='ASM RSM'!E10 -> 5 | F10: ='ASM RSM'!F10 -> 1 | G10: ='ASM RSM'!G10 -> 1 | H10: =E10-I10 -> 2 | I10: ='ASM RSM'!J10 -> 3 | J10: ='ASM RSM'!K10 -> 41 | K10: ='ASM RSM'!O10 -> 1 | L10: ='ASM RSM'!P10 -> 1
A11: ='ASM RSM'!A11 -> ASM | B11: ='ASM RSM'!B11 -> Central | C11: ='ASM RSM'!C11 -> Gujranwala-1 | D11: ='ASM RSM'!D11 -> UMAR SHARIF | E11: ='ASM RSM'!E11 -> 5 | F11: ='ASM RSM'!F11 -> 1 | G11: ='ASM RSM'!G11 -> 1 | H11: =E11-I11 -> 2 | I11: ='ASM RSM'!J11 -> 3 | J11: ='ASM RSM'!K11 -> 47 | K11: ='ASM RSM'!O11 -> 8 | L11: ='ASM RSM'!P11 -> 1
A12: ='ASM RSM'!A12 -> ASM | B12: ='ASM RSM'!B12 -> Central | C12: ='ASM RSM'!C12 -> Bahawalpur | D12: ='ASM RSM'!D12 -> WAJIH UL MALIK | E12: ='ASM RSM'!E12 -> 5 | F12: ='ASM RSM'!F12 -> 0 | G12: ='ASM RSM'!G12 -> 0 | H12: =E12-I12 -> 0 | I12: ='ASM RSM'!J12 -> 5 | J12: ='ASM RSM'!K12 -> 60 | K12: ='ASM RSM'!O12 -> 5 | L12: ='ASM RSM'!P12 -> 3
A13: ='ASM RSM'!A13 -> ASM | B13: ='ASM RSM'!B13 -> Central | C13: ='ASM RSM'!C13 -> Multan | D13: ='ASM RSM'!D13 -> M. SAJID | E13: ='ASM RSM'!E13 -> 5 | F13: ='ASM RSM'!F13 -> 0 | G13: ='ASM RSM'!G13 -> 0 | H13: =E13-I13 -> 0 | I13: ='ASM RSM'!J13 -> 5 | J13: ='ASM RSM'!K13 -> 59 | K13: ='ASM RSM'!O13 -> 1 | L13: ='ASM RSM'!P13 -> 1
A14: ='ASM RSM'!A14 -> RSM | B14: ='ASM RSM'!B14 -> Central | C14: ='ASM RSM'!C14 -> Lahore | D14: ='ASM RSM'!D14 -> ATIF SULTAN | E14: ='ASM RSM'!E14 -> 25 | F14: ='ASM RSM'!F14 -> 3 | G14: ='ASM RSM'!G14 -> 3 | H14: =E14-I14 -> 6 | I14: ='ASM RSM'!J14 -> 19 | J14: ='ASM RSM'!K14 -> 249 | K14: ='ASM RSM'!O14 -> 28 | L14: ='ASM RSM'!P14 -> 9
A15: ='ASM RSM'!A15 -> ASM | B15: ='ASM RSM'!B15 -> North | C15: ='ASM RSM'!C15 -> Faisalabad | D15: ='ASM RSM'!D15 -> M. IMRAN | E15: ='ASM RSM'!E15 -> 6 | F15: ='ASM RSM'!F15 -> 0 | G15: ='ASM RSM'!G15 -> 1 | H15: =E15-I15 -> 1 | I15: ='ASM RSM'!J15 -> 5 | J15: ='ASM RSM'!K15 -> 65 | K15: ='ASM RSM'!O15 -> 9 | L15: ='ASM RSM'!P15 -> 5
... A20: ='ASM RSM'!A20 -> HOD | B20: ='ASM RSM'!B20 -> National | C20: ='ASM RSM'!C20 -> National Pharma | D20: ='ASM RSM'!D20 -> M. Qaiser Hassan | E20: ='ASM RSM'!E20 -> 76 | F20: ='ASM RSM'!F20 -> 17 | G20: ='ASM RSM'!G20 -> 9 | H20: =E20-I20 -> 26 | I20: ='ASM RSM'!J20 -> 50 | J20: ='ASM RSM'!K20 -> 662 | K20: ='ASM RSM'!O20 -> 63 | L20: ='ASM RSM'!P20 -> 24
