Workbook
Name a: #REF!
Name a: #REF!
Name a: #REF!
Name a: #REF!
Name aa: #REF!
Name aa: #REF!
Name aa: #REF!
Name aa: #REF!
Name ABC_1: #REF!
Name abc_18: #REF!
Name abc_20: #REF!
Name abc_21: #REF!
Name ABC_4: #REF!
Name ABC_7: #REF!
Name ABC_8: #REF!
Name Admin: #REF!
Name admin_cross: #REF!
Name admin_cross_1: #REF!
Name adminfee: #REF!
Name adminfee: #REF!
Name adminfee: #REF!
Name adminfee: #REF!
Name AJK: #REF!,#REF!
Name all.Regions: #REF!
Name as: #REF!
Name b: #REF!
Name b: #REF!
Name b: #REF!
Name b: #REF!
Name Bal: #REF!
Name Balochistan2: #REF!,#REF!,#REF!,#REF!,#REF!,#REF!,#REF!,#REF!,#REF!,#REF!,#REF!,#REF!,#REF!,#REF!,#REF!,#REF!,#REF!,#REF!,#REF!,#REF!,#REF!,#REF!,#REF!,#REF!
Name BUDGET: #REF!
Name BUDGETCURRENCYCODE1: #REF!
Name BUDGETCURRENCYCODE12: #REF!
Name BUDGETCURRENCYCODE13: #REF!
Name BUDGETCURRENCYCODE2: #REF!
Name BUDGETCURRENCYCODE3: #REF!
Name BUDGETCURRENCYCODE4: #REF!
Name BUDGETCURRENCYCODE5: #REF!
Name BUDGETCURRENCYCODE6: #REF!
Name BUDGETNAME1: #REF!
Name BUDGETNAME12: #REF!
Name BUDGETNAME13: #REF!
Name BUDGETNAME2: #REF!
Name BUDGETNAME3: #REF!
Name BUDGETNAME4: #REF!
Name BUDGETNAME5: #REF!
Name BUDGETNAME6: #REF!
Name BUDGETORG1: #REF!
Name BUDGETORG12: #REF!
Name BUDGETORG13: #REF!
Name BUDGETORG2: #REF!
Name BUDGETORG3: #REF!
Name BUDGETORG4: #REF!
Name BUDGETORG5: #REF!
Name BUDGETORG6: #REF!
Name bus_catg: #REF!
Name Category: #REF!
Name cogos_cross: #REF!
Name cogos_cross_1: #REF!

Sheet Master File FMCG Team
N1: ` | GO1: 2 | GP1: =GO1+1 -> 3 | GQ1: =GP1+1 -> 4 | GR1: =GQ1+1 -> 5 | GS1: =GR1+1 -> 6 | GT1: =GS1+1 -> 7 | GU1: =GT1+1 -> 8 | GV1: =GU1+1 -> 9 | GW1: =GV1+1 -> 10 | ... HQ1: =HP1+1 -> 30 | HT1: 2 | HU1: =+HT1+1 -> 3 | HV1: =+HU1+1 -> 4 | HW1: =+HV1+1 -> 5 | HX1: =+HW1+1 -> 6 | HY1: =+HX1+1 -> 7 | HZ1: =+HY1+1 -> 8 | IA1: =+HZ1+1 -> 9 | IB1: =+IA1+1 -> 10 | ... IW1: =+IV1+1 -> 31
A2: FMCG Team – IKON MTD Call Performance Summary Till 14-Oct-2026 | V2: Attendance (Oct-2026) | BC2: Calls + Exceptions Other Calls (Oct-2026) | GM2: IKON Calls | GO2: Attendance | HT2: Calls
A3: Legend | B3: Team | C3: Zone | D3: Region | E3: Dept. Territory Code | F3: Position_Code | G3: SAS_ID | H3: SPO Name | I3: LAST EMP | J3: Base Town | K3: Emp. Type | L3: Emp. Code | M3: Payroll Status | N3: D.O.J | O3: Reps | P3: # Of Vacant | Q3: Active SPOs Today Attn | R3: Active SPOs MTD Attn | S3: Active SPOs Today Calls | T3: Active SPOs MTD Calls | U3: IKON Used | V3: 1 | W3: =V3+1 -> 2 | X3: =W3+1 -> 3 | Y3: =X3+1 -> 4 | Z3: =Y3+1 -> 5 | AA3: =Z3+1 -> 6 | AB3: =AA3+1 -> 7 | AC3: =AB3+1 -> 8 | AD3: =AC3+1 -> 9 | ... AZ3: =AY3+1 -> 31 | BA3: Attendance | BB3: Avrg Attn | BC3: 1 | BD3: =BC3+1 -> 2 | BE3: =BD3+1 -> 3 | BF3: =BE3+1 -> 4 | BG3: =BF3+1 -> 5 | BH3: =BG3+1 -> 6 | BI3: =BH3+1 -> 7 | BJ3: =BI3+1 -> 8 | BK3: =BJ3+1 -> 9 | ... CG3: =CF3+1 -> 31 | CH3: Calls | CI3: Avrg Calls | CK3: =NETWORKDAYS.INTL(EOMONTH(TODAY(),-1)+1,TODAY(),11) -> 13 | GM3: Legend | GN3: Mapping | GO3: 1 | GP3: =GO3+1 -> 2 | GQ3: =GP3+1 -> 3 | GR3: =GQ3+1 -> 4 | GS3: =GR3+1 -> 5 | GT3: =GS3+1 -> 6 | GU3: =GT3+1 -> 7 | GV3: =GU3+1 -> 8 | GW3: =GV3+1 -> 9 | ... HS3: =HR3+1 -> 31 | HT3: 1 | HU3: =HT3+1 -> 2 | HV3: =HU3+1 -> 3 | HW3: =HV3+1 -> 4 | HX3: =HW3+1 -> 5 | HY3: =HX3+1 -> 6 | HZ3: =HY3+1 -> 7 | IA3: =HZ3+1 -> 8 | IB3: =IA3+1 -> 9 | ... IX3: =IW3+1 -> 31
A4: SPO | B4: DO Team | C4: South-A | D4: Karachi-1 | E4: KHI-01 | F4: KHI01-FMCG01-SPO-01 | G4: 114001 | H4: SY. HUZAIFA ALI (KHI-01) | I4: SY. HUZAIFA ALI (KHI-01) | J4: NAZ + NORTH KHI | K4: STREET | L4: G1847 | M4: PRIME-HR | N4: 46127 | O4: 1 | P4: 0 | Q4: =IFERROR(IF(OR(AI4>0),1,0),0) -> 0 | R4: =IFERROR(IF(OR(BA4>0),1,0),0) -> 1 | S4: =IFERROR(IF(OR(BP4>0),1,0),0) -> 0 | T4: =IFERROR(IF(OR(CH4>0),1,0),0) -> 1 | U4: =IFERROR(IF(OR(BA4>0,CH4>0),1,0),0) -> 1 | V4: =GO4 -> 1 | W4: =GP4 -> 1 | X4: =GQ4 -> 0 | Y4: =GR4 -> 0 | Z4: =GS4 -> 1 | AA4: =GT4 -> 1 | AB4: =GU4 -> 1 | AC4: =GV4 -> 1 | ... AZ4: =HS4 -> 0 | BA4: =SUM(V4:AZ4) -> 10 | BB4: =IFERROR(BA4/$CK$3/(O4-P4),0) -> 0.76923077 | BC4: =HT4 -> 0 | BD4: =HU4 -> 0 | BE4: =HV4 -> 0 | BF4: =HW4 -> 0 | BG4: =HX4 -> 0 | BH4: =HY4 -> 17 | BI4: =HZ4 -> 29 | BJ4: =IA4 -> 26 | ... CG4: =IX4 -> 0 | CH4: =SUM(BC4:CG4) -> 166 | CI4: =IFERROR(CH4/$CK$3/(O4-P4),0) -> 12.769231 | GM4: Data | GN4: =F4 -> KHI01-FMCG01-SPO-01 | GO4: 1 | GP4: 1 | GQ4: 0 | GR4: 0 | GS4: 1 | GT4: 1 | GU4: 1 | GV4: 1 | GW4: 1 | GX4: 1 | GY4: 0 | GZ4: 1 | HA4: 1 | HB4: 0 | HT4: 0 | HU4: 0 | HV4: 0 | HW4: 0 | HX4: 0 | HY4: 17 | HZ4: 29 | IA4: 26 | IB4: 0 | IC4: 18 | ID4: 0 | IE4: 33 | IF4: 43 | IG4: 0
A5: SPO | B5: DO Team | C5: South-A | D5: Karachi-1 | E5: KHI-02 | F5: KHI01-FMCG01-SPO-02 | G5: 0114003 | H5: WAQASUDDIN (KHI-02) | I5: WAQASUDDIN (KHI-02) | J5: ORANGI TOWN-KHI | K5: STREET | L5: G1899 | M5: PRIME-HR | N5: 46220 | O5: 1 | P5: 0 | Q5: =IFERROR(IF(OR(AI5>0),1,0),0) -> 1 | R5: =IFERROR(IF(OR(BA5>0),1,0),0) -> 1 | S5: =IFERROR(IF(OR(BP5>0),1,0),0) -> 0 | T5: =IFERROR(IF(OR(CH5>0),1,0),0) -> 1 | U5: =IFERROR(IF(OR(BA5>0,CH5>0),1,0),0) -> 1 | V5: =GO5 -> 1 | W5: =GP5 -> 1 | X5: =GQ5 -> 1 | Y5: =GR5 -> 0 | Z5: =GS5 -> 1 | AA5: =GT5 -> 1 | AB5: =GU5 -> 1 | AC5: =GV5 -> 1 | ... AZ5: =HS5 -> 0 | BA5: =SUM(V5:AZ5) -> 12 | BB5: =IFERROR(BA5/$CK$3/(O5-P5),0) -> 0.92307692 | BC5: =HT5 -> 0 | BD5: =HU5 -> 0 | BE5: =HV5 -> 0 | BF5: =HW5 -> 0 | BG5: =HX5 -> 18 | BH5: =HY5 -> 29 | BI5: =HZ5 -> 26 | BJ5: =IA5 -> 0 | ... CG5: =IX5 -> 0 | CH5: =SUM(BC5:CG5) -> 146 | CI5: =IFERROR(CH5/$CK$3/(O5-P5),0) -> 11.230769 | GM5: Data | GN5: =F5 -> KHI01-FMCG01-SPO-02 | GO5: 1 | GP5: 1 | GQ5: 1 | GR5: 0 | GS5: 1 | GT5: 1 | GU5: 1 | GV5: 1 | GW5: 1 | GX5: 1 | GY5: 0 | GZ5: 1 | HA5: 1 | HB5: 1 | HT5: 0 | HU5: 0 | HV5: 0 | HW5: 0 | HX5: 18 | HY5: 29 | HZ5: 26 | IA5: 0 | IB5: 26 | IC5: 26 | ID5: 0 | IE5: 0 | IF5: 21 | IG5: 0
A6: SPO | B6: DO Team | C6: South-A | D6: Karachi-1 | E6: KHI-03 | F6: KHI01-FMCG01-SPO-03 | G6: 114005 | H6: SAMEER KHAN (KHI-03) | I6: SAMEER KHAN (KHI-03) | J6: F B AREA -KHI | K6: STREET | L6: G1676 | M6: PRIME-HR | N6: 45839 | O6: 1 | P6: 0 | Q6: =IFERROR(IF(OR(AI6>0),1,0),0) -> 1 | R6: =IFERROR(IF(OR(BA6>0),1,0),0) -> 1 | S6: =IFERROR(IF(OR(BP6>0),1,0),0) -> 0 | T6: =IFERROR(IF(OR(CH6>0),1,0),0) -> 1 | U6: =IFERROR(IF(OR(BA6>0,CH6>0),1,0),0) -> 1 | V6: =GO6 -> 1 | W6: =GP6 -> 1 | X6: =GQ6 -> 1 | Y6: =GR6 -> 0 | Z6: =GS6 -> 1 | AA6: =GT6 -> 1 | AB6: =GU6 -> 1 | AC6: =GV6 -> 1 | ... AZ6: =HS6 -> 0 | BA6: =SUM(V6:AZ6) -> 12 | BB6: =IFERROR(BA6/$CK$3/(O6-P6),0) -> 0.92307692 | BC6: =HT6 -> 19 | BD6: =HU6 -> 20 | BE6: =HV6 -> 26 | BF6: =HW6 -> 0 | BG6: =HX6 -> 52 | BH6: =HY6 -> 0 | BI6: =HZ6 -> 52 | BJ6: =IA6 -> 46 | ... CG6: =IX6 -> 0 | CH6: =SUM(BC6:CG6) -> 375 | CI6: =IFERROR(CH6/$CK$3/(O6-P6),0) -> 28.846154 | GM6: Data | GN6: =F6 -> KHI01-FMCG01-SPO-03 | GO6: 1 | GP6: 1 | GQ6: 1 | GR6: 0 | GS6: 1 | GT6: 1 | GU6: 1 | GV6: 1 | GW6: 1 | GX6: 1 | GY6: 0 | GZ6: 1 | HA6: 1 | HB6: 1 | HT6: 19 | HU6: 20 | HV6: 26 | HW6: 0 | HX6: 52 | HY6: 0 | HZ6: 52 | IA6: 46 | IB6: 46 | IC6: 41 | ID6: 0 | IE6: 29 | IF6: 44 | IG6: 0
A7: SPO | B7: DO Team | C7: South-A | D7: Karachi-1 | E7: KHI-04 | F7: KHI01-FMCG01-SPO-04 | G7: 0114006 | H7: M. QADEER ALAM (KHI-04) | I7: M. QADEER ALAM (KHI-04) | J7: NEW KHI-KHI | K7: STREET | L7: G1810 | M7: PRIME-HR | N7: 46038 | O7: 1 | P7: 0 | Q7: =IFERROR(IF(OR(AI7>0),1,0),0) -> 1 | R7: =IFERROR(IF(OR(BA7>0),1,0),0) -> 1 | S7: =IFERROR(IF(OR(BP7>0),1,0),0) -> 0 | T7: =IFERROR(IF(OR(CH7>0),1,0),0) -> 1 | U7: =IFERROR(IF(OR(BA7>0,CH7>0),1,0),0) -> 1 | V7: =GO7 -> 1 | W7: =GP7 -> 1 | X7: =GQ7 -> 1 | Y7: =GR7 -> 0 | Z7: =GS7 -> 1 | AA7: =GT7 -> 1 | AB7: =GU7 -> 1 | AC7: =GV7 -> 1 | ... AZ7: =HS7 -> 0 | BA7: =SUM(V7:AZ7) -> 12 | BB7: =IFERROR(BA7/$CK$3/(O7-P7),0) -> 0.92307692 | BC7: =HT7 -> 26 | BD7: =HU7 -> 27 | BE7: =HV7 -> 38 | BF7: =HW7 -> 0 | BG7: =HX7 -> 19 | BH7: =HY7 -> 24 | BI7: =HZ7 -> 29 | BJ7: =IA7 -> 26 | ... CG7: =IX7 -> 0 | CH7: =SUM(BC7:CG7) -> 319 | CI7: =IFERROR(CH7/$CK$3/(O7-P7),0) -> 24.538462 | GM7: Data | GN7: =F7 -> KHI01-FMCG01-SPO-04 | GO7: 1 | GP7: 1 | GQ7: 1 | GR7: 0 | GS7: 1 | GT7: 1 | GU7: 1 | GV7: 1 | GW7: 1 | GX7: 1 | GY7: 0 | GZ7: 1 | HA7: 1 | HB7: 1 | HT7: 26 | HU7: 27 | HV7: 38 | HW7: 0 | HX7: 19 | HY7: 24 | HZ7: 29 | IA7: 26 | IB7: 32 | IC7: 35 | ID7: 0 | IE7: 33 | IF7: 30 | IG7: 0
A8: SPO | B8: DO Team | C8: South-A | D8: Karachi-1 | E8: KHI-05 | F8: KHI01-FMCG01-SPO-05 | G8: 0115004 | H8: RIAZ (KHI-05) | I8: RIAZ (KHI-05) | J8: GULSHAN + JOHAR-KHI | K8: STREET | L8: G1854 | M8: PRIME-HR | N8: 46135 | O8: 1 | P8: 0 | Q8: =IFERROR(IF(OR(AI8>0),1,0),0) -> 1 | R8: =IFERROR(IF(OR(BA8>0),1,0),0) -> 1 | S8: =IFERROR(IF(OR(BP8>0),1,0),0) -> 0 | T8: =IFERROR(IF(OR(CH8>0),1,0),0) -> 1 | U8: =IFERROR(IF(OR(BA8>0,CH8>0),1,0),0) -> 1 | V8: =GO8 -> 1 | W8: =GP8 -> 1 | X8: =GQ8 -> 1 | Y8: =GR8 -> 0 | Z8: =GS8 -> 1 | AA8: =GT8 -> 1 | AB8: =GU8 -> 1 | AC8: =GV8 -> 1 | ... AZ8: =HS8 -> 0 | BA8: =SUM(V8:AZ8) -> 12 | BB8: =IFERROR(BA8/$CK$3/(O8-P8),0) -> 0.92307692 | BC8: =HT8 -> 0 | BD8: =HU8 -> 0 | BE8: =HV8 -> 25 | BF8: =HW8 -> 0 | BG8: =HX8 -> 38 | BH8: =HY8 -> 0 | BI8: =HZ8 -> 28 | BJ8: =IA8 -> 35 | ... CG8: =IX8 -> 0 | CH8: =SUM(BC8:CG8) -> 235 | CI8: =IFERROR(CH8/$CK$3/(O8-P8),0) -> 18.076923 | GM8: Data | GN8: =F8 -> KHI01-FMCG01-SPO-05 | GO8: 1 | GP8: 1 | GQ8: 1 | GR8: 0 | GS8: 1 | GT8: 1 | GU8: 1 | GV8: 1 | GW8: 1 | GX8: 1 | GY8: 0 | GZ8: 1 | HA8: 1 | HB8: 1 | HT8: 0 | HU8: 0 | HV8: 25 | HW8: 0 | HX8: 38 | HY8: 0 | HZ8: 28 | IA8: 35 | IB8: 0 | IC8: 39 | ID8: 0 | IE8: 41 | IF8: 29 | IG8: 0
A9: SPO Unmap | B9: DO Team | C9: South-A | D9: Karachi-1 | E9: Others | F9: KHI01-FMCG01-SPO-00 | G9: 0114008 | H9: FMCG UNMAPPED (KHI01) | I9: FMCG UNMAPPED (KHI01) | J9: KARACHI | K9: UN-DEFINED | L9: UN-DEFINED | M9: UN-DEFINED | N9: 45474 | O9: 0 | P9: 0 | Q9: =IFERROR(IF(OR(AI9>0),1,0),0) -> 0 | R9: =IFERROR(IF(OR(BA9>0),1,0),0) -> 0 | S9: =IFERROR(IF(OR(BP9>0),1,0),0) -> 0 | T9: =IFERROR(IF(OR(CH9>0),1,0),0) -> 0 | U9: =IFERROR(IF(OR(BA9>0,CH9>0),1,0),0) -> 0 | V9: =GO9 -> 0 | W9: =GP9 -> 0 | X9: =GQ9 -> 0 | Y9: =GR9 -> 0 | Z9: =GS9 -> 0 | AA9: =GT9 -> 0 | AB9: =GU9 -> 0 | AC9: =GV9 -> 0 | ... AZ9: =HS9 -> 0 | BA9: =SUM(V9:AZ9) -> 0 | BB9: =IFERROR(BA9/$CK$3/(O9-P9),0) -> 0 | BC9: =HT9 -> 0 | BD9: =HU9 -> 0 | BE9: =HV9 -> 0 | BF9: =HW9 -> 0 | BG9: =HX9 -> 0 | BH9: =HY9 -> 0 | BI9: =HZ9 -> 0 | BJ9: =IA9 -> 0 | ... CG9: =IX9 -> 0 | CH9: =SUM(BC9:CG9) -> 0 | CI9: =IFERROR(CH9/$CK$3/(O9-P9),0) -> 0 | GM9: Data | GN9: =F9 -> KHI01-FMCG01-SPO-00 | GO9: 0 | GP9: 0 | GQ9: 0 | GR9: 0 | GS9: 0 | GT9: 0 | GU9: 0 | GV9: 0 | GW9: 0 | GX9: 0 | GY9: 0 | GZ9: 0 | HA9: 0 | HB9: 0 | HT9: 0 | HU9: 0 | HV9: 0 | HW9: 0 | HX9: 0 | HY9: 0 | HZ9: 0 | IA9: 0 | IB9: 0 | IC9: 0 | ID9: 0 | IE9: 0 | IF9: 0 | IG9: 0
A10: ASM Unmap | B10: DO Team | C10: South-A | D10: Karachi-1 | E10: ST-KHI-1-DIR-PHR | F10: KHI01-FMCG01-ASM-01 | G10: 01140 | H10: M. WAQAR IQBAL | I10: M. WAQAR IQBAL | J10: KARACHI | K10: STREET | L10: E-02621 | M10: GSM-PR | N10: 45941 | O10: 0 | P10: 0 | Q10: =IFERROR(IF(OR(AI10>0),1,0),0) -> 0 | R10: =IFERROR(IF(OR(BA10>0),1,0),0) -> 0 | S10: =IFERROR(IF(OR(BP10>0),1,0),0) -> 0 | T10: =IFERROR(IF(OR(CH10>0),1,0),0) -> 0 | U10: =IFERROR(IF(OR(BA10>0,CH10>0),1,0),0) -> 0 | V10: =GO10 -> 0 | W10: =GP10 -> 0 | X10: =GQ10 -> 0 | Y10: =GR10 -> 0 | Z10: =GS10 -> 0 | AA10: =GT10 -> 0 | AB10: =GU10 -> 0 | AC10: =GV10 -> 0 | ... AZ10: =HS10 -> 0 | BA10: =SUM(V10:AZ10) -> 0 | BB10: =IFERROR(BA10/$CK$3/(O10-P10),0) -> 0 | BC10: =HT10 -> 0 | BD10: =HU10 -> 0 | BE10: =HV10 -> 0 | BF10: =HW10 -> 0 | BG10: =HX10 -> 0 | BH10: =HY10 -> 0 | BI10: =HZ10 -> 0 | BJ10: =IA10 -> 0 | ... CG10: =IX10 -> 0 | CH10: =SUM(BC10:CG10) -> 0 | CI10: =IFERROR(CH10/$CK$3/(O10-P10),0) -> 0 | GM10: Data | GN10: =F10 -> KHI01-FMCG01-ASM-01 | GO10: 0 | GP10: 0 | GQ10: 0 | GR10: 0 | GS10: 0 | GT10: 0 | GU10: 0 | GV10: 0 | GW10: 0 | GX10: 0 | GY10: 0 | GZ10: 0 | HA10: 0 | HB10: 0 | HT10: 0 | HU10: 0 | HV10: 0 | HW10: 0 | HX10: 0 | HY10: 0 | HZ10: 0 | IA10: 0 | IB10: 0 | IC10: 0 | ID10: 0 | IE10: 0 | IF10: 0 | IG10: 0
A11: ASM | B11: DO Team | C11: South-A | D11: Karachi-1 | E11: ST-KHI-1-DIR-PHR | F11: KHI01-FMCG01-ASM-01 | G11: 01140 | H11: M. WAQAR IQBAL | I11: M. WAQAR IQBAL | J11: KHI-1 | K11: SD+Street | L11: E-02621 | M11: GSM-PR | N11: 45941 | O11: =SUM(O4:O10) -> 5 | P11: =SUM(P4:P10) -> 0 | Q11: =IFERROR(IF(OR(AI11>0),1,0),0) -> 1 | R11: =SUM(R4:R10) -> 5 | S11: =SUM(S4:S10) -> 0 | T11: =SUM(T4:T10) -> 5 | U11: =SUM(U4:U10) -> 5 | V11: =SUM(V4:V10) -> 5 | W11: =SUM(W4:W10) -> 5 | X11: =SUM(X4:X10) -> 4 | Y11: =SUM(Y4:Y10) -> 0 | ... AZ11: =SUM(AZ4:AZ10) -> 0 | BA11: =SUM(V11:AZ11) -> 58 | BB11: =IFERROR(BA11/$CK$3/(O11-P11),0) -> 0.89230769 | BC11: =SUM(BC4:BC10) -> 45 | BD11: =SUM(BD4:BD10) -> 47 | BE11: =SUM(BE4:BE10) -> 89 | BF11: =SUM(BF4:BF10) -> 0 | BG11: =SUM(BG4:BG10) -> 127 | BH11: =SUM(BH4:BH10) -> 70 | BI11: =SUM(BI4:BI10) -> 164 | BJ11: =SUM(BJ4:BJ10) -> 133 | ... CG11: =SUM(CG4:CG10) -> 0 | CH11: =SUM(BC11:CG11) -> 1241 | CI11: =IFERROR(CH11/$CK$3/(O11-P11),0) -> 19.092308 | GM11: Formula | GN11: =F11 -> KHI01-FMCG01-ASM-01 | GO11: 0 | GP11: 0 | GQ11: 0 | GR11: 0 | GS11: 0 | GT11: 0 | GU11: 0 | GV11: 0 | GW11: 0 | GX11: 0 | GY11: 0 | GZ11: 0 | HA11: 0 | HB11: 0 | HT11: 0 | HU11: 0 | HV11: 0 | HW11: 0 | HX11: 0 | HY11: 0 | HZ11: 0 | IA11: 0 | IB11: 0 | IC11: 0 | ID11: 0 | IE11: 0 | IF11: 0 | IG11: 0
A12: SPO | B12: DO Team | C12: South-A | D12: KARACHI-2 | E12: KHI-06 | F12: KHI02-FMCG01-SPO-01 | G12: 0115002 | H12: ABDUL HASEEB (KHI-06) | I12: ABDUL HASEEB (KHI-06) | J12: OLD CITY + BALDIA-KHI | K12: STREET | L12: G1881 | M12: PRIME-HR | N12: 46202 | O12: 1 | P12: 0 | Q12: =IFERROR(IF(OR(AI12>0),1,0),0) -> 1 | R12: =IFERROR(IF(OR(BA12>0),1,0),0) -> 1 | S12: =IFERROR(IF(OR(BP12>0),1,0),0) -> 0 | T12: =IFERROR(IF(OR(CH12>0),1,0),0) -> 1 | U12: =IFERROR(IF(OR(BA12>0,CH12>0),1,0),0) -> 1 | V12: =GO12 -> 1 | W12: =GP12 -> 1 | X12: =GQ12 -> 1 | Y12: =GR12 -> 0 | Z12: =GS12 -> 1 | AA12: =GT12 -> 1 | AB12: =GU12 -> 1 | AC12: =GV12 -> 1 | ... AZ12: =HS12 -> 0 | BA12: =SUM(V12:AZ12) -> 12 | BB12: =IFERROR(BA12/$CK$3/(O12-P12),0) -> 0.92307692 | BC12: =HT12 -> 0 | BD12: =HU12 -> 0 | BE12: =HV12 -> 31 | BF12: =HW12 -> 0 | BG12: =HX12 -> 50 | BH12: =HY12 -> 0 | BI12: =HZ12 -> 0 | BJ12: =IA12 -> 36 | ... CG12: =IX12 -> 0 | CH12: =SUM(BC12:CG12) -> 227 | CI12: =IFERROR(CH12/$CK$3/(O12-P12),0) -> 17.461538 | GM12: Data | GN12: =F12 -> KHI02-FMCG01-SPO-01 | GO12: 1 | GP12: 1 | GQ12: 1 | GR12: 0 | GS12: 1 | GT12: 1 | GU12: 1 | GV12: 1 | GW12: 1 | GX12: 1 | GY12: 0 | GZ12: 1 | HA12: 1 | HB12: 1 | HT12: 0 | HU12: 0 | HV12: 31 | HW12: 0 | HX12: 50 | HY12: 0 | HZ12: 0 | IA12: 36 | IB12: 37 | IC12: 40 | ID12: 0 | IE12: 33 | IF12: 0 | IG12: 0
A13: SPO | B13: DO Team | C13: South-A | D13: KARACHI-2 | E13: KHI-07 | F13: KHI02-FMCG01-SPO-02 | G13: 0126007 | H13: SHAHID ABDUL QADIR (KHI-07) | I13: SHAHID ABDUL QADIR (KHI-07) | J13: KORANGI + DHA-KHI | K13: STREET | L13: G1768 | M13: PRIME-HR | N13: 45988 | O13: 1 | P13: 0 | Q13: =IFERROR(IF(OR(AI13>0),1,0),0) -> 1 | R13: =IFERROR(IF(OR(BA13>0),1,0),0) -> 1 | S13: =IFERROR(IF(OR(BP13>0),1,0),0) -> 0 | T13: =IFERROR(IF(OR(CH13>0),1,0),0) -> 1 | U13: =IFERROR(IF(OR(BA13>0,CH13>0),1,0),0) -> 1 | V13: =GO13 -> 1 | W13: =GP13 -> 1 | X13: =GQ13 -> 1 | Y13: =GR13 -> 0 | Z13: =GS13 -> 1 | AA13: =GT13 -> 1 | AB13: =GU13 -> 1 | AC13: =GV13 -> 1 | ... AZ13: =HS13 -> 0 | BA13: =SUM(V13:AZ13) -> 12 | BB13: =IFERROR(BA13/$CK$3/(O13-P13),0) -> 0.92307692 | BC13: =HT13 -> 37 | BD13: =HU13 -> 43 | BE13: =HV13 -> 37 | BF13: =HW13 -> 0 | BG13: =HX13 -> 46 | BH13: =HY13 -> 30 | BI13: =HZ13 -> 37 | BJ13: =IA13 -> 59 | ... CG13: =IX13 -> 0 | CH13: =SUM(BC13:CG13) -> 373 | CI13: =IFERROR(CH13/$CK$3/(O13-P13),0) -> 28.692308 | GM13: Data | GN13: =F13 -> KHI02-FMCG01-SPO-02 | GO13: 1 | GP13: 1 | GQ13: 1 | GR13: 0 | GS13: 1 | GT13: 1 | GU13: 1 | GV13: 1 | GW13: 1 | GX13: 1 | GY13: 0 | GZ13: 1 | HA13: 1 | HB13: 1 | HT13: 37 | HU13: 43 | HV13: 37 | HW13: 0 | HX13: 46 | HY13: 30 | HZ13: 37 | IA13: 59 | IB13: 34 | IC13: 0 | ID13: 0 | IE13: 15 | IF13: 35 | IG13: 0
A14: SPO | B14: DO Team | C14: South-A | D14: KARACHI-2 | E14: KHI-08 | F14: KHI02-FMCG01-SPO-03 | G14: 0115003 | H14: WAQAS HASSAM (KHI-08) | I14: WAQAS HASSAM (KHI-08) | J14: SADDAR-KHI | K14: STREET | L14: G1291 | M14: PRIME-HR | N14: 45190 | O14: 1 | P14: 0 | Q14: =IFERROR(IF(OR(AI14>0),1,0),0) -> 1 | R14: =IFERROR(IF(OR(BA14>0),1,0),0) -> 1 | S14: =IFERROR(IF(OR(BP14>0),1,0),0) -> 0 | T14: =IFERROR(IF(OR(CH14>0),1,0),0) -> 1 | U14: =IFERROR(IF(OR(BA14>0,CH14>0),1,0),0) -> 1 | V14: =GO14 -> 1 | W14: =GP14 -> 1 | X14: =GQ14 -> 1 | Y14: =GR14 -> 0 | Z14: =GS14 -> 1 | AA14: =GT14 -> 1 | AB14: =GU14 -> 1 | AC14: =GV14 -> 1 | ... AZ14: =HS14 -> 0 | BA14: =SUM(V14:AZ14) -> 12 | BB14: =IFERROR(BA14/$CK$3/(O14-P14),0) -> 0.92307692 | BC14: =HT14 -> 30 | BD14: =HU14 -> 33 | BE14: =HV14 -> 31 | BF14: =HW14 -> 0 | BG14: =HX14 -> 34 | BH14: =HY14 -> 45 | BI14: =HZ14 -> 35 | BJ14: =IA14 -> 29 | ... CG14: =IX14 -> 0 | CH14: =SUM(BC14:CG14) -> 390 | CI14: =IFERROR(CH14/$CK$3/(O14-P14),0) -> 30 | GM14: Data | GN14: =F14 -> KHI02-FMCG01-SPO-03 | GO14: 1 | GP14: 1 | GQ14: 1 | GR14: 0 | GS14: 1 | GT14: 1 | GU14: 1 | GV14: 1 | GW14: 1 | GX14: 1 | GY14: 0 | GZ14: 1 | HA14: 1 | HB14: 1 | HT14: 30 | HU14: 33 | HV14: 31 | HW14: 0 | HX14: 34 | HY14: 45 | HZ14: 35 | IA14: 29 | IB14: 41 | IC14: 31 | ID14: 0 | IE14: 37 | IF14: 44 | IG14: 0
A15: SPO | B15: DO Team | C15: South-A | D15: KARACHI-2 | E15: KHI-09 | F15: KHI02-FMCG01-SPO-04 | G15: 0114004 | H15: M. USMAN (KHI-09) | I15: M. USMAN (KHI-09) | J15: MALIR-KHI | K15: STREET | L15: G1877 | M15: PRIME-HR | N15: 46192 | O15: 1 | P15: 0 | Q15: =IFERROR(IF(OR(AI15>0),1,0),0) -> 1 | R15: =IFERROR(IF(OR(BA15>0),1,0),0) -> 1 | S15: =IFERROR(IF(OR(BP15>0),1,0),0) -> 0 | T15: =IFERROR(IF(OR(CH15>0),1,0),0) -> 1 | U15: =IFERROR(IF(OR(BA15>0,CH15>0),1,0),0) -> 1 | V15: =GO15 -> 1 | W15: =GP15 -> 1 | X15: =GQ15 -> 1 | Y15: =GR15 -> 0 | Z15: =GS15 -> 1 | AA15: =GT15 -> 1 | AB15: =GU15 -> 1 | AC15: =GV15 -> 1 | ... AZ15: =HS15 -> 0 | BA15: =SUM(V15:AZ15) -> 12 | BB15: =IFERROR(BA15/$CK$3/(O15-P15),0) -> 0.92307692 | BC15: =HT15 -> 41 | BD15: =HU15 -> 29 | BE15: =HV15 -> 36 | BF15: =HW15 -> 0 | BG15: =HX15 -> 40 | BH15: =HY15 -> 40 | BI15: =HZ15 -> 34 | BJ15: =IA15 -> 35 | ... CG15: =IX15 -> 0 | CH15: =SUM(BC15:CG15) -> 410 | CI15: =IFERROR(CH15/$CK$3/(O15-P15),0) -> 31.538462 | GM15: Data | GN15: =F15 -> KHI02-FMCG01-SPO-04 | GO15: 1 | GP15: 1 | GQ15: 1 | GR15: 0 | GS15: 1 | GT15: 1 | GU15: 1 | GV15: 1 | GW15: 1 | GX15: 1 | GY15: 0 | GZ15: 1 | HA15: 1 | HB15: 1 | HT15: 41 | HU15: 29 | HV15: 36 | HW15: 0 | HX15: 40 | HY15: 40 | HZ15: 34 | IA15: 35 | IB15: 42 | IC15: 39 | ID15: 0 | IE15: 34 | IF15: 40 | IG15: 0
A16: SPO | B16: DO Team | C16: South-A | D16: KARACHI-2 | E16: KHI-10 | F16: KHI02-FMCG01-SPO-05 | G16: 0115005 | H16: HAMMAD WASEEM (KHI-10) | I16: HAMMAD WASEEM (KHI-10) | J16: SADDAR-KHI | K16: STREET | L16: G1535 | M16: PRIME-HR | N16: 45519 | O16: 1 | P16: 0 | Q16: =IFERROR(IF(OR(AI16>0),1,0),0) -> 0 | R16: =IFERROR(IF(OR(BA16>0),1,0),0) -> 1 | S16: =IFERROR(IF(OR(BP16>0),1,0),0) -> 0 | T16: =IFERROR(IF(OR(CH16>0),1,0),0) -> 1 | U16: =IFERROR(IF(OR(BA16>0,CH16>0),1,0),0) -> 1 | V16: =GO16 -> 0 | W16: =GP16 -> 1 | X16: =GQ16 -> 1 | Y16: =GR16 -> 0 | Z16: =GS16 -> 1 | AA16: =GT16 -> 1 | AB16: =GU16 -> 1 | AC16: =GV16 -> 1 | ... AZ16: =HS16 -> 0 | BA16: =SUM(V16:AZ16) -> 10 | BB16: =IFERROR(BA16/$CK$3/(O16-P16),0) -> 0.76923077 | BC16: =HT16 -> 39 | BD16: =HU16 -> 40 | BE16: =HV16 -> 0 | BF16: =HW16 -> 0 | BG16: =HX16 -> 41 | BH16: =HY16 -> 43 | BI16: =HZ16 -> 0 | BJ16: =IA16 -> 45 | ... CG16: =IX16 -> 0 | CH16: =SUM(BC16:CG16) -> 301 | CI16: =IFERROR(CH16/$CK$3/(O16-P16),0) -> 23.153846 | GM16: Data | GN16: =F16 -> KHI02-FMCG01-SPO-05 | GO16: 0 | GP16: 1 | GQ16: 1 | GR16: 0 | GS16: 1 | GT16: 1 | GU16: 1 | GV16: 1 | GW16: 1 | GX16: 1 | GY16: 0 | GZ16: 1 | HA16: 1 | HB16: 0 | HT16: 39 | HU16: 40 | HV16: 0 | HW16: 0 | HX16: 41 | HY16: 43 | HZ16: 0 | IA16: 45 | IB16: 44 | IC16: 0 | ID16: 0 | IE16: 0 | IF16: 49 | IG16: 0
A17: SPO Unmap | B17: DO Team | C17: South-A | D17: KARACHI-2 | E17: Others | F17: KHI02-FMCG01-SPO-00 | G17: 0115008 | H17: FMCG UNMAPPED (KHI02) | I17: FMCG UNMAPPED (KHI02) | J17: KARACHI | K17: UN-DEFINED | L17: UN-DEFINED | M17: UN-DEFINED | N17: 45474 | O17: 0 | P17: 0 | Q17: =IFERROR(IF(OR(AI17>0),1,0),0) -> 0 | R17: =IFERROR(IF(OR(BA17>0),1,0),0) -> 0 | S17: =IFERROR(IF(OR(BP17>0),1,0),0) -> 0 | T17: =IFERROR(IF(OR(CH17>0),1,0),0) -> 0 | U17: =IFERROR(IF(OR(BA17>0,CH17>0),1,0),0) -> 0 | V17: =GO17 -> 0 | W17: =GP17 -> 0 | X17: =GQ17 -> 0 | Y17: =GR17 -> 0 | Z17: =GS17 -> 0 | AA17: =GT17 -> 0 | AB17: =GU17 -> 0 | AC17: =GV17 -> 0 | ... AZ17: =HS17 -> 0 | BA17: =SUM(V17:AZ17) -> 0 | BB17: =IFERROR(BA17/$CK$3/(O17-P17),0) -> 0 | BC17: =HT17 -> 0 | BD17: =HU17 -> 0 | BE17: =HV17 -> 0 | BF17: =HW17 -> 0 | BG17: =HX17 -> 0 | BH17: =HY17 -> 0 | BI17: =HZ17 -> 0 | BJ17: =IA17 -> 0 | ... CG17: =IX17 -> 0 | CH17: =SUM(BC17:CG17) -> 0 | CI17: =IFERROR(CH17/$CK$3/(O17-P17),0) -> 0 | GM17: Data | GN17: =F17 -> KHI02-FMCG01-SPO-00 | GO17: 0 | GP17: 0 | GQ17: 0 | GR17: 0 | GS17: 0 | GT17: 0 | GU17: 0 | GV17: 0 | GW17: 0 | GX17: 0 | GY17: 0 | GZ17: 0 | HA17: 0 | HB17: 0 | HT17: 0 | HU17: 0 | HV17: 0 | HW17: 0 | HX17: 0 | HY17: 0 | HZ17: 0 | IA17: 0 | IB17: 0 | IC17: 0 | ID17: 0 | IE17: 0 | IF17: 0 | IG17: 0
A18: ASM Unmap | B18: DO Team | C18: South-A | D18: KARACHI-2 | E18: ST-KHI-2-DIR-PHR | F18: KHI02-FMCG01-ASM-01 | G18: 01150 | H18: WAQAR ABDUL RASHEED | I18: WAQAR ABDUL RASHEED | J18: KARACHI | K18: STREET | L18: G0925 | M18: PRIME-HR | N18: 44215 | O18: 0 | P18: 0 | Q18: =IFERROR(IF(OR(AI18>0),1,0),0) -> 0 | R18: =IFERROR(IF(OR(BA18>0),1,0),0) -> 0 | S18: =IFERROR(IF(OR(BP18>0),1,0),0) -> 0 | T18: =IFERROR(IF(OR(CH18>0),1,0),0) -> 0 | U18: =IFERROR(IF(OR(BA18>0,CH18>0),1,0),0) -> 0 | V18: =GO18 -> 0 | W18: =GP18 -> 0 | X18: =GQ18 -> 0 | Y18: =GR18 -> 0 | Z18: =GS18 -> 0 | AA18: =GT18 -> 0 | AB18: =GU18 -> 0 | AC18: =GV18 -> 0 | ... AZ18: =HS18 -> 0 | BA18: =SUM(V18:AZ18) -> 0 | BB18: =IFERROR(BA18/$CK$3/(O18-P18),0) -> 0 | BC18: =HT18 -> 0 | BD18: =HU18 -> 0 | BE18: =HV18 -> 0 | BF18: =HW18 -> 0 | BG18: =HX18 -> 0 | BH18: =HY18 -> 0 | BI18: =HZ18 -> 0 | BJ18: =IA18 -> 0 | ... CG18: =IX18 -> 0 | CH18: =SUM(BC18:CG18) -> 0 | CI18: =IFERROR(CH18/$CK$3/(O18-P18),0) -> 0 | GM18: Data | GN18: =F18 -> KHI02-FMCG01-ASM-01 | GO18: 0 | GP18: 0 | GQ18: 0 | GR18: 0 | GS18: 0 | GT18: 0 | GU18: 0 | GV18: 0 | GW18: 0 | GX18: 0 | GY18: 0 | GZ18: 0 | HA18: 0 | HB18: 0 | HT18: 0 | HU18: 0 | HV18: 0 | HW18: 0 | HX18: 0 | HY18: 0 | HZ18: 0 | IA18: 0 | IB18: 0 | IC18: 0 | ID18: 0 | IE18: 0 | IF18: 0 | IG18: 0
A19: ASM | B19: DO Team | C19: South-A | D19: Karachi-2 | E19: ST-KHI-2-DIR-PHR | F19: KHI02-FMCG01-ASM-01 | G19: 01150 | H19: WAQAR ABDUL RASHEED | I19: WAQAR ABDUL RASHEED | J19: KHI-2 | K19: SD+Street | L19: G0925 | M19: Prime-HR | N19: 44215 | O19: =SUM(O12:O18) -> 5 | P19: =SUM(P12:P18) -> 0 | Q19: =IFERROR(IF(OR(AI19>0),1,0),0) -> 1 | R19: =SUM(R12:R18) -> 5 | S19: =SUM(S12:S18) -> 0 | T19: =SUM(T12:T18) -> 5 | U19: =SUM(U12:U18) -> 5 | V19: =SUM(V12:V18) -> 4 | W19: =SUM(W12:W18) -> 5 | X19: =SUM(X12:X18) -> 5 | Y19: =SUM(Y12:Y18) -> 0 | ... AZ19: =SUM(AZ12:AZ18) -> 0 | BA19: =SUM(V19:AZ19) -> 58 | BB19: =IFERROR(BA19/$CK$3/(O19-P19),0) -> 0.89230769 | BC19: =SUM(BC12:BC18) -> 147 | BD19: =SUM(BD12:BD18) -> 145 | BE19: =SUM(BE12:BE18) -> 135 | BF19: =SUM(BF12:BF18) -> 0 | BG19: =SUM(BG12:BG18) -> 211 | BH19: =SUM(BH12:BH18) -> 158 | BI19: =SUM(BI12:BI18) -> 106 | BJ19: =SUM(BJ12:BJ18) -> 204 | ... CG19: =SUM(CG12:CG18) -> 0 | CH19: =SUM(BC19:CG19) -> 1701 | CI19: =IFERROR(CH19/$CK$3/(O19-P19),0) -> 26.169231 | GM19: Formula | GN19: =F19 -> KHI02-FMCG01-ASM-01 | GO19: 0 | GP19: 0 | GQ19: 0 | GR19: 0 | GS19: 0 | GT19: 0 | GU19: 0 | GV19: 0 | GW19: 0 | GX19: 0 | GY19: 0 | GZ19: 0 | HA19: 0 | HB19: 0 | HT19: 0 | HU19: 0 | HV19: 0 | HW19: 0 | HX19: 0 | HY19: 0 | HZ19: 0 | IA19: 0 | IB19: 0 | IC19: 0 | ID19: 0 | IE19: 0 | IF19: 0 | IG19: 0
A20: SPO | B20: DO Team | C20: South-A | D20: KARACHI-3 | E20: T-KHI-01 | F20: KHI03-FMCG02-SPO-01 | G20: 0119001 | H20: SHAHID HAMEED (T-KHI-01) | I20: SHAHID HAMEED (T-KHI-01) | J20: ORANGI TOWN-KHI | K20: STREET | L20: G0364 | M20: PRIME-HR | N20: 42199 | O20: 1 | P20: 0 | Q20: =IFERROR(IF(OR(AI20>0),1,0),0) -> 1 | R20: =IFERROR(IF(OR(BA20>0),1,0),0) -> 1 | S20: =IFERROR(IF(OR(BP20>0),1,0),0) -> 0 | T20: =IFERROR(IF(OR(CH20>0),1,0),0) -> 1 | U20: =IFERROR(IF(OR(BA20>0,CH20>0),1,0),0) -> 1 | V20: =GO20 -> 1 | W20: =GP20 -> 1 | X20: =GQ20 -> 1 | Y20: =GR20 -> 0 | Z20: =GS20 -> 1 | AA20: =GT20 -> 1 | AB20: =GU20 -> 1 | AC20: =GV20 -> 1 | ... AZ20: =HS20 -> 0 | BA20: =SUM(V20:AZ20) -> 12 | BB20: =IFERROR(BA20/$CK$3/(O20-P20),0) -> 0.92307692 | BC20: =HT20 -> 24 | BD20: =HU20 -> 27 | BE20: =HV20 -> 27 | BF20: =HW20 -> 0 | BG20: =HX20 -> 41 | BH20: =HY20 -> 34 | BI20: =HZ20 -> 26 | BJ20: =IA20 -> 0 | ... CG20: =IX20 -> 0 | CH20: =SUM(BC20:CG20) -> 285 | CI20: =IFERROR(CH20/$CK$3/(O20-P20),0) -> 21.923077 | GM20: Data | GN20: =F20 -> KHI03-FMCG02-SPO-01 | GO20: 1 | GP20: 1 | GQ20: 1 | GR20: 0 | GS20: 1 | GT20: 1 | GU20: 1 | GV20: 1 | GW20: 1 | GX20: 1 | GY20: 0 | GZ20: 1 | HA20: 1 | HB20: 1 | HT20: 24 | HU20: 27 | HV20: 27 | HW20: 0 | HX20: 41 | HY20: 34 | HZ20: 26 | IA20: 0 | IB20: 28 | IC20: 22 | ID20: 0 | IE20: 22 | IF20: 34 | IG20: 0
A21: SPO | B21: DO Team | C21: South-A | D21: KARACHI-3 | E21: T-KHI-02 | F21: KHI03-FMCG02-SPO-02 | G21: 0119003 | H21: KHAWAR (T-KHI-02) | I21: KHAWAR (T-KHI-02) | J21: OLD CITY -BALDIA KHI | K21: STREET | L21: G1657 | M21: PRIME-HR | N21: 45794 | O21: 1 | P21: 0 | Q21: =IFERROR(IF(OR(AI21>0),1,0),0) -> 1 | R21: =IFERROR(IF(OR(BA21>0),1,0),0) -> 1 | S21: =IFERROR(IF(OR(BP21>0),1,0),0) -> 0 | T21: =IFERROR(IF(OR(CH21>0),1,0),0) -> 1 | U21: =IFERROR(IF(OR(BA21>0,CH21>0),1,0),0) -> 1 | V21: =GO21 -> 1 | W21: =GP21 -> 1 | X21: =GQ21 -> 1 | Y21: =GR21 -> 0 | Z21: =GS21 -> 1 | AA21: =GT21 -> 1 | AB21: =GU21 -> 1 | AC21: =GV21 -> 1 | ... AZ21: =HS21 -> 0 | BA21: =SUM(V21:AZ21) -> 12 | BB21: =IFERROR(BA21/$CK$3/(O21-P21),0) -> 0.92307692 | BC21: =HT21 -> 39 | BD21: =HU21 -> 32 | BE21: =HV21 -> 36 | BF21: =HW21 -> 0 | BG21: =HX21 -> 38 | BH21: =HY21 -> 38 | BI21: =HZ21 -> 50 | BJ21: =IA21 -> 40 | ... CG21: =IX21 -> 0 | CH21: =SUM(BC21:CG21) -> 434 | CI21: =IFERROR(CH21/$CK$3/(O21-P21),0) -> 33.384615 | GM21: Data | GN21: =F21 -> KHI03-FMCG02-SPO-02 | GO21: 1 | GP21: 1 | GQ21: 1 | GR21: 0 | GS21: 1 | GT21: 1 | GU21: 1 | GV21: 1 | GW21: 1 | GX21: 1 | GY21: 0 | GZ21: 1 | HA21: 1 | HB21: 1 | HT21: 39 | HU21: 32 | HV21: 36 | HW21: 0 | HX21: 38 | HY21: 38 | HZ21: 50 | IA21: 40 | IB21: 39 | IC21: 29 | ID21: 0 | IE21: 42 | IF21: 51 | IG21: 0
A22: SPO | B22: DO Team | C22: South-A | D22: KARACHI-3 | E22: T-KHI-03 | F22: KHI03-FMCG02-SPO-03 | G22: 0119004 | H22: M. JAMSHED (T-KHI-03) | I22: M. JAMSHED (T-KHI-03) | J22: F B AREA -KHI | K22: STREET | L22: G1257 | M22: PRIME-HR | N22: 45111 | O22: 1 | P22: 0 | Q22: =IFERROR(IF(OR(AI22>0),1,0),0) -> 1 | R22: =IFERROR(IF(OR(BA22>0),1,0),0) -> 1 | S22: =IFERROR(IF(OR(BP22>0),1,0),0) -> 0 | T22: =IFERROR(IF(OR(CH22>0),1,0),0) -> 1 | U22: =IFERROR(IF(OR(BA22>0,CH22>0),1,0),0) -> 1 | V22: =GO22 -> 1 | W22: =GP22 -> 1 | X22: =GQ22 -> 1 | Y22: =GR22 -> 0 | Z22: =GS22 -> 1 | AA22: =GT22 -> 1 | AB22: =GU22 -> 1 | AC22: =GV22 -> 1 | ... AZ22: =HS22 -> 0 | BA22: =SUM(V22:AZ22) -> 12 | BB22: =IFERROR(BA22/$CK$3/(O22-P22),0) -> 0.92307692 | BC22: =HT22 -> 18 | BD22: =HU22 -> 15 | BE22: =HV22 -> 12 | BF22: =HW22 -> 0 | BG22: =HX22 -> 27 | BH22: =HY22 -> 26 | BI22: =HZ22 -> 0 | BJ22: =IA22 -> 31 | ... CG22: =IX22 -> 0 | CH22: =SUM(BC22:CG22) -> 270 | CI22: =IFERROR(CH22/$CK$3/(O22-P22),0) -> 20.769231 | GM22: Data | GN22: =F22 -> KHI03-FMCG02-SPO-03 | GO22: 1 | GP22: 1 | GQ22: 1 | GR22: 0 | GS22: 1 | GT22: 1 | GU22: 1 | GV22: 1 | GW22: 1 | GX22: 1 | GY22: 0 | GZ22: 1 | HA22: 1 | HB22: 1 | HT22: 18 | HU22: 15 | HV22: 12 | HW22: 0 | HX22: 27 | HY22: 26 | HZ22: 0 | IA22: 31 | IB22: 22 | IC22: 31 | ID22: 0 | IE22: 49 | IF22: 39 | IG22: 0
A23: SPO | B23: DO Team | C23: South-A | D23: KARACHI-3 | E23: T-KHI-04 | F23: KHI03-FMCG02-SPO-04 | G23: 0119007 | H23: VACANT (T-KHI-04) | I23: FAIZ BIN SALEEM (T-KHI-04) | J23: NEW KHI-KHI | K23: STREET | L23: VACANT | M23: PRIME-HR | N23: Resigned | O23: 1 | P23: 1 | Q23: =IFERROR(IF(OR(AI23>0),1,0),0) -> 0 | R23: =IFERROR(IF(OR(BA23>0),1,0),0) -> 0 | S23: =IFERROR(IF(OR(BP23>0),1,0),0) -> 0 | T23: =IFERROR(IF(OR(CH23>0),1,0),0) -> 0 | U23: =IFERROR(IF(OR(BA23>0,CH23>0),1,0),0) -> 0 | V23: =GO23 -> 0 | W23: =GP23 -> 0 | X23: =GQ23 -> 0 | Y23: =GR23 -> 0 | Z23: =GS23 -> 0 | AA23: =GT23 -> 0 | AB23: =GU23 -> 0 | AC23: =GV23 -> 0 | ... AZ23: =HS23 -> 0 | BA23: =SUM(V23:AZ23) -> 0 | BB23: =IFERROR(BA23/$CK$3/(O23-P23),0) -> 0 | BC23: =HT23 -> 0 | BD23: =HU23 -> 0 | BE23: =HV23 -> 0 | BF23: =HW23 -> 0 | BG23: =HX23 -> 0 | BH23: =HY23 -> 0 | BI23: =HZ23 -> 0 | BJ23: =IA23 -> 0 | ... CG23: =IX23 -> 0 | CH23: =SUM(BC23:CG23) -> 0 | CI23: =IFERROR(CH23/$CK$3/(O23-P23),0) -> 0 | GM23: Data | GN23: =F23 -> KHI03-FMCG02-SPO-04 | GO23: 0 | GP23: 0 | GQ23: 0 | GR23: 0 | GS23: 0 | GT23: 0 | GU23: 0 | GV23: 0 | GW23: 0 | GX23: 0 | GY23: 0 | GZ23: 0 | HA23: 0 | HB23: 0 | HT23: 0 | HU23: 0 | HV23: 0 | HW23: 0 | HX23: 0 | HY23: 0 | HZ23: 0 | IA23: 0 | IB23: 0 | IC23: 0 | ID23: 0 | IE23: 0 | IF23: 0 | IG23: 0
A24: SPO | B24: DO Team | C24: South-A | D24: KARACHI-3 | E24: T-KHI-05 | F24: KHI03-FMCG02-SPO-05 | G24: 0126001 | H24: VACANT (T-KHI-05) | I24: SY. FARZAN ALI SHAH (T-KHI-05) | J24: NAZIMABAD- NORTH KHI | K24: STREET | L24: VACANT | M24: PRIME-HR | N24: Resigned | O24: 1 | P24: 1 | Q24: =IFERROR(IF(OR(AI24>0),1,0),0) -> 0 | R24: =IFERROR(IF(OR(BA24>0),1,0),0) -> 0 | S24: =IFERROR(IF(OR(BP24>0),1,0),0) -> 0 | T24: =IFERROR(IF(OR(CH24>0),1,0),0) -> 0 | U24: =IFERROR(IF(OR(BA24>0,CH24>0),1,0),0) -> 0 | V24: =GO24 -> 0 | W24: =GP24 -> 0 | X24: =GQ24 -> 0 | Y24: =GR24 -> 0 | Z24: =GS24 -> 0 | AA24: =GT24 -> 0 | AB24: =GU24 -> 0 | AC24: =GV24 -> 0 | ... AZ24: =HS24 -> 0 | BA24: =SUM(V24:AZ24) -> 0 | BB24: =IFERROR(BA24/$CK$3/(O24-P24),0) -> 0 | BC24: =HT24 -> 0 | BD24: =HU24 -> 0 | BE24: =HV24 -> 0 | BF24: =HW24 -> 0 | BG24: =HX24 -> 0 | BH24: =HY24 -> 0 | BI24: =HZ24 -> 0 | BJ24: =IA24 -> 0 | ... CG24: =IX24 -> 0 | CH24: =SUM(BC24:CG24) -> 0 | CI24: =IFERROR(CH24/$CK$3/(O24-P24),0) -> 0 | GM24: Data | GN24: =F24 -> KHI03-FMCG02-SPO-05 | GO24: 0 | GP24: 0 | GQ24: 0 | GR24: 0 | GS24: 0 | GT24: 0 | GU24: 0 | GV24: 0 | GW24: 0 | GX24: 0 | GY24: 0 | GZ24: 0 | HA24: 0 | HB24: 0 | HT24: 0 | HU24: 0 | HV24: 0 | HW24: 0 | HX24: 0 | HY24: 0 | HZ24: 0 | IA24: 0 | IB24: 0 | IC24: 0 | ID24: 0 | IE24: 0 | IF24: 0 | IG24: 0
A25: SPO | B25: DO Team | C25: South-A | D25: KARACHI-3 | E25: T-KHI-11 | F25: KHI03-FMCG02-SPO-06 | G25: 0126009 | H25: ABDULLAH QURESHI (T-KHI-11) | I25: VACANT (T-KHI-11) | J25: BALDIA | K25: STREET | L25: G1628 | M25: PRIME-HR | N25: 45742 | O25: 1 | P25: 0 | Q25: =IFERROR(IF(OR(AI25>0),1,0),0) -> 1 | R25: =IFERROR(IF(OR(BA25>0),1,0),0) -> 1 | S25: =IFERROR(IF(OR(BP25>0),1,0),0) -> 0 | T25: =IFERROR(IF(OR(CH25>0),1,0),0) -> 1 | U25: =IFERROR(IF(OR(BA25>0,CH25>0),1,0),0) -> 1 | V25: =GO25 -> 1 | W25: =GP25 -> 1 | X25: =GQ25 -> 1 | Y25: =GR25 -> 0 | Z25: =GS25 -> 1 | AA25: =GT25 -> 1 | AB25: =GU25 -> 1 | AC25: =GV25 -> 1 | ... AZ25: =HS25 -> 0 | BA25: =SUM(V25:AZ25) -> 12 | BB25: =IFERROR(BA25/$CK$3/(O25-P25),0) -> 0.92307692 | BC25: =HT25 -> 35 | BD25: =HU25 -> 42 | BE25: =HV25 -> 36 | BF25: =HW25 -> 0 | BG25: =HX25 -> 34 | BH25: =HY25 -> 28 | BI25: =HZ25 -> 33 | BJ25: =IA25 -> 35 | ... CG25: =IX25 -> 0 | CH25: =SUM(BC25:CG25) -> 362 | CI25: =IFERROR(CH25/$CK$3/(O25-P25),0) -> 27.846154 | GM25: Data | GN25: =F25 -> KHI03-FMCG02-SPO-06 | GO25: 1 | GP25: 1 | GQ25: 1 | GR25: 0 | GS25: 1 | GT25: 1 | GU25: 1 | GV25: 1 | GW25: 1 | GX25: 1 | GY25: 0 | GZ25: 1 | HA25: 1 | HB25: 1 | HT25: 35 | HU25: 42 | HV25: 36 | HW25: 0 | HX25: 34 | HY25: 28 | HZ25: 33 | IA25: 35 | IB25: 32 | IC25: 29 | ID25: 0 | IE25: 24 | IF25: 34 | IG25: 0
A26: SPO Unmap | B26: DO Team | C26: South-A | D26: KARACHI-3 | E26: Others | F26: KHI03-FMCG02-SPO-00 | G26: 0128001 | H26: FMCG UNMAPPED (KHI03) | I26: FMCG UNMAPPED (KHI03) | J26: KARACHI | K26: UN-DEFINED | L26: UN-DEFINED | M26: UN-DEFINED | N26: 45474 | O26: 0 | P26: 0 | Q26: =IFERROR(IF(OR(AI26>0),1,0),0) -> 0 | R26: =IFERROR(IF(OR(BA26>0),1,0),0) -> 0 | S26: =IFERROR(IF(OR(BP26>0),1,0),0) -> 0 | T26: =IFERROR(IF(OR(CH26>0),1,0),0) -> 0 | U26: =IFERROR(IF(OR(BA26>0,CH26>0),1,0),0) -> 0 | V26: =GO26 -> 0 | W26: =GP26 -> 0 | X26: =GQ26 -> 0 | Y26: =GR26 -> 0 | Z26: =GS26 -> 0 | AA26: =GT26 -> 0 | AB26: =GU26 -> 0 | AC26: =GV26 -> 0 | ... AZ26: =HS26 -> 0 | BA26: =SUM(V26:AZ26) -> 0 | BB26: =IFERROR(BA26/$CK$3/(O26-P26),0) -> 0 | BC26: =HT26 -> 0 | BD26: =HU26 -> 0 | BE26: =HV26 -> 0 | BF26: =HW26 -> 0 | BG26: =HX26 -> 0 | BH26: =HY26 -> 0 | BI26: =HZ26 -> 0 | BJ26: =IA26 -> 0 | ... CG26: =IX26 -> 0 | CH26: =SUM(BC26:CG26) -> 0 | CI26: =IFERROR(CH26/$CK$3/(O26-P26),0) -> 0 | GM26: Data | GN26: =F26 -> KHI03-FMCG02-SPO-00 | GO26: 0 | GP26: 0 | GQ26: 0 | GR26: 0 | GS26: 0 | GT26: 0 | GU26: 0 | GV26: 0 | GW26: 0 | GX26: 0 | GY26: 0 | GZ26: 0 | HA26: 0 | HB26: 0 | HT26: 0 | HU26: 0 | HV26: 0 | HW26: 0 | HX26: 0 | HY26: 0 | HZ26: 0 | IA26: 0 | IB26: 0 | IC26: 0 | ID26: 0 | IE26: 0 | IF26: 0 | IG26: 0
A27: ASM Unmap | B27: DO Team | C27: South-A | D27: KARACHI-3 | E27: TH-KHI-3-DIR-PHR | F27: KHI03-FMCG02-ASM-01 | G27: 01280 | H27: SABAHAT KHAN SOORI | I27: SABAHAT KHAN SOORI | J27: KARACHI | K27: STREET | L27: E-02623 | M27: GSM-PR | N27: 45941 | O27: 0 | P27: 0 | Q27: =IFERROR(IF(OR(AI27>0),1,0),0) -> 0 | R27: =IFERROR(IF(OR(BA27>0),1,0),0) -> 0 | S27: =IFERROR(IF(OR(BP27>0),1,0),0) -> 0 | T27: =IFERROR(IF(OR(CH27>0),1,0),0) -> 0 | U27: =IFERROR(IF(OR(BA27>0,CH27>0),1,0),0) -> 0 | V27: =GO27 -> 0 | W27: =GP27 -> 0 | X27: =GQ27 -> 0 | Y27: =GR27 -> 0 | Z27: =GS27 -> 0 | AA27: =GT27 -> 0 | AB27: =GU27 -> 0 | AC27: =GV27 -> 0 | ... AZ27: =HS27 -> 0 | BA27: =SUM(V27:AZ27) -> 0 | BB27: =IFERROR(BA27/$CK$3/(O27-P27),0) -> 0 | BC27: =HT27 -> 0 | BD27: =HU27 -> 0 | BE27: =HV27 -> 0 | BF27: =HW27 -> 0 | BG27: =HX27 -> 0 | BH27: =HY27 -> 0 | BI27: =HZ27 -> 0 | BJ27: =IA27 -> 0 | ... CG27: =IX27 -> 0 | CH27: =SUM(BC27:CG27) -> 0 | CI27: =IFERROR(CH27/$CK$3/(O27-P27),0) -> 0 | GM27: Data | GN27: =F27 -> KHI03-FMCG02-ASM-01 | GO27: 0 | GP27: 0 | GQ27: 0 | GR27: 0 | GS27: 0 | GT27: 0 | GU27: 0 | GV27: 0 | GW27: 0 | GX27: 0 | GY27: 0 | GZ27: 0 | HA27: 0 | HB27: 0 | HT27: 0 | HU27: 0 | HV27: 0 | HW27: 0 | HX27: 0 | HY27: 0 | HZ27: 0 | IA27: 0 | IB27: 0 | IC27: 0 | ID27: 0 | IE27: 0 | IF27: 0 | IG27: 0
A28: ASM | B28: DO Team | C28: South-A | D28: Karachi-3 | E28: TH-KHI-3-DIR-PHR | F28: KHI03-FMCG02-ASM-01 | G28: 01280 | H28: SABAHAT KHAN SOORI | I28: SABAHAT KHAN SOORI | J28: KHI-3 | K28: LMT+Street | L28: 45941 | M28: GSM-PR | N28: 45941 | O28: =SUM(O20:O27) -> 6 | P28: =SUM(P20:P27) -> 2 | Q28: =IFERROR(IF(OR(AI28>0),1,0),0) -> 1 | R28: =R27+R25+R24+R23+R22+R21+R20 -> 4 | S28: =S27+S25+S24+S23+S22+S21+S20 -> 0 | T28: =T27+T25+T24+T23+T22+T21+T20 -> 4 | U28: =U27+U25+U24+U23+U22+U21+U20 -> 4 | V28: =V27+V25+V24+V23+V22+V21+V20 -> 4 | W28: =W27+W25+W24+W23+W22+W21+W20 -> 4 | X28: =X27+X25+X24+X23+X22+X21+X20 -> 4 | Y28: =Y27+Y25+Y24+Y23+Y22+Y21+Y20 -> 0 | ... AZ28: =AZ27+AZ25+AZ24+AZ23+AZ22+AZ21+AZ20 -> 0 | BA28: =SUM(V28:AZ28) -> 48 | BB28: =IFERROR(BA28/$CK$3/(O28-P28),0) -> 0.92307692 | BC28: =BC27+BC25+BC24+BC23+BC22+BC21+BC20 -> 116 | BD28: =BD27+BD25+BD24+BD23+BD22+BD21+BD20 -> 116 | BE28: =BE27+BE25+BE24+BE23+BE22+BE21+BE20 -> 111 | BF28: =BF27+BF25+BF24+BF23+BF22+BF21+BF20 -> 0 | BG28: =BG27+BG25+BG24+BG23+BG22+BG21+BG20 -> 140 | BH28: =BH27+BH25+BH24+BH23+BH22+BH21+BH20 -> 126 | BI28: =BI27+BI25+BI24+BI23+BI22+BI21+BI20 -> 109 | BJ28: =BJ27+BJ25+BJ24+BJ23+BJ22+BJ21+BJ20 -> 106 | ... CG28: =CG27+CG25+CG24+CG23+CG22+CG21+CG20 -> 0 | CH28: =SUM(BC28:CG28) -> 1351 | CI28: =IFERROR(CH28/$CK$3/(O28-P28),0) -> 25.980769 | GM28: Formula | GN28: =F28 -> KHI03-FMCG02-ASM-01 | GO28: 0 | GP28: 0 | GQ28: 0 | GR28: 0 | GS28: 0 | GT28: 0 | GU28: 0 | GV28: 0 | GW28: 0 | GX28: 0 | GY28: 0 | GZ28: 0 | HA28: 0 | HB28: 0 | HT28: 0 | HU28: 0 | HV28: 0 | HW28: 0 | HX28: 0 | HY28: 0 | HZ28: 0 | IA28: 0 | IB28: 0 | IC28: 0 | ID28: 0 | IE28: 0 | IF28: 0 | IG28: 0
A29: SPO | B29: Touch Team | C29: South-A | D29: KARACHI-4 | E29: T-KHI-06 | F29: KHI04-FMCG02-SPO-01 | G29: 0126002 | H29: M. ASAD KHAN (T-KHI-06) | I29: M. ASAD KHAN (T-KHI-06) | J29: GULSHAN-JOHAR-KHI | K29: STREET | L29: G1149 | M29: PRIME-HR | N29: 44877 | O29: 1 | P29: 0 | Q29: =IFERROR(IF(OR(AI29>0),1,0),0) -> 1 | R29: =IFERROR(IF(OR(BA29>0),1,0),0) -> 1 | S29: =IFERROR(IF(OR(BP29>0),1,0),0) -> 0 | T29: =IFERROR(IF(OR(CH29>0),1,0),0) -> 1 | U29: =IFERROR(IF(OR(BA29>0,CH29>0),1,0),0) -> 1 | V29: =GO29 -> 1 | W29: =GP29 -> 1 | X29: =GQ29 -> 1 | Y29: =GR29 -> 0 | Z29: =GS29 -> 1 | AA29: =GT29 -> 1 | AB29: =GU29 -> 1 | AC29: =GV29 -> 1 | ... AZ29: =HS29 -> 0 | BA29: =SUM(V29:AZ29) -> 12 | BB29: =IFERROR(BA29/$CK$3/(O29-P29),0) -> 0.92307692 | BC29: =HT29 -> 0 | BD29: =HU29 -> 0 | BE29: =HV29 -> 0 | BF29: =HW29 -> 0 | BG29: =HX29 -> 0 | BH29: =HY29 -> 0 | BI29: =HZ29 -> 0 | BJ29: =IA29 -> 0 | ... CG29: =IX29 -> 0 | CH29: =SUM(BC29:CG29) -> 85 | CI29: =IFERROR(CH29/$CK$3/(O29-P29),0) -> 6.5384615 | GM29: Data | GN29: =F29 -> KHI04-FMCG02-SPO-01 | GO29: 1 | GP29: 1 | GQ29: 1 | GR29: 0 | GS29: 1 | GT29: 1 | GU29: 1 | GV29: 1 | GW29: 1 | GX29: 1 | GY29: 0 | GZ29: 1 | HA29: 1 | HB29: 1 | HT29: 0 | HU29: 0 | HV29: 0 | HW29: 0 | HX29: 0 | HY29: 0 | HZ29: 0 | IA29: 0 | IB29: 0 | IC29: 49 | ID29: 0 | IE29: 36 | IF29: 0 | IG29: 0
A30: SPO | B30: Touch Team | C30: South-A | D30: KARACHI-4 | E30: T-KHI-07 | F30: KHI04-FMCG02-SPO-02 | G30: 0126006 | H30: ABDUL RAFAY (T-KHI-07) | I30: ABDUL RAFAY (T-KHI-07) | J30: KORANGI-KHI | K30: STREET | L30: G0862 | M30: PRIME-HR | N30: 44014 | O30: 1 | P30: 0 | Q30: =IFERROR(IF(OR(AI30>0),1,0),0) -> 1 | R30: =IFERROR(IF(OR(BA30>0),1,0),0) -> 1 | S30: =IFERROR(IF(OR(BP30>0),1,0),0) -> 0 | T30: =IFERROR(IF(OR(CH30>0),1,0),0) -> 1 | U30: =IFERROR(IF(OR(BA30>0,CH30>0),1,0),0) -> 1 | V30: =GO30 -> 1 | W30: =GP30 -> 1 | X30: =GQ30 -> 1 | Y30: =GR30 -> 0 | Z30: =GS30 -> 1 | AA30: =GT30 -> 1 | AB30: =GU30 -> 1 | AC30: =GV30 -> 1 | ... AZ30: =HS30 -> 0 | BA30: =SUM(V30:AZ30) -> 12 | BB30: =IFERROR(BA30/$CK$3/(O30-P30),0) -> 0.92307692 | BC30: =HT30 -> 0 | BD30: =HU30 -> 0 | BE30: =HV30 -> 19 | BF30: =HW30 -> 0 | BG30: =HX30 -> 0 | BH30: =HY30 -> 37 | BI30: =HZ30 -> 19 | BJ30: =IA30 -> 0 | ... CG30: =IX30 -> 0 | CH30: =SUM(BC30:CG30) -> 157 | CI30: =IFERROR(CH30/$CK$3/(O30-P30),0) -> 12.076923 | GM30: Data | GN30: =F30 -> KHI04-FMCG02-SPO-02 | GO30: 1 | GP30: 1 | GQ30: 1 | GR30: 0 | GS30: 1 | GT30: 1 | GU30: 1 | GV30: 1 | GW30: 1 | GX30: 1 | GY30: 0 | GZ30: 1 | HA30: 1 | HB30: 1 | HT30: 0 | HU30: 0 | HV30: 19 | HW30: 0 | HX30: 0 | HY30: 37 | HZ30: 19 | IA30: 0 | IB30: 0 | IC30: 28 | ID30: 0 | IE30: 29 | IF30: 25 | IG30: 0
A31: SPO | B31: Touch Team | C31: South-A | D31: KARACHI-4 | E31: T-KHI-08 | F31: KHI04-FMCG02-SPO-03 | G31: 0126003 | H31: ASHAR UR REHMAN (T-KHI-08) | I31: ASHAR UR REHMAN (T-KHI-08) | J31: MALIR-KHI | K31: STREET | L31: G1108 | M31: PRIME-HR | N31: 44795 | O31: 1 | P31: 0 | Q31: =IFERROR(IF(OR(AI31>0),1,0),0) -> 1 | R31: =IFERROR(IF(OR(BA31>0),1,0),0) -> 1 | S31: =IFERROR(IF(OR(BP31>0),1,0),0) -> 0 | T31: =IFERROR(IF(OR(CH31>0),1,0),0) -> 1 | U31: =IFERROR(IF(OR(BA31>0,CH31>0),1,0),0) -> 1 | V31: =GO31 -> 1 | W31: =GP31 -> 1 | X31: =GQ31 -> 1 | Y31: =GR31 -> 0 | Z31: =GS31 -> 1 | AA31: =GT31 -> 1 | AB31: =GU31 -> 1 | AC31: =GV31 -> 1 | ... AZ31: =HS31 -> 0 | BA31: =SUM(V31:AZ31) -> 12 | BB31: =IFERROR(BA31/$CK$3/(O31-P31),0) -> 0.92307692 | BC31: =HT31 -> 29 | BD31: =HU31 -> 41 | BE31: =HV31 -> 43 | BF31: =HW31 -> 0 | BG31: =HX31 -> 39 | BH31: =HY31 -> 30 | BI31: =HZ31 -> 35 | BJ31: =IA31 -> 37 | ... CG31: =IX31 -> 0 | CH31: =SUM(BC31:CG31) -> 432 | CI31: =IFERROR(CH31/$CK$3/(O31-P31),0) -> 33.230769 | GM31: Data | GN31: =F31 -> KHI04-FMCG02-SPO-03 | GO31: 1 | GP31: 1 | GQ31: 1 | GR31: 0 | GS31: 1 | GT31: 1 | GU31: 1 | GV31: 1 | GW31: 1 | GX31: 1 | GY31: 0 | GZ31: 1 | HA31: 1 | HB31: 1 | HT31: 29 | HU31: 41 | HV31: 43 | HW31: 0 | HX31: 39 | HY31: 30 | HZ31: 35 | IA31: 37 | IB31: 33 | IC31: 39 | ID31: 0 | IE31: 51 | IF31: 55 | IG31: 0
A32: SPO | B32: Touch Team | C32: South-A | D32: KARACHI-4 | E32: T-KHI-09 | F32: KHI04-FMCG02-SPO-04 | G32: 0119002 | H32: SY. USAMA AHMED (T-KHI-09) | I32: SY. USAMA AHMED (T-KHI-09) | J32: LANDHI-KHI | K32: STREET | L32: G1205 | M32: PRIME-HR | N32: 44988 | O32: 1 | P32: 0 | Q32: =IFERROR(IF(OR(AI32>0),1,0),0) -> 1 | R32: =IFERROR(IF(OR(BA32>0),1,0),0) -> 1 | S32: =IFERROR(IF(OR(BP32>0),1,0),0) -> 0 | T32: =IFERROR(IF(OR(CH32>0),1,0),0) -> 1 | U32: =IFERROR(IF(OR(BA32>0,CH32>0),1,0),0) -> 1 | V32: =GO32 -> 1 | W32: =GP32 -> 1 | X32: =GQ32 -> 1 | Y32: =GR32 -> 0 | Z32: =GS32 -> 1 | AA32: =GT32 -> 1 | AB32: =GU32 -> 1 | AC32: =GV32 -> 1 | ... AZ32: =HS32 -> 0 | BA32: =SUM(V32:AZ32) -> 12 | BB32: =IFERROR(BA32/$CK$3/(O32-P32),0) -> 0.92307692 | BC32: =HT32 -> 41 | BD32: =HU32 -> 34 | BE32: =HV32 -> 44 | BF32: =HW32 -> 0 | BG32: =HX32 -> 44 | BH32: =HY32 -> 29 | BI32: =HZ32 -> 41 | BJ32: =IA32 -> 0 | ... CG32: =IX32 -> 0 | CH32: =SUM(BC32:CG32) -> 388 | CI32: =IFERROR(CH32/$CK$3/(O32-P32),0) -> 29.846154 | GM32: Data | GN32: =F32 -> KHI04-FMCG02-SPO-04 | GO32: 1 | GP32: 1 | GQ32: 1 | GR32: 0 | GS32: 1 | GT32: 1 | GU32: 1 | GV32: 1 | GW32: 1 | GX32: 1 | GY32: 0 | GZ32: 1 | HA32: 1 | HB32: 1 | HT32: 41 | HU32: 34 | HV32: 44 | HW32: 0 | HX32: 44 | HY32: 29 | HZ32: 41 | IA32: 0 | IB32: 30 | IC32: 44 | ID32: 0 | IE32: 37 | IF32: 44 | IG32: 0
A33: SPO | B33: Touch Team | C33: South-A | D33: KARACHI-4 | E33: T-KHI-10 | F33: KHI04-FMCG02-SPO-05 | G33: 0119005 | H33: SHAHROZ (T-KHI-10) | I33: SHAHROZ (T-KHI-10) | J33: DHA + CLIFTON-KHI | K33: STREET | L33: G1011 | M33: PRIME-HR | N33: 44498 | O33: 1 | P33: 0 | Q33: =IFERROR(IF(OR(AI33>0),1,0),0) -> 1 | R33: =IFERROR(IF(OR(BA33>0),1,0),0) -> 1 | S33: =IFERROR(IF(OR(BP33>0),1,0),0) -> 0 | T33: =IFERROR(IF(OR(CH33>0),1,0),0) -> 1 | U33: =IFERROR(IF(OR(BA33>0,CH33>0),1,0),0) -> 1 | V33: =GO33 -> 1 | W33: =GP33 -> 1 | X33: =GQ33 -> 1 | Y33: =GR33 -> 0 | Z33: =GS33 -> 1 | AA33: =GT33 -> 1 | AB33: =GU33 -> 1 | AC33: =GV33 -> 1 | ... AZ33: =HS33 -> 0 | BA33: =SUM(V33:AZ33) -> 12 | BB33: =IFERROR(BA33/$CK$3/(O33-P33),0) -> 0.92307692 | BC33: =HT33 -> 22 | BD33: =HU33 -> 23 | BE33: =HV33 -> 44 | BF33: =HW33 -> 0 | BG33: =HX33 -> 0 | BH33: =HY33 -> 26 | BI33: =HZ33 -> 35 | BJ33: =IA33 -> 30 | ... CG33: =IX33 -> 0 | CH33: =SUM(BC33:CG33) -> 276 | CI33: =IFERROR(CH33/$CK$3/(O33-P33),0) -> 21.230769 | GM33: Data | GN33: =F33 -> KHI04-FMCG02-SPO-05 | GO33: 1 | GP33: 1 | GQ33: 1 | GR33: 0 | GS33: 1 | GT33: 1 | GU33: 1 | GV33: 1 | GW33: 1 | GX33: 1 | GY33: 0 | GZ33: 1 | HA33: 1 | HB33: 1 | HT33: 22 | HU33: 23 | HV33: 44 | HW33: 0 | HX33: 0 | HY33: 26 | HZ33: 35 | IA33: 30 | IB33: 32 | IC33: 16 | ID33: 0 | IE33: 25 | IF33: 23 | IG33: 0
A34: SPO | B34: Touch Team | C34: South-A | D34: KARACHI-4 | E34: T-KHI-12 | F34: KHI04-FMCG02-SPO-06 | G34: 0126005 | H34: M. WASEM (T-KHI-12) | I34: M. WASEM (T-KHI-12) | J34: DHA + CLIFTON-KHI | K34: STREET | L34: 46230 | M34: VACANT | N34: 46230 | O34: 1 | P34: 0 | Q34: =IFERROR(IF(OR(AI34>0),1,0),0) -> 1 | R34: =IFERROR(IF(OR(BA34>0),1,0),0) -> 1 | S34: =IFERROR(IF(OR(BP34>0),1,0),0) -> 0 | T34: =IFERROR(IF(OR(CH34>0),1,0),0) -> 1 | U34: =IFERROR(IF(OR(BA34>0,CH34>0),1,0),0) -> 1 | V34: =GO34 -> 1 | W34: =GP34 -> 1 | X34: =GQ34 -> 1 | Y34: =GR34 -> 0 | Z34: =GS34 -> 1 | AA34: =GT34 -> 1 | AB34: =GU34 -> 1 | AC34: =GV34 -> 1 | ... AZ34: =HS34 -> 0 | BA34: =SUM(V34:AZ34) -> 12 | BB34: =IFERROR(BA34/$CK$3/(O34-P34),0) -> 0.92307692 | BC34: =HT34 -> 0 | BD34: =HU34 -> 38 | BE34: =HV34 -> 35 | BF34: =HW34 -> 0 | BG34: =HX34 -> 0 | BH34: =HY34 -> 37 | BI34: =HZ34 -> 63 | BJ34: =IA34 -> 36 | ... CG34: =IX34 -> 0 | CH34: =SUM(BC34:CG34) -> 369 | CI34: =IFERROR(CH34/$CK$3/(O34-P34),0) -> 28.384615 | GM34: Data | GN34: =F34 -> KHI04-FMCG02-SPO-06 | GO34: 1 | GP34: 1 | GQ34: 1 | GR34: 0 | GS34: 1 | GT34: 1 | GU34: 1 | GV34: 1 | GW34: 1 | GX34: 1 | GY34: 0 | GZ34: 1 | HA34: 1 | HB34: 1 | HT34: 0 | HU34: 38 | HV34: 35 | HW34: 0 | HX34: 0 | HY34: 37 | HZ34: 63 | IA34: 36 | IB34: 38 | IC34: 48 | ID34: 0 | IE34: 37 | IF34: 37 | IG34: 0
A35: SPO Unmap | B35: Touch Team | C35: South-A | D35: KARACHI-4 | E35: Others | F35: KHI04-FMCG02-SPO-00 | G35: 0119006 | H35: FMCG UNMAPPED (KHI04) | I35: FMCG UNMAPPED (KHI04) | J35: KARACHI | K35: UN-DEFINED | L35: UN-DEFINED | M35: UN-DEFINED | N35: 45474 | O35: 0 | P35: 0 | Q35: =IFERROR(IF(OR(AI35>0),1,0),0) -> 0 | R35: =IFERROR(IF(OR(BA35>0),1,0),0) -> 0 | S35: =IFERROR(IF(OR(BP35>0),1,0),0) -> 0 | T35: =IFERROR(IF(OR(CH35>0),1,0),0) -> 0 | U35: =IFERROR(IF(OR(BA35>0,CH35>0),1,0),0) -> 0 | V35: =GO35 -> 0 | W35: =GP35 -> 0 | X35: =GQ35 -> 0 | Y35: =GR35 -> 0 | Z35: =GS35 -> 0 | AA35: =GT35 -> 0 | AB35: =GU35 -> 0 | AC35: =GV35 -> 0 | ... AZ35: =HS35 -> 0 | BA35: =SUM(V35:AZ35) -> 0 | BB35: =IFERROR(BA35/$CK$3/(O35-P35),0) -> 0 | BC35: =HT35 -> 0 | BD35: =HU35 -> 0 | BE35: =HV35 -> 0 | BF35: =HW35 -> 0 | BG35: =HX35 -> 0 | BH35: =HY35 -> 0 | BI35: =HZ35 -> 0 | BJ35: =IA35 -> 0 | ... CG35: =IX35 -> 0 | CH35: =SUM(BC35:CG35) -> 0 | CI35: =IFERROR(CH35/$CK$3/(O35-P35),0) -> 0 | GM35: Data | GN35: =F35 -> KHI04-FMCG02-SPO-00 | GO35: 0 | GP35: 0 | GQ35: 0 | GR35: 0 | GS35: 0 | GT35: 0 | GU35: 0 | GV35: 0 | GW35: 0 | GX35: 0 | GY35: 0 | GZ35: 0 | HA35: 0 | HB35: 0 | HT35: 0 | HU35: 0 | HV35: 0 | HW35: 0 | HX35: 0 | HY35: 0 | HZ35: 0 | IA35: 0 | IB35: 0 | IC35: 0 | ID35: 0 | IE35: 0 | IF35: 0 | IG35: 0
A36: ASM Unmap | B36: Touch Team | C36: South-A | D36: KARACHI-4 | E36: TH-KHI-4-DIR-PHR | F36: KHI04-FMCG02-ASM-01 | G36: 01190 | H36: M. DANISH | I36: M. DANISH | J36: KARACHI | K36: STREET | L36: E-01708 | M36: GSM-PR | N36: 45139 | O36: 0 | P36: 0 | Q36: =IFERROR(IF(OR(AI36>0),1,0),0) -> 0 | R36: =IFERROR(IF(OR(BA36>0),1,0),0) -> 0 | S36: =IFERROR(IF(OR(BP36>0),1,0),0) -> 0 | T36: =IFERROR(IF(OR(CH36>0),1,0),0) -> 0 | U36: =IFERROR(IF(OR(BA36>0,CH36>0),1,0),0) -> 0 | V36: =GO36 -> 0 | W36: =GP36 -> 0 | X36: =GQ36 -> 0 | Y36: =GR36 -> 0 | Z36: =GS36 -> 0 | AA36: =GT36 -> 0 | AB36: =GU36 -> 0 | AC36: =GV36 -> 0 | ... AZ36: =HS36 -> 0 | BA36: =SUM(V36:AZ36) -> 0 | BB36: =IFERROR(BA36/$CK$3/(O36-P36),0) -> 0 | BC36: =HT36 -> 0 | BD36: =HU36 -> 0 | BE36: =HV36 -> 0 | BF36: =HW36 -> 0 | BG36: =HX36 -> 0 | BH36: =HY36 -> 0 | BI36: =HZ36 -> 0 | BJ36: =IA36 -> 0 | ... CG36: =IX36 -> 0 | CH36: =SUM(BC36:CG36) -> 0 | CI36: =IFERROR(CH36/$CK$3/(O36-P36),0) -> 0 | GM36: Data | GN36: =F36 -> KHI04-FMCG02-ASM-01 | GO36: 0 | GP36: 0 | GQ36: 0 | GR36: 0 | GS36: 0 | GT36: 0 | GU36: 0 | GV36: 0 | GW36: 0 | GX36: 0 | GY36: 0 | GZ36: 0 | HA36: 0 | HB36: 0 | HT36: 0 | HU36: 0 | HV36: 0 | HW36: 0 | HX36: 0 | HY36: 0 | HZ36: 0 | IA36: 0 | IB36: 0 | IC36: 0 | ID36: 0 | IE36: 0 | IF36: 0 | IG36: 0
A37: ASM | B37: Touch Team | C37: South-A | D37: Karachi-4 | E37: TH-KHI-4-DIR-PHR | F37: KHI04-FMCG02-ASM-01 | G37: 01190 | H37: M. DANISH | I37: M. DANISH | J37: KHI-4 | K37: SD+Street | L37: E-01708 | M37: GSM-PR | N37: 45139 | O37: =O35+O33+O32+O31+O30+O29+O34 -> 6 | P37: =P35+P33+P32+P31+P30+P29+P34 -> 0 | Q37: =Q35+Q33+Q32+Q31+Q30+Q29+Q34 -> 6 | R37: =R35+R33+R32+R31+R30+R29+R34 -> 6 | S37: =S35+S33+S32+S31+S30+S29+S34 -> 0 | T37: =T35+T33+T32+T31+T30+T29+T34 -> 6 | U37: =U35+U33+U32+U31+U30+U29+U34 -> 6 | V37: =V35+V33+V32+V31+V30+V29+V34 -> 6 | ... AZ37: =AZ35+AZ33+AZ32+AZ31+AZ30+AZ29+AZ34 -> 0 | BA37: =SUM(V37:AZ37) -> 72 | BB37: =IFERROR(BA37/$CK$3/(O37-P37),0) -> 0.92307692 | BC37: =BC35+BC33+BC32+BC31+BC30+BC29+BC34 -> 92 | BD37: =BD35+BD33+BD32+BD31+BD30+BD29+BD34 -> 136 | BE37: =BE35+BE33+BE32+BE31+BE30+BE29+BE34 -> 185 | BF37: =BF35+BF33+BF32+BF31+BF30+BF29+BF34 -> 0 | BG37: =BG35+BG33+BG32+BG31+BG30+BG29+BG34 -> 83 | BH37: =BH35+BH33+BH32+BH31+BH30+BH29+BH34 -> 159 | BI37: =BI35+BI33+BI32+BI31+BI30+BI29+BI34 -> 193 | BJ37: =BJ35+BJ33+BJ32+BJ31+BJ30+BJ29+BJ34 -> 103 | ... CG37: =CG35+CG33+CG32+CG31+CG30+CG29+CG34 -> 0 | CH37: =SUM(BC37:CG37) -> 1707 | CI37: =IFERROR(CH37/$CK$3/(O37-P37),0) -> 21.884615 | GM37: Formula | GN37: =F37 -> KHI04-FMCG02-ASM-01 | GO37: 0 | GP37: 0 | GQ37: 0 | GR37: 0 | GS37: 0 | GT37: 0 | GU37: 0 | GV37: 0 | GW37: 0 | GX37: 0 | GY37: 0 | GZ37: 0 | HA37: 0 | HB37: 0 | HT37: 0 | HU37: 0 | HV37: 0 | HW37: 0 | HX37: 0 | HY37: 0 | HZ37: 0 | IA37: 0 | IB37: 0 | IC37: 0 | ID37: 0 | IE37: 0 | IF37: 0 | IG37: 0
A38: SPO | B38: Touch Team | C38: South-A | D38: KARACHI-5 | E38: B-KHI-01 | F38: KHI05-FMCG03-SPO-01 | G38: 0114007 | H38: VACANT (B-KHI-01) | I38: M. AYYAN (B-KHI-01) | J38: GULSHAN-JOHAR-KHI | K38: STREET | L38: - | M38: VACANT | N38: 46202 | O38: 1 | P38: 1 | Q38: =IFERROR(IF(OR(AI38>0),1,0),0) -> 0 | R38: =IFERROR(IF(OR(BA38>0),1,0),0) -> 0 | S38: =IFERROR(IF(OR(BP38>0),1,0),0) -> 0 | T38: =IFERROR(IF(OR(CH38>0),1,0),0) -> 0 | U38: =IFERROR(IF(OR(BA38>0,CH38>0),1,0),0) -> 0 | V38: =GO38 -> 0 | W38: =GP38 -> 0 | X38: =GQ38 -> 0 | Y38: =GR38 -> 0 | Z38: =GS38 -> 0 | AA38: =GT38 -> 0 | AB38: =GU38 -> 0 | AC38: =GV38 -> 0 | ... AZ38: =HS38 -> 0 | BA38: =SUM(V38:AZ38) -> 0 | BB38: =IFERROR(BA38/$CK$3/(O38-P38),0) -> 0 | BC38: =HT38 -> 0 | BD38: =HU38 -> 0 | BE38: =HV38 -> 0 | BF38: =HW38 -> 0 | BG38: =HX38 -> 0 | BH38: =HY38 -> 0 | BI38: =HZ38 -> 0 | BJ38: =IA38 -> 0 | ... CG38: =IX38 -> 0 | CH38: =SUM(BC38:CG38) -> 0 | CI38: =IFERROR(CH38/$CK$3/(O38-P38),0) -> 0 | GM38: Data | GN38: =F38 -> KHI05-FMCG03-SPO-01 | GO38: 0 | GP38: 0 | GQ38: 0 | GR38: 0 | GS38: 0 | GT38: 0 | GU38: 0 | GV38: 0 | GW38: 0 | GX38: 0 | GY38: 0 | GZ38: 0 | HA38: 0 | HB38: 0 | HT38: 0 | HU38: 0 | HV38: 0 | HW38: 0 | HX38: 0 | HY38: 0 | HZ38: 0 | IA38: 0 | IB38: 0 | IC38: 0 | ID38: 0 | IE38: 0 | IF38: 0 | IG38: 0
A39: SPO | B39: Touch Team | C39: South-A | D39: KARACHI-5 | E39: B-KHI-02 | F39: KHI05-FMCG03-SPO-02 | G39: 0126008 | H39: ABDUL HADI (B-KHI-02) | I39: M. AYYAN (B-KHI-02) | J39: DHA + CLIFTON-KORANGI LANDHI KHI | K39: STREET | L39: G1894 | M39: PRIME-HR | N39: 46216 | O39: 1 | P39: 0 | Q39: =IFERROR(IF(OR(AI39>0),1,0),0) -> 1 | R39: =IFERROR(IF(OR(BA39>0),1,0),0) -> 1 | S39: =IFERROR(IF(OR(BP39>0),1,0),0) -> 0 | T39: =IFERROR(IF(OR(CH39>0),1,0),0) -> 1 | U39: =IFERROR(IF(OR(BA39>0,CH39>0),1,0),0) -> 1 | V39: =GO39 -> 1 | W39: =GP39 -> 1 | X39: =GQ39 -> 1 | Y39: =GR39 -> 0 | Z39: =GS39 -> 1 | AA39: =GT39 -> 1 | AB39: =GU39 -> 1 | AC39: =GV39 -> 1 | ... AZ39: =HS39 -> 0 | BA39: =SUM(V39:AZ39) -> 12 | BB39: =IFERROR(BA39/$CK$3/(O39-P39),0) -> 0.92307692 | BC39: =HT39 -> 13 | BD39: =HU39 -> 0 | BE39: =HV39 -> 0 | BF39: =HW39 -> 10 | BG39: =HX39 -> 16 | BH39: =HY39 -> 20 | BI39: =HZ39 -> 9 | BJ39: =IA39 -> 21 | ... CG39: =IX39 -> 0 | CH39: =SUM(BC39:CG39) -> 127 | CI39: =IFERROR(CH39/$CK$3/(O39-P39),0) -> 9.7692308 | GM39: Data | GN39: =F39 -> KHI05-FMCG03-SPO-02 | GO39: 1 | GP39: 1 | GQ39: 1 | GR39: 0 | GS39: 1 | GT39: 1 | GU39: 1 | GV39: 1 | GW39: 1 | GX39: 1 | GY39: 0 | GZ39: 1 | HA39: 1 | HB39: 1 | HT39: 13 | HU39: 0 | HV39: 0 | HW39: 10 | HX39: 16 | HY39: 20 | HZ39: 9 | IA39: 21 | IB39: 15 | IC39: 0 | ID39: 0 | IE39: 10 | IF39: 13 | IG39: 0
A40: SPO | B40: Touch Team | C40: South-A | D40: KARACHI-5 | E40: B-KHI-03 | F40: KHI05-FMCG03-SPO-03 | G40: 0114002 | H40: MUHAMAMD FURQAN (B-KHI-03) | I40: MUHAMAMD FURQAN (B-KHI-03) | J40: NAZIMABAD- NORTH KHI | K40: STREET | L40: G1892 | M40: PRIME-HR | N40: 46216 | O40: 1 | P40: 0 | Q40: =IFERROR(IF(OR(AI40>0),1,0),0) -> 1 | R40: =IFERROR(IF(OR(BA40>0),1,0),0) -> 1 | S40: =IFERROR(IF(OR(BP40>0),1,0),0) -> 0 | T40: =IFERROR(IF(OR(CH40>0),1,0),0) -> 1 | U40: =IFERROR(IF(OR(BA40>0,CH40>0),1,0),0) -> 1 | V40: =GO40 -> 1 | W40: =GP40 -> 1 | X40: =GQ40 -> 1 | Y40: =GR40 -> 0 | Z40: =GS40 -> 1 | AA40: =GT40 -> 1 | AB40: =GU40 -> 1 | AC40: =GV40 -> 1 | ... AZ40: =HS40 -> 0 | BA40: =SUM(V40:AZ40) -> 12 | BB40: =IFERROR(BA40/$CK$3/(O40-P40),0) -> 0.92307692 | BC40: =HT40 -> 0 | BD40: =HU40 -> 0 | BE40: =HV40 -> 0 | BF40: =HW40 -> 0 | BG40: =HX40 -> 0 | BH40: =HY40 -> 0 | BI40: =HZ40 -> 0 | BJ40: =IA40 -> 12 | ... CG40: =IX40 -> 0 | CH40: =SUM(BC40:CG40) -> 17 | CI40: =IFERROR(CH40/$CK$3/(O40-P40),0) -> 1.3076923 | GM40: Data | GN40: =F40 -> KHI05-FMCG03-SPO-03 | GO40: 1 | GP40: 1 | GQ40: 1 | GR40: 0 | GS40: 1 | GT40: 1 | GU40: 1 | GV40: 1 | GW40: 1 | GX40: 1 | GY40: 0 | GZ40: 1 | HA40: 1 | HB40: 1 | HT40: 0 | HU40: 0 | HV40: 0 | HW40: 0 | HX40: 0 | HY40: 0 | HZ40: 0 | IA40: 12 | IB40: 5 | IC40: 0 | ID40: 0 | IE40: 0 | IF40: 0 | IG40: 0
A41: SPO | B41: Touch Team | C41: South-A | D41: KARACHI-5 | E41: B-KHI-04 | F41: KHI05-FMCG03-SPO-04 | G41: 129001 | H41: ZAYAN AHMED (B-KHI-04) | I41: VACANT (B-KHI-04) | J41: TARIQ ROAD -BAHADURABAD | K41: STREET | L41: G1873 | M41: PRIME-HR | N41: 46178 | O41: 1 | P41: 0 | Q41: =IFERROR(IF(OR(AI41>0),1,0),0) -> 1 | R41: =IFERROR(IF(OR(BA41>0),1,0),0) -> 1 | S41: =IFERROR(IF(OR(BP41>0),1,0),0) -> 0 | T41: =IFERROR(IF(OR(CH41>0),1,0),0) -> 1 | U41: =IFERROR(IF(OR(BA41>0,CH41>0),1,0),0) -> 1 | V41: =GO41 -> 1 | W41: =GP41 -> 1 | X41: =GQ41 -> 1 | Y41: =GR41 -> 0 | Z41: =GS41 -> 1 | AA41: =GT41 -> 1 | AB41: =GU41 -> 1 | AC41: =GV41 -> 1 | ... AZ41: =HS41 -> 0 | BA41: =SUM(V41:AZ41) -> 12 | BB41: =IFERROR(BA41/$CK$3/(O41-P41),0) -> 0.92307692 | BC41: =HT41 -> 0 | BD41: =HU41 -> 0 | BE41: =HV41 -> 0 | BF41: =HW41 -> 0 | BG41: =HX41 -> 0 | BH41: =HY41 -> 0 | BI41: =HZ41 -> 0 | BJ41: =IA41 -> 0 | ... CG41: =IX41 -> 0 | CH41: =SUM(BC41:CG41) -> 11 | CI41: =IFERROR(CH41/$CK$3/(O41-P41),0) -> 0.84615385 | GM41: Data | GN41: =F41 -> KHI05-FMCG03-SPO-04 | GO41: 1 | GP41: 1 | GQ41: 1 | GR41: 0 | GS41: 1 | GT41: 1 | GU41: 1 | GV41: 1 | GW41: 1 | GX41: 1 | GY41: 0 | GZ41: 1 | HA41: 1 | HB41: 1 | HT41: 0 | HU41: 0 | HV41: 0 | HW41: 0 | HX41: 0 | HY41: 0 | HZ41: 0 | IA41: 0 | IB41: 0 | IC41: 5 | ID41: 0 | IE41: 6 | IF41: 0 | IG41: 0
A42: SPO | B42: Touch Team | C42: South-A | D42: KARACHI-5 | E42: B-KHI-05 | F42: KHI05-FMCG03-SPO-05 | G42: 0129002 | H42: M. OSAMA (B-KHI-05) | I42: KASHAN RAZA (B-KHI-05) | J42: ORANGI - BALDIA - OLD CITY | K42: STREET | L42: G1970 | M42: PRIME-HR | N42: 46304 | O42: 1 | P42: 0 | Q42: =IFERROR(IF(OR(AI42>0),1,0),0) -> 1 | R42: =IFERROR(IF(OR(BA42>0),1,0),0) -> 1 | S42: =IFERROR(IF(OR(BP42>0),1,0),0) -> 0 | T42: =IFERROR(IF(OR(CH42>0),1,0),0) -> 0 | U42: =IFERROR(IF(OR(BA42>0,CH42>0),1,0),0) -> 1 | V42: =GO42 -> 0 | W42: =GP42 -> 0 | X42: =GQ42 -> 0 | Y42: =GR42 -> 0 | Z42: =GS42 -> 0 | AA42: =GT42 -> 0 | AB42: =GU42 -> 0 | AC42: =GV42 -> 0 | ... AZ42: =HS42 -> 0 | BA42: =SUM(V42:AZ42) -> 3 | BB42: =IFERROR(BA42/$CK$3/(O42-P42),0) -> 0.23076923 | BC42: =HT42 -> 0 | BD42: =HU42 -> 0 | BE42: =HV42 -> 0 | BF42: =HW42 -> 0 | BG42: =HX42 -> 0 | BH42: =HY42 -> 0 | BI42: =HZ42 -> 0 | BJ42: =IA42 -> 0 | ... CG42: =IX42 -> 0 | CH42: =SUM(BC42:CG42) -> 0 | CI42: =IFERROR(CH42/$CK$3/(O42-P42),0) -> 0 | GM42: Data | GN42: =F42 -> KHI05-FMCG03-SPO-05 | GO42: 0 | GP42: 0 | GQ42: 0 | GR42: 0 | GS42: 0 | GT42: 0 | GU42: 0 | GV42: 0 | GW42: 0 | GX42: 0 | GY42: 0 | GZ42: 1 | HA42: 1 | HB42: 1 | HT42: 0 | HU42: 0 | HV42: 0 | HW42: 0 | HX42: 0 | HY42: 0 | HZ42: 0 | IA42: 0 | IB42: 0 | IC42: 0 | ID42: 0 | IE42: 0 | IF42: 0 | IG42: 0
A43: SPO Unmap | B43: Touch Team | C43: South-A | D43: KARACHI-5 | E43: Others | F43: KHI05-FMCG03-SPO-00 | G43: 0129003 | H43: FMCG UNMAPPED (KHI05) | I43: FMCG UNMAPPED (KHI05) | J43: KARACHI | K43: UN-DEFINED | L43: UN-DEFINED | M43: UN-DEFINED | N43: 45474 | O43: 0 | P43: 0 | Q43: =IFERROR(IF(OR(AI43>0),1,0),0) -> 0 | R43: =IFERROR(IF(OR(BA43>0),1,0),0) -> 0 | S43: =IFERROR(IF(OR(BP43>0),1,0),0) -> 0 | T43: =IFERROR(IF(OR(CH43>0),1,0),0) -> 0 | U43: =IFERROR(IF(OR(BA43>0,CH43>0),1,0),0) -> 0 | V43: =GO43 -> 0 | W43: =GP43 -> 0 | X43: =GQ43 -> 0 | Y43: =GR43 -> 0 | Z43: =GS43 -> 0 | AA43: =GT43 -> 0 | AB43: =GU43 -> 0 | AC43: =GV43 -> 0 | ... AZ43: =HS43 -> 0 | BA43: =SUM(V43:AZ43) -> 0 | BB43: =IFERROR(BA43/$CK$3/(O43-P43),0) -> 0 | BC43: =HT43 -> 0 | BD43: =HU43 -> 0 | BE43: =HV43 -> 0 | BF43: =HW43 -> 0 | BG43: =HX43 -> 0 | BH43: =HY43 -> 0 | BI43: =HZ43 -> 0 | BJ43: =IA43 -> 0 | ... CG43: =IX43 -> 0 | CH43: =SUM(BC43:CG43) -> 0 | CI43: =IFERROR(CH43/$CK$3/(O43-P43),0) -> 0 | GM43: Data | GN43: =F43 -> KHI05-FMCG03-SPO-00 | GO43: 0 | GP43: 0 | GQ43: 0 | GR43: 0 | GS43: 0 | GT43: 0 | GU43: 0 | GV43: 0 | GW43: 0 | GX43: 0 | GY43: 0 | GZ43: 0 | HA43: 0 | HB43: 0 | HT43: 0 | HU43: 0 | HV43: 0 | HW43: 0 | HX43: 0 | HY43: 0 | HZ43: 0 | IA43: 0 | IB43: 0 | IC43: 0 | ID43: 0 | IE43: 0 | IF43: 0 | IG43: 0
A44: ASM Unmap | B44: Touch Team | C44: South-A | D44: KARACHI-5 | E44: BLS-KHI-5-DIR-PHR | F44: KHI05-FMCG03-ASM-01 | G44: 01290 | H44: SY. HASSAN IQBAL ZAIDI | I44: SY. HASSAN IQBAL ZAIDI | J44: KARACHI | K44: STREET | L44: E-01706 | M44: GSM-PR | N44: 45139 | O44: 0 | P44: 0 | Q44: =IFERROR(IF(OR(AI44>0),1,0),0) -> 0 | R44: =IFERROR(IF(OR(BA44>0),1,0),0) -> 0 | S44: =IFERROR(IF(OR(BP44>0),1,0),0) -> 0 | T44: =IFERROR(IF(OR(CH44>0),1,0),0) -> 0 | U44: =IFERROR(IF(OR(BA44>0,CH44>0),1,0),0) -> 0 | V44: =GO44 -> 0 | W44: =GP44 -> 0 | X44: =GQ44 -> 0 | Y44: =GR44 -> 0 | Z44: =GS44 -> 0 | AA44: =GT44 -> 0 | AB44: =GU44 -> 0 | AC44: =GV44 -> 0 | ... AZ44: =HS44 -> 0 | BA44: =SUM(V44:AZ44) -> 0 | BB44: =IFERROR(BA44/$CK$3/(O44-P44),0) -> 0 | BC44: =HT44 -> 0 | BD44: =HU44 -> 0 | BE44: =HV44 -> 0 | BF44: =HW44 -> 0 | BG44: =HX44 -> 0 | BH44: =HY44 -> 0 | BI44: =HZ44 -> 0 | BJ44: =IA44 -> 0 | ... CG44: =IX44 -> 0 | CH44: =SUM(BC44:CG44) -> 0 | CI44: =IFERROR(CH44/$CK$3/(O44-P44),0) -> 0 | GM44: Data | GN44: =F44 -> KHI05-FMCG03-ASM-01 | GO44: 0 | GP44: 0 | GQ44: 0 | GR44: 0 | GS44: 0 | GT44: 0 | GU44: 0 | GV44: 0 | GW44: 0 | GX44: 0 | GY44: 0 | GZ44: 0 | HA44: 0 | HB44: 0 | HT44: 0 | HU44: 0 | HV44: 0 | HW44: 0 | HX44: 0 | HY44: 0 | HZ44: 0 | IA44: 0 | IB44: 0 | IC44: 0 | ID44: 0 | IE44: 0 | IF44: 0 | IG44: 0
A45: ASM | B45: Touch Team | C45: South-A | D45: KARACHI-5 | E45: BLS-KHI-5-DIR-PHR | F45: KHI05-FMCG03-ASM-01 | G45: 01290 | H45: SY. HASSAN IQBAL ZAIDI | I45: SY. HASSAN IQBAL ZAIDI | J45: KARACHI | K45: STREET | L45: E-01706 | M45: GSM-PR | N45: 45139 | O45: =O43+O42+O41+O40+O39+O38 -> 5 | P45: =P43+P42+P41+P40+P39+P38 -> 1 | Q45: =Q43+Q42+Q41+Q40+Q39+Q38 -> 4 | R45: =R43+R42+R41+R40+R39+R38 -> 4 | S45: =S43+S42+S41+S40+S39+S38 -> 0 | T45: =T43+T42+T41+T40+T39+T38 -> 3 | U45: =U43+U42+U41+U40+U39+U38 -> 4 | V45: =V43+V42+V41+V40+V39+V38 -> 3 | ... AZ45: =AZ43+AZ42+AZ41+AZ40+AZ39+AZ38 -> 0 | BA45: =SUM(V45:AZ45) -> 39 | BB45: =IFERROR(BA45/$CK$3/(O45-P45),0) -> 0.75 | BC45: =BC43+BC42+BC41+BC40+BC39+BC38 -> 13 | BD45: =BD43+BD42+BD41+BD40+BD39+BD38 -> 0 | BE45: =BE43+BE42+BE41+BE40+BE39+BE38 -> 0 | BF45: =BF43+BF42+BF41+BF40+BF39+BF38 -> 10 | BG45: =BG43+BG42+BG41+BG40+BG39+BG38 -> 16 | BH45: =BH43+BH42+BH41+BH40+BH39+BH38 -> 20 | BI45: =BI43+BI42+BI41+BI40+BI39+BI38 -> 9 | BJ45: =BJ43+BJ42+BJ41+BJ40+BJ39+BJ38 -> 33 | ... CG45: =CG43+CG42+CG41+CG40+CG39+CG38 -> 0 | CH45: =SUM(BC45:CG45) -> 155 | CI45: =IFERROR(CH45/$CK$3/(O45-P45),0) -> 2.9807692 | GM45: Formula | GN45: =F45 -> KHI05-FMCG03-ASM-01 | GO45: 0 | GP45: 0 | GQ45: 0 | GR45: 0 | GS45: 0 | GT45: 0 | GU45: 0 | GV45: 0 | GW45: 0 | GX45: 0 | GY45: 0 | GZ45: 0 | HA45: 0 | HB45: 0 | HT45: 0 | HU45: 0 | HV45: 0 | HW45: 0 | HX45: 0 | HY45: 0 | HZ45: 0 | IA45: 0 | IB45: 0 | IC45: 0 | ID45: 0 | IE45: 0 | IF45: 0 | IG45: 0
A46: CM | B46: DO+Touch Team | C46: South-A | D46: Karachi-6 | E46: CM-KHI-01 | F46: STH-A-FMCG-CM-00 | G46: 0111101 | H46: OWAIS ABID (CM-KHI-01) | I46: OWAIS ABID (CM-KHI-01) | J46: KHI-WS | K46: Whole Sale | L46: E-01725 | M46: GSM-PR | N46: 45139 | O46: 1 | P46: 0 | Q46: =IFERROR(IF(OR(AI46>0),1,0),0) -> 0 | R46: =IFERROR(IF(OR(BA46>0),1,0),0) -> 0 | S46: =IFERROR(IF(OR(BP46>0),1,0),0) -> 0 | T46: =IFERROR(IF(OR(CH46>0),1,0),0) -> 0 | U46: =IFERROR(IF(OR(BA46>0,CH46>0),1,0),0) -> 0 | V46: =GO46 -> 0 | W46: =GP46 -> 0 | X46: =GQ46 -> 0 | Y46: =GR46 -> 0 | Z46: =GS46 -> 0 | AA46: =GT46 -> 0 | AB46: =GU46 -> 0 | AC46: =GV46 -> 0 | ... AZ46: =HS46 -> 0 | BA46: =SUM(V46:AZ46) -> 0 | BB46: =IFERROR(BA46/$CK$3/(O46-P46),0) -> 0 | BC46: =HT46 -> 0 | BD46: =HU46 -> 0 | BE46: =HV46 -> 0 | BF46: =HW46 -> 0 | BG46: =HX46 -> 0 | BH46: =HY46 -> 0 | BI46: =HZ46 -> 0 | BJ46: =IA46 -> 0 | ... CG46: =IX46 -> 0 | CH46: =SUM(BC46:CG46) -> 0 | CI46: =IFERROR(CH46/$CK$3/(O46-P46),0) -> 0 | GM46: Data | GN46: =F46 -> STH-A-FMCG-CM-00 | GO46: 0 | GP46: 0 | GQ46: 0 | GR46: 0 | GS46: 0 | GT46: 0 | GU46: 0 | GV46: 0 | GW46: 0 | GX46: 0 | GY46: 0 | GZ46: 0 | HA46: 0 | HB46: 0 | HT46: 0 | HU46: 0 | HV46: 0 | HW46: 0 | HX46: 0 | HY46: 0 | HZ46: 0 | IA46: 0 | IB46: 0 | IC46: 0 | ID46: 0 | IE46: 0 | IF46: 0 | IG46: 0
A47: TE | B47: DO Team | C47: South-A | D47: Karachi-7 | E47: TE-KHI-01 | F47: STH-A-FMCG01-TE-01 | G47: 0130002 | H47: M. AMEEN (TE-KHI-01) | I47: M. AMEEN (TE-KHI-01) | J47: KHI | K47: TE | L47: G1494 | M47: Prime-HR | N47: 45477 | O47: 1 | P47: 0 | Q47: =IFERROR(IF(OR(AI47>0),1,0),0) -> 0 | R47: =IFERROR(IF(OR(BA47>0),1,0),0) -> 1 | S47: =IFERROR(IF(OR(BP47>0),1,0),0) -> 0 | T47: =IFERROR(IF(OR(CH47>0),1,0),0) -> 0 | U47: =IFERROR(IF(OR(BA47>0,CH47>0),1,0),0) -> 1 | V47: =GO47 -> 1 | W47: =GP47 -> 1 | X47: =GQ47 -> 1 | Y47: =GR47 -> 0 | Z47: =GS47 -> 1 | AA47: =GT47 -> 1 | AB47: =GU47 -> 1 | AC47: =GV47 -> 1 | ... AZ47: =HS47 -> 0 | BA47: =SUM(V47:AZ47) -> 11 | BB47: =IFERROR(BA47/$CK$3/(O47-P47),0) -> 0.84615385 | BC47: =HT47 -> 0 | BD47: =HU47 -> 0 | BE47: =HV47 -> 0 | BF47: =HW47 -> 0 | BG47: =HX47 -> 0 | BH47: =HY47 -> 0 | BI47: =HZ47 -> 0 | BJ47: =IA47 -> 0 | ... CG47: =IX47 -> 0 | CH47: =SUM(BC47:CG47) -> 0 | CI47: =IFERROR(CH47/$CK$3/(O47-P47),0) -> 0 | GM47: Data | GN47: =F47 -> STH-A-FMCG01-TE-01 | GO47: 1 | GP47: 1 | GQ47: 1 | GR47: 0 | GS47: 1 | GT47: 1 | GU47: 1 | GV47: 1 | GW47: 1 | GX47: 1 | GY47: 0 | GZ47: 1 | HA47: 1 | HB47: 0 | HT47: 0 | HU47: 0 | HV47: 0 | HW47: 0 | HX47: 0 | HY47: 0 | HZ47: 0 | IA47: 0 | IB47: 0 | IC47: 0 | ID47: 0 | IE47: 0 | IF47: 0 | IG47: 0
A48: RSM Unmap | B48: DO+Touch Team | C48: South-A | D48: STH-A Karachi | E48: RSM-STH-A | F48: STH-A-FMCG-RSM-01 | G48: 16 | H48: Khawaja Ghulam Nabi | I48: Khawaja Ghulam Nabi | J48: KHI | K48: SD+Street | L48: E-02519 | M48: GSM-PR | N48: 45667 | O48: 0 | P48: 0 | Q48: =IFERROR(IF(OR(AI48>0),1,0),0) -> 0 | R48: =IFERROR(IF(OR(BA48>0),1,0),0) -> 0 | S48: =IFERROR(IF(OR(BP48>0),1,0),0) -> 0 | T48: =IFERROR(IF(OR(CH48>0),1,0),0) -> 0 | U48: =IFERROR(IF(OR(BA48>0,CH48>0),1,0),0) -> 0 | V48: =GO48 -> 0 | W48: =GP48 -> 0 | X48: =GQ48 -> 0 | Y48: =GR48 -> 0 | Z48: =GS48 -> 0 | AA48: =GT48 -> 0 | AB48: =GU48 -> 0 | AC48: =GV48 -> 0 | ... AZ48: =HS48 -> 0 | BA48: =SUM(V48:AZ48) -> 0 | BB48: =IFERROR(BA48/$CK$3/(O48-P48),0) -> 0 | BC48: =HT48 -> 0 | BD48: =HU48 -> 0 | BE48: =HV48 -> 0 | BF48: =HW48 -> 0 | BG48: =HX48 -> 0 | BH48: =HY48 -> 0 | BI48: =HZ48 -> 0 | BJ48: =IA48 -> 0 | ... CG48: =IX48 -> 0 | CH48: =SUM(BC48:CG48) -> 0 | CI48: =IFERROR(CH48/$CK$3/(O48-P48),0) -> 0 | GM48: Data | GN48: =F48 -> STH-A-FMCG-RSM-01 | GO48: 0 | GP48: 0 | GQ48: 0 | GR48: 0 | GS48: 0 | GT48: 0 | GU48: 0 | GV48: 0 | GW48: 0 | GX48: 0 | GY48: 0 | GZ48: 0 | HA48: 0 | HB48: 0 | HT48: 0 | HU48: 0 | HV48: 0 | HW48: 0 | HX48: 0 | HY48: 0 | HZ48: 0 | IA48: 0 | IB48: 0 | IC48: 0 | ID48: 0 | IE48: 0 | IF48: 0 | IG48: 0
A49: RSM | B49: DO+Touch Team | C49: South-A | D49: STH-A Karachi | E49: RSM-STH-A | F49: STH-A-FMCG-RSM-01 | G49: 16 | H49: Khawaja Ghulam Nabi | I49: Khawaja Ghulam Nabi | J49: KHI | K49: SD+Street | L49: E-02519 | M49: GSM-PR | N49: 45667 | O49: =O48++O45+O37+O28+O19+O11+O47+O46 -> 29 | P49: =P48++P45+P37+P28+P19+P11+P47+P46 -> 3 | Q49: =Q48++Q45+Q37+Q28+Q19+Q11+Q47+Q46 -> 13 | R49: =R48++R45+R37+R28+R19+R11+R47+R46 -> 25 | S49: =S48++S45+S37+S28+S19+S11+S47+S46 -> 0 | T49: =T48++T45+T37+T28+T19+T11+T47+T46 -> 23 | U49: =U48++U45+U37+U28+U19+U11+U47+U46 -> 25 | V49: =V48++V45+V37+V28+V19+V11+V47+V46 -> 23 | ... AZ49: =AZ48++AZ45+AZ37+AZ28+AZ19+AZ11+AZ47+AZ46 -> 0 | BA49: =SUM(V49:AZ49) -> 286 | BB49: =IFERROR(BA49/$CK$3/(O49-P49),0) -> 0.84615385 | BC49: =BC48++BC45+BC37+BC28+BC19+BC11+BC47+BC46 -> 413 | BD49: =BD48++BD45+BD37+BD28+BD19+BD11+BD47+BD46 -> 444 | BE49: =BE48++BE45+BE37+BE28+BE19+BE11+BE47+BE46 -> 520 | BF49: =BF48++BF45+BF37+BF28+BF19+BF11+BF47+BF46 -> 10 | BG49: =BG48++BG45+BG37+BG28+BG19+BG11+BG47+BG46 -> 577 | BH49: =BH48++BH45+BH37+BH28+BH19+BH11+BH47+BH46 -> 533 | BI49: =BI48++BI45+BI37+BI28+BI19+BI11+BI47+BI46 -> 581 | BJ49: =BJ48++BJ45+BJ37+BJ28+BJ19+BJ11+BJ47+BJ46 -> 579 | ... CG49: =CG48++CG45+CG37+CG28+CG19+CG11+CG47+CG46 -> 0 | CH49: =SUM(BC49:CG49) -> 6155 | CI49: =IFERROR(CH49/$CK$3/(O49-P49),0) -> 18.210059 | GM49: Formula | GN49: =F49 -> STH-A-FMCG-RSM-01 | GO49: 0 | GP49: 0 | GQ49: 0 | GR49: 0 | GS49: 0 | GT49: 0 | GU49: 0 | GV49: 0 | GW49: 0 | GX49: 0 | GY49: 0 | GZ49: 0 | HA49: 0 | HB49: 0 | HT49: 0 | HU49: 0 | HV49: 0 | HW49: 0 | HX49: 0 | HY49: 0 | HZ49: 0 | IA49: 0 | IB49: 0 | IC49: 0 | ID49: 0 | IE49: 0 | IF49: 0 | IG49: 0
A50: SPO | B50: DO Team | C50: South-B | D50: HYDERABAD-1 | E50: HYD-01 | F50: HYD01-FMCG01-SPO-01 | G50: 0112002 | H50: SY. ADNAN ALI ZAIDI (HYD-01) | I50: SY. ADNAN ALI ZAIDI (HYD-01) | J50: HYDERABAD | K50: SD+STREET | L50: G1886 | M50: PRIME-HR | N50: 46210 | O50: 1 | P50: 0 | Q50: =IFERROR(IF(OR(AI50>0),1,0),0) -> 1 | R50: =IFERROR(IF(OR(BA50>0),1,0),0) -> 1 | S50: =IFERROR(IF(OR(BP50>0),1,0),0) -> 0 | T50: =IFERROR(IF(OR(CH50>0),1,0),0) -> 1 | U50: =IFERROR(IF(OR(BA50>0,CH50>0),1,0),0) -> 1 | V50: =GO50 -> 1 | W50: =GP50 -> 1 | X50: =GQ50 -> 1 | Y50: =GR50 -> 0 | Z50: =GS50 -> 1 | AA50: =GT50 -> 1 | AB50: =GU50 -> 1 | AC50: =GV50 -> 1 | ... AZ50: =HS50 -> 0 | BA50: =SUM(V50:AZ50) -> 12 | BB50: =IFERROR(BA50/$CK$3/(O50-P50),0) -> 0.92307692 | BC50: =HT50 -> 0 | BD50: =HU50 -> 4 | BE50: =HV50 -> 4 | BF50: =HW50 -> 0 | BG50: =HX50 -> 28 | BH50: =HY50 -> 27 | BI50: =HZ50 -> 23 | BJ50: =IA50 -> 19 | ... CG50: =IX50 -> 0 | CH50: =SUM(BC50:CG50) -> 269 | CI50: =IFERROR(CH50/$CK$3/(O50-P50),0) -> 20.692308 | GM50: Data | GN50: =F50 -> HYD01-FMCG01-SPO-01 | GO50: 1 | GP50: 1 | GQ50: 1 | GR50: 0 | GS50: 1 | GT50: 1 | GU50: 1 | GV50: 1 | GW50: 1 | GX50: 1 | GY50: 0 | GZ50: 1 | HA50: 1 | HB50: 1 | HT50: 0 | HU50: 4 | HV50: 4 | HW50: 0 | HX50: 28 | HY50: 27 | HZ50: 23 | IA50: 19 | IB50: 39 | IC50: 43 | ID50: 0 | IE50: 39 | IF50: 43 | IG50: 0
A51: SPO | B51: DO Team | C51: South-B | D51: HYDERABAD-1 | E51: HYD-02 | F51: HYD01-FMCG01-SPO-02 | G51: 0112009 | H51: SALMAN AHMED (HYD-02) | I51: SALMAN AHMED (HYD-02) | J51: HYDERABAD | K51: SD+STREET | L51: G1290 | M51: PRIME-HR | N51: 45199 | O51: 1 | P51: 0 | Q51: =IFERROR(IF(OR(AI51>0),1,0),0) -> 1 | R51: =IFERROR(IF(OR(BA51>0),1,0),0) -> 1 | S51: =IFERROR(IF(OR(BP51>0),1,0),0) -> 0 | T51: =IFERROR(IF(OR(CH51>0),1,0),0) -> 1 | U51: =IFERROR(IF(OR(BA51>0,CH51>0),1,0),0) -> 1 | V51: =GO51 -> 1 | W51: =GP51 -> 1 | X51: =GQ51 -> 1 | Y51: =GR51 -> 0 | Z51: =GS51 -> 1 | AA51: =GT51 -> 1 | AB51: =GU51 -> 1 | AC51: =GV51 -> 1 | ... AZ51: =HS51 -> 0 | BA51: =SUM(V51:AZ51) -> 12 | BB51: =IFERROR(BA51/$CK$3/(O51-P51),0) -> 0.92307692 | BC51: =HT51 -> 22 | BD51: =HU51 -> 26 | BE51: =HV51 -> 9 | BF51: =HW51 -> 0 | BG51: =HX51 -> 39 | BH51: =HY51 -> 39 | BI51: =HZ51 -> 34 | BJ51: =IA51 -> 21 | ... CG51: =IX51 -> 0 | CH51: =SUM(BC51:CG51) -> 304 | CI51: =IFERROR(CH51/$CK$3/(O51-P51),0) -> 23.384615 | GM51: Data | GN51: =F51 -> HYD01-FMCG01-SPO-02 | GO51: 1 | GP51: 1 | GQ51: 1 | GR51: 0 | GS51: 1 | GT51: 1 | GU51: 1 | GV51: 1 | GW51: 1 | GX51: 1 | GY51: 0 | GZ51: 1 | HA51: 1 | HB51: 1 | HT51: 22 | HU51: 26 | HV51: 9 | HW51: 0 | HX51: 39 | HY51: 39 | HZ51: 34 | IA51: 21 | IB51: 43 | IC51: 26 | ID51: 0 | IE51: 37 | IF51: 8 | IG51: 0
A52: SPO | B52: Touch Team | C52: South-B | D52: HYDERABAD-1 | E52: T-HYD-01 | F52: HYD01-FMCG02-SPO-01 | G52: 0112003 | H52: M. WASEEQ (T-HYD-01) | I52: M. WASEEQ (T-HYD-01) | J52: HYDERABAD | K52: SD+STREET | L52: G1646 | M52: PRIME-HR | N52: 45782 | O52: 1 | P52: 0 | Q52: =IFERROR(IF(OR(AI52>0),1,0),0) -> 1 | R52: =IFERROR(IF(OR(BA52>0),1,0),0) -> 1 | S52: =IFERROR(IF(OR(BP52>0),1,0),0) -> 1 | T52: =IFERROR(IF(OR(CH52>0),1,0),0) -> 1 | U52: =IFERROR(IF(OR(BA52>0,CH52>0),1,0),0) -> 1 | V52: =GO52 -> 1 | W52: =GP52 -> 1 | X52: =GQ52 -> 1 | Y52: =GR52 -> 0 | Z52: =GS52 -> 1 | AA52: =GT52 -> 1 | AB52: =GU52 -> 1 | AC52: =GV52 -> 1 | ... AZ52: =HS52 -> 0 | BA52: =SUM(V52:AZ52) -> 12 | BB52: =IFERROR(BA52/$CK$3/(O52-P52),0) -> 0.92307692 | BC52: =HT52 -> 30 | BD52: =HU52 -> 39 | BE52: =HV52 -> 39 | BF52: =HW52 -> 0 | BG52: =HX52 -> 8 | BH52: =HY52 -> 34 | BI52: =HZ52 -> 28 | BJ52: =IA52 -> 42 | ... CG52: =IX52 -> 0 | CH52: =SUM(BC52:CG52) -> 381 | CI52: =IFERROR(CH52/$CK$3/(O52-P52),0) -> 29.307692 | GM52: Data | GN52: =F52 -> HYD01-FMCG02-SPO-01 | GO52: 1 | GP52: 1 | GQ52: 1 | GR52: 0 | GS52: 1 | GT52: 1 | GU52: 1 | GV52: 1 | GW52: 1 | GX52: 1 | GY52: 0 | GZ52: 1 | HA52: 1 | HB52: 1 | HT52: 30 | HU52: 39 | HV52: 39 | HW52: 0 | HX52: 8 | HY52: 34 | HZ52: 28 | IA52: 42 | IB52: 22 | IC52: 40 | ID52: 0 | IE52: 40 | IF52: 47 | IG52: 12
A53: SPO | B53: Touch Team | C53: South-B | D53: HYDERABAD-1 | E53: T-HYD-02 | F53: HYD01-FMCG02-SPO-02 | G53: 0120001 | H53: ALI AHMED SHAIKH (T-HYD-02) | I53: ALI AHMED SHAIKH (T-HYD-02) | J53: HYDERABAD | K53: SD+STREET | L53: G1353 | M53: PRIME-HR | N53: 45362 | O53: 1 | P53: 0 | Q53: =IFERROR(IF(OR(AI53>0),1,0),0) -> 1 | R53: =IFERROR(IF(OR(BA53>0),1,0),0) -> 1 | S53: =IFERROR(IF(OR(BP53>0),1,0),0) -> 0 | T53: =IFERROR(IF(OR(CH53>0),1,0),0) -> 1 | U53: =IFERROR(IF(OR(BA53>0,CH53>0),1,0),0) -> 1 | V53: =GO53 -> 1 | W53: =GP53 -> 1 | X53: =GQ53 -> 1 | Y53: =GR53 -> 0 | Z53: =GS53 -> 1 | AA53: =GT53 -> 1 | AB53: =GU53 -> 1 | AC53: =GV53 -> 1 | ... AZ53: =HS53 -> 0 | BA53: =SUM(V53:AZ53) -> 12 | BB53: =IFERROR(BA53/$CK$3/(O53-P53),0) -> 0.92307692 | BC53: =HT53 -> 34 | BD53: =HU53 -> 18 | BE53: =HV53 -> 0 | BF53: =HW53 -> 0 | BG53: =HX53 -> 22 | BH53: =HY53 -> 28 | BI53: =HZ53 -> 24 | BJ53: =IA53 -> 16 | ... CG53: =IX53 -> 0 | CH53: =SUM(BC53:CG53) -> 279 | CI53: =IFERROR(CH53/$CK$3/(O53-P53),0) -> 21.461538 | GM53: Data | GN53: =F53 -> HYD01-FMCG02-SPO-02 | GO53: 1 | GP53: 1 | GQ53: 1 | GR53: 0 | GS53: 1 | GT53: 1 | GU53: 1 | GV53: 1 | GW53: 1 | GX53: 1 | GY53: 0 | GZ53: 1 | HA53: 1 | HB53: 1 | HT53: 34 | HU53: 18 | HV53: 0 | HW53: 0 | HX53: 22 | HY53: 28 | HZ53: 24 | IA53: 16 | IB53: 44 | IC53: 26 | ID53: 0 | IE53: 30 | IF53: 37 | IG53: 0
A54: SPO | B54: DO+Touch Team | C54: South-B | D54: HYDERABAD-1 | E54: B-HYD-01 | F54: HYD01-FMCG03-SPO-01 | G54: 0112001 | H54: Gazanfar Ali (B-HYD-01) | I54: VACANT B HYD 1 (B-HYD-01) | J54: HYDERABAD | K54: SD+STREET | L54: G1933 | M54: PRIME-HR | N54: 46240 | O54: 1 | P54: 0 | Q54: =IFERROR(IF(OR(AI54>0),1,0),0) -> 0 | R54: =IFERROR(IF(OR(BA54>0),1,0),0) -> 1 | S54: =IFERROR(IF(OR(BP54>0),1,0),0) -> 0 | T54: =IFERROR(IF(OR(CH54>0),1,0),0) -> 1 | U54: =IFERROR(IF(OR(BA54>0,CH54>0),1,0),0) -> 1 | V54: =GO54 -> 1 | W54: =GP54 -> 1 | X54: =GQ54 -> 1 | Y54: =GR54 -> 0 | Z54: =GS54 -> 1 | AA54: =GT54 -> 1 | AB54: =GU54 -> 1 | AC54: =GV54 -> 1 | ... AZ54: =HS54 -> 0 | BA54: =SUM(V54:AZ54) -> 11 | BB54: =IFERROR(BA54/$CK$3/(O54-P54),0) -> 0.84615385 | BC54: =HT54 -> 0 | BD54: =HU54 -> 36 | BE54: =HV54 -> 39 | BF54: =HW54 -> 0 | BG54: =HX54 -> 0 | BH54: =HY54 -> 34 | BI54: =HZ54 -> 27 | BJ54: =IA54 -> 30 | ... CG54: =IX54 -> 0 | CH54: =SUM(BC54:CG54) -> 281 | CI54: =IFERROR(CH54/$CK$3/(O54-P54),0) -> 21.615385 | GM54: Data | GN54: =F54 -> HYD01-FMCG03-SPO-01 | GO54: 1 | GP54: 1 | GQ54: 1 | GR54: 0 | GS54: 1 | GT54: 1 | GU54: 1 | GV54: 1 | GW54: 1 | GX54: 1 | GY54: 0 | GZ54: 1 | HA54: 1 | HB54: 0 | HT54: 0 | HU54: 36 | HV54: 39 | HW54: 0 | HX54: 0 | HY54: 34 | HZ54: 27 | IA54: 30 | IB54: 41 | IC54: 38 | ID54: 0 | IE54: 24 | IF54: 12 | IG54: 0
A55: SPO | B55: DO+Touch Team | C55: South-B | D55: HYDERABAD-1 | E55: B-HYD-02 | F55: HYD01-FMCG03-SPO-02 | G55: 0120007 | H55: VACANT (B-HYD-02) | I55: Jawad Ali (B-HYD-02) | J55: HYDERABAD | K55: SD+STREET | L55: Resigned | M55: PRIME-HR | N55: Resigned | O55: 1 | P55: 1 | Q55: =IFERROR(IF(OR(AI55>0),1,0),0) -> 0 | R55: =IFERROR(IF(OR(BA55>0),1,0),0) -> 0 | S55: =IFERROR(IF(OR(BP55>0),1,0),0) -> 0 | T55: =IFERROR(IF(OR(CH55>0),1,0),0) -> 0 | U55: =IFERROR(IF(OR(BA55>0,CH55>0),1,0),0) -> 0 | V55: =GO55 -> 0 | W55: =GP55 -> 0 | X55: =GQ55 -> 0 | Y55: =GR55 -> 0 | Z55: =GS55 -> 0 | AA55: =GT55 -> 0 | AB55: =GU55 -> 0 | AC55: =GV55 -> 0 | ... AZ55: =HS55 -> 0 | BA55: =SUM(V55:AZ55) -> 0 | BB55: =IFERROR(BA55/$CK$3/(O55-P55),0) -> 0 | BC55: =HT55 -> 0 | BD55: =HU55 -> 0 | BE55: =HV55 -> 0 | BF55: =HW55 -> 0 | BG55: =HX55 -> 0 | BH55: =HY55 -> 0 | BI55: =HZ55 -> 0 | BJ55: =IA55 -> 0 | ... CG55: =IX55 -> 0 | CH55: =SUM(BC55:CG55) -> 0 | CI55: =IFERROR(CH55/$CK$3/(O55-P55),0) -> 0 | GM55: Data | GN55: =F55 -> HYD01-FMCG03-SPO-02 | GO55: 0 | GP55: 0 | GQ55: 0 | GR55: 0 | GS55: 0 | GT55: 0 | GU55: 0 | GV55: 0 | GW55: 0 | GX55: 0 | GY55: 0 | GZ55: 0 | HA55: 0 | HB55: 0 | HT55: 0 | HU55: 0 | HV55: 0 | HW55: 0 | HX55: 0 | HY55: 0 | HZ55: 0 | IA55: 0 | IB55: 0 | IC55: 0 | ID55: 0 | IE55: 0 | IF55: 0 | IG55: 0
A56: SPO Unmap | B56: DO+Touch Team | C56: South-B | D56: HYDERABAD-1 | E56: Others | F56: HYD01-FMCG-SPO-00 | G56: 0112006 | H56: FMCG UNMAPPED (HYD01) | I56: FMCG UNMAPPED (HYD01) | J56: HYDERABAD | K56: UN-DEFINED | L56: UN-DEFINED | M56: UN-DEFINED | N56: 45474 | O56: 0 | P56: 0 | Q56: =IFERROR(IF(OR(AI56>0),1,0),0) -> 0 | R56: =IFERROR(IF(OR(BA56>0),1,0),0) -> 0 | S56: =IFERROR(IF(OR(BP56>0),1,0),0) -> 0 | T56: =IFERROR(IF(OR(CH56>0),1,0),0) -> 0 | U56: =IFERROR(IF(OR(BA56>0,CH56>0),1,0),0) -> 0 | V56: =GO56 -> 0 | W56: =GP56 -> 0 | X56: =GQ56 -> 0 | Y56: =GR56 -> 0 | Z56: =GS56 -> 0 | AA56: =GT56 -> 0 | AB56: =GU56 -> 0 | AC56: =GV56 -> 0 | ... AZ56: =HS56 -> 0 | BA56: =SUM(V56:AZ56) -> 0 | BB56: =IFERROR(BA56/$CK$3/(O56-P56),0) -> 0 | BC56: =HT56 -> 0 | BD56: =HU56 -> 0 | BE56: =HV56 -> 0 | BF56: =HW56 -> 0 | BG56: =HX56 -> 0 | BH56: =HY56 -> 0 | BI56: =HZ56 -> 0 | BJ56: =IA56 -> 0 | ... CG56: =IX56 -> 0 | CH56: =SUM(BC56:CG56) -> 0 | CI56: =IFERROR(CH56/$CK$3/(O56-P56),0) -> 0 | GM56: Data | GN56: =F56 -> HYD01-FMCG-SPO-00 | GO56: 0 | GP56: 0 | GQ56: 0 | GR56: 0 | GS56: 0 | GT56: 0 | GU56: 0 | GV56: 0 | GW56: 0 | GX56: 0 | GY56: 0 | GZ56: 0 | HA56: 0 | HB56: 0 | HT56: 0 | HU56: 0 | HV56: 0 | HW56: 0 | HX56: 0 | HY56: 0 | HZ56: 0 | IA56: 0 | IB56: 0 | IC56: 0 | ID56: 0 | IE56: 0 | IF56: 0 | IG56: 0
A57: ASM Unmap | B57: DO+Touch Team | C57: South-B | D57: HYDERABAD-1 | E57: STH-HYD-1-DIR-PHR | F57: HYD01-FMCG-ASM-01 | G57: 01120 | H57: NADEEM FAROOQI | I57: NADEEM FAROOQI | J57: HYDERABAD | K57: SD+STREET | L57: E-01710 | M57: GSM-PR | N57: 45992 | O57: 0 | P57: 0 | Q57: =IFERROR(IF(OR(AI57>0),1,0),0) -> 0 | R57: =IFERROR(IF(OR(BA57>0),1,0),0) -> 0 | S57: =IFERROR(IF(OR(BP57>0),1,0),0) -> 0 | T57: =IFERROR(IF(OR(CH57>0),1,0),0) -> 0 | U57: =IFERROR(IF(OR(BA57>0,CH57>0),1,0),0) -> 0 | V57: =GO57 -> 0 | W57: =GP57 -> 0 | X57: =GQ57 -> 0 | Y57: =GR57 -> 0 | Z57: =GS57 -> 0 | AA57: =GT57 -> 0 | AB57: =GU57 -> 0 | AC57: =GV57 -> 0 | ... AZ57: =HS57 -> 0 | BA57: =SUM(V57:AZ57) -> 0 | BB57: =IFERROR(BA57/$CK$3/(O57-P57),0) -> 0 | BC57: =HT57 -> 0 | BD57: =HU57 -> 0 | BE57: =HV57 -> 0 | BF57: =HW57 -> 0 | BG57: =HX57 -> 0 | BH57: =HY57 -> 0 | BI57: =HZ57 -> 0 | BJ57: =IA57 -> 0 | ... CG57: =IX57 -> 0 | CH57: =SUM(BC57:CG57) -> 0 | CI57: =IFERROR(CH57/$CK$3/(O57-P57),0) -> 0 | GM57: Data | GN57: =F57 -> HYD01-FMCG-ASM-01 | GO57: 0 | GP57: 0 | GQ57: 0 | GR57: 0 | GS57: 0 | GT57: 0 | GU57: 0 | GV57: 0 | GW57: 0 | GX57: 0 | GY57: 0 | GZ57: 0 | HA57: 0 | HB57: 0 | HT57: 0 | HU57: 0 | HV57: 0 | HW57: 0 | HX57: 0 | HY57: 0 | HZ57: 0 | IA57: 0 | IB57: 0 | IC57: 0 | ID57: 0 | IE57: 0 | IF57: 0 | IG57: 0
A58: ASM | B58: DO+Touch Team | C58: South-B | D58: Hyderabad-1 | E58: STH-HYD-1-DIR-PHR | F58: HYD01-FMCG-ASM-01 | G58: 01120 | H58: NADEEM FAROOQI | I58: NADEEM FAROOQI | J58: HYD | K58: SD+Street | L58: 45992 | M58: Vacant | N58: 45992 | O58: =O57+O56+O54+O53+O52+O51+O50+O55 -> 6 | P58: =P57+P56+P54+P53+P52+P51+P50+P55 -> 1 | Q58: =Q57+Q56+Q54+Q53+Q52+Q51+Q50+Q55 -> 4 | R58: =R57+R56+R54+R53+R52+R51+R50+R55 -> 5 | S58: =S57+S56+S54+S53+S52+S51+S50+S55 -> 1 | T58: =T57+T56+T54+T53+T52+T51+T50+T55 -> 5 | U58: =U57+U56+U54+U53+U52+U51+U50+U55 -> 5 | V58: =V57+V56+V54+V53+V52+V51+V50+V55 -> 5 | ... AZ58: =AZ57+AZ56+AZ54+AZ53+AZ52+AZ51+AZ50+AZ55 -> 0 | BA58: =SUM(V58:AZ58) -> 59 | BB58: =IFERROR(BA58/$CK$3/(O58-P58),0) -> 0.90769231 | BC58: =BC57+BC56+BC54+BC53+BC52+BC51+BC50+BC55 -> 86 | BD58: =BD57+BD56+BD54+BD53+BD52+BD51+BD50+BD55 -> 123 | BE58: =BE57+BE56+BE54+BE53+BE52+BE51+BE50+BE55 -> 91 | BF58: =BF57+BF56+BF54+BF53+BF52+BF51+BF50+BF55 -> 0 | BG58: =BG57+BG56+BG54+BG53+BG52+BG51+BG50+BG55 -> 97 | BH58: =BH57+BH56+BH54+BH53+BH52+BH51+BH50+BH55 -> 162 | BI58: =BI57+BI56+BI54+BI53+BI52+BI51+BI50+BI55 -> 136 | BJ58: =BJ57+BJ56+BJ54+BJ53+BJ52+BJ51+BJ50+BJ55 -> 128 | ... CG58: =CG57+CG56+CG54+CG53+CG52+CG51+CG50+CG55 -> 0 | CH58: =SUM(BC58:CG58) -> 1514 | CI58: =IFERROR(CH58/$CK$3/(O58-P58),0) -> 23.292308 | GM58: Formula | GN58: =F58 -> HYD01-FMCG-ASM-01 | GO58: 0 | GP58: 0 | GQ58: 0 | GR58: 0 | GS58: 0 | GT58: 0 | GU58: 0 | GV58: 0 | GW58: 0 | GX58: 0 | GY58: 0 | GZ58: 0 | HA58: 0 | HB58: 0 | HT58: 0 | HU58: 0 | HV58: 0 | HW58: 0 | HX58: 0 | HY58: 0 | HZ58: 0 | IA58: 0 | IB58: 0 | IC58: 0 | ID58: 0 | IE58: 0 | IF58: 0 | IG58: 0
A59: SPO | B59: DO Team | C59: South-B | D59: MIRPUR KHAS-1 | E59: MPK-01 | F59: MPK01-FMCG01-SPO-01 | G59: 0112004 | H59: GHULAM NABI (MPK-01) | I59: GHULAM NABI (MPK-01) | J59: MIPURKHAS | K59: SD+STREET | L59: G1875 | M59: PRIME-HR | N59: 46189 | O59: 1 | P59: 0 | Q59: =IFERROR(IF(OR(AI59>0),1,0),0) -> 1 | R59: =IFERROR(IF(OR(BA59>0),1,0),0) -> 1 | S59: =IFERROR(IF(OR(BP59>0),1,0),0) -> 1 | T59: =IFERROR(IF(OR(CH59>0),1,0),0) -> 1 | U59: =IFERROR(IF(OR(BA59>0,CH59>0),1,0),0) -> 1 | V59: =GO59 -> 1 | W59: =GP59 -> 1 | X59: =GQ59 -> 1 | Y59: =GR59 -> 0 | Z59: =GS59 -> 1 | AA59: =GT59 -> 1 | AB59: =GU59 -> 1 | AC59: =GV59 -> 1 | ... AZ59: =HS59 -> 0 | BA59: =SUM(V59:AZ59) -> 12 | BB59: =IFERROR(BA59/$CK$3/(O59-P59),0) -> 0.92307692 | BC59: =HT59 -> 17 | BD59: =HU59 -> 22 | BE59: =HV59 -> 18 | BF59: =HW59 -> 0 | BG59: =HX59 -> 26 | BH59: =HY59 -> 21 | BI59: =HZ59 -> 19 | BJ59: =IA59 -> 25 | ... CG59: =IX59 -> 0 | CH59: =SUM(BC59:CG59) -> 321 | CI59: =IFERROR(CH59/$CK$3/(O59-P59),0) -> 24.692308 | GM59: Data | GN59: =F59 -> MPK01-FMCG01-SPO-01 | GO59: 1 | GP59: 1 | GQ59: 1 | GR59: 0 | GS59: 1 | GT59: 1 | GU59: 1 | GV59: 1 | GW59: 1 | GX59: 1 | GY59: 0 | GZ59: 1 | HA59: 1 | HB59: 1 | HT59: 17 | HU59: 22 | HV59: 18 | HW59: 0 | HX59: 26 | HY59: 21 | HZ59: 19 | IA59: 25 | IB59: 42 | IC59: 44 | ID59: 0 | IE59: 41 | IF59: 40 | IG59: 6
A60: SPO | B60: DO Team | C60: South-B | D60: MIRPUR KHAS-1 | E60: MPK-02 | F60: MPK01-FMCG01-SPO-02 | G60: 0111301 | H60: DILEEP KUMAR CHOUDRI (MPK-02) | I60: DILEEP KUMAR CHOUDRI (MPK-02) | J60: UMER KOT | K60: SD+STREET | L60: G1751 | M60: PRIME-HR | N60: 45960 | O60: 1 | P60: 0 | Q60: =IFERROR(IF(OR(AI60>0),1,0),0) -> 1 | R60: =IFERROR(IF(OR(BA60>0),1,0),0) -> 1 | S60: =IFERROR(IF(OR(BP60>0),1,0),0) -> 1 | T60: =IFERROR(IF(OR(CH60>0),1,0),0) -> 1 | U60: =IFERROR(IF(OR(BA60>0,CH60>0),1,0),0) -> 1 | V60: =GO60 -> 1 | W60: =GP60 -> 1 | X60: =GQ60 -> 1 | Y60: =GR60 -> 0 | Z60: =GS60 -> 1 | AA60: =GT60 -> 1 | AB60: =GU60 -> 1 | AC60: =GV60 -> 1 | ... AZ60: =HS60 -> 0 | BA60: =SUM(V60:AZ60) -> 12 | BB60: =IFERROR(BA60/$CK$3/(O60-P60),0) -> 0.92307692 | BC60: =HT60 -> 22 | BD60: =HU60 -> 47 | BE60: =HV60 -> 58 | BF60: =HW60 -> 0 | BG60: =HX60 -> 29 | BH60: =HY60 -> 25 | BI60: =HZ60 -> 21 | BJ60: =IA60 -> 23 | ... CG60: =IX60 -> 0 | CH60: =SUM(BC60:CG60) -> 404 | CI60: =IFERROR(CH60/$CK$3/(O60-P60),0) -> 31.076923 | GM60: Data | GN60: =F60 -> MPK01-FMCG01-SPO-02 | GO60: 1 | GP60: 1 | GQ60: 1 | GR60: 0 | GS60: 1 | GT60: 1 | GU60: 1 | GV60: 1 | GW60: 1 | GX60: 1 | GY60: 0 | GZ60: 1 | HA60: 1 | HB60: 1 | HT60: 22 | HU60: 47 | HV60: 58 | HW60: 0 | HX60: 29 | HY60: 25 | HZ60: 21 | IA60: 23 | IB60: 44 | IC60: 42 | ID60: 0 | IE60: 45 | IF60: 45 | IG60: 3
A61: SPO | B61: Touch Team | C61: South-B | D61: MIRPUR KHAS-1 | E61: T-MPK-01 | F61: MPK01-FMCG02-SPO-01 | G61: 0120003 | H61: JUNAID SHAIKH (T-MPK-01) | I61: JUNAID SHAIKH (T-MPK-01) | J61: MIPURKHAS | K61: SD+STREET | L61: G1075 | M61: PRIME-HR | N61: 44695 | O61: 1 | P61: 0 | Q61: =IFERROR(IF(OR(AI61>0),1,0),0) -> 1 | R61: =IFERROR(IF(OR(BA61>0),1,0),0) -> 1 | S61: =IFERROR(IF(OR(BP61>0),1,0),0) -> 0 | T61: =IFERROR(IF(OR(CH61>0),1,0),0) -> 1 | U61: =IFERROR(IF(OR(BA61>0,CH61>0),1,0),0) -> 1 | V61: =GO61 -> 1 | W61: =GP61 -> 1 | X61: =GQ61 -> 1 | Y61: =GR61 -> 0 | Z61: =GS61 -> 1 | AA61: =GT61 -> 1 | AB61: =GU61 -> 1 | AC61: =GV61 -> 1 | ... AZ61: =HS61 -> 0 | BA61: =SUM(V61:AZ61) -> 12 | BB61: =IFERROR(BA61/$CK$3/(O61-P61),0) -> 0.92307692 | BC61: =HT61 -> 15 | BD61: =HU61 -> 12 | BE61: =HV61 -> 18 | BF61: =HW61 -> 0 | BG61: =HX61 -> 16 | BH61: =HY61 -> 27 | BI61: =HZ61 -> 17 | BJ61: =IA61 -> 20 | ... CG61: =IX61 -> 0 | CH61: =SUM(BC61:CG61) -> 272 | CI61: =IFERROR(CH61/$CK$3/(O61-P61),0) -> 20.923077 | GM61: Data | GN61: =F61 -> MPK01-FMCG02-SPO-01 | GO61: 1 | GP61: 1 | GQ61: 1 | GR61: 0 | GS61: 1 | GT61: 1 | GU61: 1 | GV61: 1 | GW61: 1 | GX61: 1 | GY61: 0 | GZ61: 1 | HA61: 1 | HB61: 1 | HT61: 15 | HU61: 12 | HV61: 18 | HW61: 0 | HX61: 16 | HY61: 27 | HZ61: 17 | IA61: 20 | IB61: 43 | IC61: 35 | ID61: 0 | IE61: 34 | IF61: 35 | IG61: 0
A62: SPO | B62: Touch Team | C62: South-B | D62: MIRPUR KHAS-1 | E62: T-MPK-02 | F62: MPK01-FMCG02-SPO-02 | G62: 0111302 | H62: VACANT (T-MPK-02) | I62: PADAM SINGH (T-MPK-02) | J62: UMER KOT | K62: SD+STREET | L62: VACANT | M62: PRIME-HR | N62: Resigned | O62: 1 | P62: 1 | Q62: =IFERROR(IF(OR(AI62>0),1,0),0) -> 0 | R62: =IFERROR(IF(OR(BA62>0),1,0),0) -> 0 | S62: =IFERROR(IF(OR(BP62>0),1,0),0) -> 0 | T62: =IFERROR(IF(OR(CH62>0),1,0),0) -> 0 | U62: =IFERROR(IF(OR(BA62>0,CH62>0),1,0),0) -> 0 | V62: =GO62 -> 0 | W62: =GP62 -> 0 | X62: =GQ62 -> 0 | Y62: =GR62 -> 0 | Z62: =GS62 -> 0 | AA62: =GT62 -> 0 | AB62: =GU62 -> 0 | AC62: =GV62 -> 0 | ... AZ62: =HS62 -> 0 | BA62: =SUM(V62:AZ62) -> 0 | BB62: =IFERROR(BA62/$CK$3/(O62-P62),0) -> 0 | BC62: =HT62 -> 0 | BD62: =HU62 -> 0 | BE62: =HV62 -> 0 | BF62: =HW62 -> 0 | BG62: =HX62 -> 0 | BH62: =HY62 -> 0 | BI62: =HZ62 -> 0 | BJ62: =IA62 -> 0 | ... CG62: =IX62 -> 0 | CH62: =SUM(BC62:CG62) -> 0 | CI62: =IFERROR(CH62/$CK$3/(O62-P62),0) -> 0 | GM62: Data | GN62: =F62 -> MPK01-FMCG02-SPO-02 | GO62: 0 | GP62: 0 | GQ62: 0 | GR62: 0 | GS62: 0 | GT62: 0 | GU62: 0 | GV62: 0 | GW62: 0 | GX62: 0 | GY62: 0 | GZ62: 0 | HA62: 0 | HB62: 0 | HT62: 0 | HU62: 0 | HV62: 0 | HW62: 0 | HX62: 0 | HY62: 0 | HZ62: 0 | IA62: 0 | IB62: 0 | IC62: 0 | ID62: 0 | IE62: 0 | IF62: 0 | IG62: 0
A63: SPO Unmap | B63: DO+Touch Team | C63: South-B | D63: MIRPUR KHAS-1 | E63: Others | F63: MPK01-FMCG-SPO-00 | G63: 0111303 | H63: FMCG UNMAPPED (MPK01) | I63: FMCG UNMAPPED (MPK01) | J63: MIRPUR KHAS | K63: UN-DEFINED | L63: UN-DEFINED | M63: UN-DEFINED | N63: 45474 | O63: 0 | P63: 0 | Q63: =IFERROR(IF(OR(AI63>0),1,0),0) -> 0 | R63: =IFERROR(IF(OR(BA63>0),1,0),0) -> 0 | S63: =IFERROR(IF(OR(BP63>0),1,0),0) -> 0 | T63: =IFERROR(IF(OR(CH63>0),1,0),0) -> 0 | U63: =IFERROR(IF(OR(BA63>0,CH63>0),1,0),0) -> 0 | V63: =GO63 -> 0 | W63: =GP63 -> 0 | X63: =GQ63 -> 0 | Y63: =GR63 -> 0 | Z63: =GS63 -> 0 | AA63: =GT63 -> 0 | AB63: =GU63 -> 0 | AC63: =GV63 -> 0 | ... AZ63: =HS63 -> 0 | BA63: =SUM(V63:AZ63) -> 0 | BB63: =IFERROR(BA63/$CK$3/(O63-P63),0) -> 0 | BC63: =HT63 -> 0 | BD63: =HU63 -> 0 | BE63: =HV63 -> 0 | BF63: =HW63 -> 0 | BG63: =HX63 -> 0 | BH63: =HY63 -> 0 | BI63: =HZ63 -> 0 | BJ63: =IA63 -> 0 | ... CG63: =IX63 -> 0 | CH63: =SUM(BC63:CG63) -> 0 | CI63: =IFERROR(CH63/$CK$3/(O63-P63),0) -> 0 | GM63: Data | GN63: =F63 -> MPK01-FMCG-SPO-00 | GO63: 0 | GP63: 0 | GQ63: 0 | GR63: 0 | GS63: 0 | GT63: 0 | GU63: 0 | GV63: 0 | GW63: 0 | GX63: 0 | GY63: 0 | GZ63: 0 | HA63: 0 | HB63: 0 | HT63: 0 | HU63: 0 | HV63: 0 | HW63: 0 | HX63: 0 | HY63: 0 | HZ63: 0 | IA63: 0 | IB63: 0 | IC63: 0 | ID63: 0 | IE63: 0 | IF63: 0 | IG63: 0
A64: ASM Unmap | B64: DO+Touch Team | C64: South-B | D64: MIRPUR KHAS-1 | E64: STH-MPK-1-DIR-PHR | F64: MPK01-FMCG-ASM-01 | G64: 01113 | H64: KAMIL SARDAR | I64: KAMIL SARDAR | J64: MIRPUR KHAS | K64: SD+STREET | L64: E-02618 | M64: GSM-PR | N64: 45941 | O64: 0 | P64: 0 | Q64: =IFERROR(IF(OR(AI64>0),1,0),0) -> 0 | R64: =IFERROR(IF(OR(BA64>0),1,0),0) -> 0 | S64: =IFERROR(IF(OR(BP64>0),1,0),0) -> 0 | T64: =IFERROR(IF(OR(CH64>0),1,0),0) -> 0 | U64: =IFERROR(IF(OR(BA64>0,CH64>0),1,0),0) -> 0 | V64: =GO64 -> 0 | W64: =GP64 -> 0 | X64: =GQ64 -> 0 | Y64: =GR64 -> 0 | Z64: =GS64 -> 0 | AA64: =GT64 -> 0 | AB64: =GU64 -> 0 | AC64: =GV64 -> 0 | ... AZ64: =HS64 -> 0 | BA64: =SUM(V64:AZ64) -> 0 | BB64: =IFERROR(BA64/$CK$3/(O64-P64),0) -> 0 | BC64: =HT64 -> 0 | BD64: =HU64 -> 0 | BE64: =HV64 -> 0 | BF64: =HW64 -> 0 | BG64: =HX64 -> 0 | BH64: =HY64 -> 0 | BI64: =HZ64 -> 0 | BJ64: =IA64 -> 0 | ... CG64: =IX64 -> 0 | CH64: =SUM(BC64:CG64) -> 0 | CI64: =IFERROR(CH64/$CK$3/(O64-P64),0) -> 0 | GM64: Data | GN64: =F64 -> MPK01-FMCG-ASM-01 | GO64: 0 | GP64: 0 | GQ64: 0 | GR64: 0 | GS64: 0 | GT64: 0 | GU64: 0 | GV64: 0 | GW64: 0 | GX64: 0 | GY64: 0 | GZ64: 0 | HA64: 0 | HB64: 0 | HT64: 0 | HU64: 0 | HV64: 0 | HW64: 0 | HX64: 0 | HY64: 0 | HZ64: 0 | IA64: 0 | IB64: 0 | IC64: 0 | ID64: 0 | IE64: 0 | IF64: 0 | IG64: 0
A65: ASM | B65: DO+Touch Team | C65: South-B | D65: MIRPUR KHAS-1 | E65: STH-MPK-1-DIR-PHR | F65: MPK01-FMCG-ASM-01 | G65: 01113 | H65: KAMIL SARDAR | I65: KAMIL SARDAR | J65: MIRPUR KHAS | K65: SD+STREET | L65: E-02618 | M65: GSM-PR | N65: 45941 | O65: =+O63+O62+O61+O60+O59 -> 4 | P65: =+P63+P62+P61+P60+P59 -> 1 | Q65: =+Q63+Q62+Q61+Q60+Q59 -> 3 | R65: =+R63+R62+R61+R60+R59 -> 3 | S65: =+S63+S62+S61+S60+S59 -> 2 | T65: =+T63+T62+T61+T60+T59 -> 3 | U65: =+U63+U62+U61+U60+U59 -> 3 | V65: =+V63+V62+V61+V60+V59 -> 3 | ... AZ65: =+AZ63+AZ62+AZ61+AZ60+AZ59 -> 0 | BA65: =SUM(V65:AZ65) -> 36 | BB65: =IFERROR(BA65/$CK$3/(O65-P65),0) -> 0.92307692 | BC65: =+BC63+BC62+BC61+BC60+BC59 -> 54 | BD65: =+BD63+BD62+BD61+BD60+BD59 -> 81 | BE65: =+BE63+BE62+BE61+BE60+BE59 -> 94 | BF65: =+BF63+BF62+BF61+BF60+BF59 -> 0 | BG65: =+BG63+BG62+BG61+BG60+BG59 -> 71 | BH65: =+BH63+BH62+BH61+BH60+BH59 -> 73 | BI65: =+BI63+BI62+BI61+BI60+BI59 -> 57 | BJ65: =+BJ63+BJ62+BJ61+BJ60+BJ59 -> 68 | ... CG65: =+CG63+CG62+CG61+CG60+CG59 -> 0 | CH65: =SUM(BC65:CG65) -> 997 | CI65: =IFERROR(CH65/$CK$3/(O65-P65),0) -> 25.564103 | GM65: Formula | GN65: =F65 -> MPK01-FMCG-ASM-01 | GO65: 0 | GP65: 0 | GQ65: 0 | GR65: 0 | GS65: 0 | GT65: 0 | GU65: 0 | GV65: 0 | GW65: 0 | GX65: 0 | GY65: 0 | GZ65: 0 | HA65: 0 | HB65: 0 | HT65: 0 | HU65: 0 | HV65: 0 | HW65: 0 | HX65: 0 | HY65: 0 | HZ65: 0 | IA65: 0 | IB65: 0 | IC65: 0 | ID65: 0 | IE65: 0 | IF65: 0 | IG65: 0
A66: TE | B66: DO Team | C66: South-B | D66: STH-B HYDERABAD | E66: TE-HYD-01 | F66: STH-B-FMCG01-TE-01 | G66: 0120002 | H66: M. ALI MEMON (TE-HYD-01) | I66: M. ALI MEMON (TE-HYD-01) | J66: HYDERABAD TRADE | K66: SD+STREET | L66: G0813 | M66: PRIME-HR | N66: 43831 | O66: 1 | P66: 0 | Q66: =IFERROR(IF(OR(AI66>0),1,0),0) -> 1 | R66: =IFERROR(IF(OR(BA66>0),1,0),0) -> 1 | S66: =IFERROR(IF(OR(BP66>0),1,0),0) -> 0 | T66: =IFERROR(IF(OR(CH66>0),1,0),0) -> 1 | U66: =IFERROR(IF(OR(BA66>0,CH66>0),1,0),0) -> 1 | V66: =GO66 -> 1 | W66: =GP66 -> 1 | X66: =GQ66 -> 1 | Y66: =GR66 -> 0 | Z66: =GS66 -> 1 | AA66: =GT66 -> 1 | AB66: =GU66 -> 1 | AC66: =GV66 -> 1 | ... AZ66: =HS66 -> 0 | BA66: =SUM(V66:AZ66) -> 12 | BB66: =IFERROR(BA66/$CK$3/(O66-P66),0) -> 0.92307692 | BC66: =HT66 -> 0 | BD66: =HU66 -> 1 | BE66: =HV66 -> 0 | BF66: =HW66 -> 0 | BG66: =HX66 -> 0 | BH66: =HY66 -> 1 | BI66: =HZ66 -> 0 | BJ66: =IA66 -> 1 | ... CG66: =IX66 -> 0 | CH66: =SUM(BC66:CG66) -> 3 | CI66: =IFERROR(CH66/$CK$3/(O66-P66),0) -> 0.23076923 | GM66: Data | GN66: =F66 -> STH-B-FMCG01-TE-01 | GO66: 1 | GP66: 1 | GQ66: 1 | GR66: 0 | GS66: 1 | GT66: 1 | GU66: 1 | GV66: 1 | GW66: 1 | GX66: 1 | GY66: 0 | GZ66: 1 | HA66: 1 | HB66: 1 | HT66: 0 | HU66: 1 | HV66: 0 | HW66: 0 | HX66: 0 | HY66: 1 | HZ66: 0 | IA66: 1 | IB66: 0 | IC66: 0 | ID66: 0 | IE66: 0 | IF66: 0 | IG66: 0
A67: RSM | B67: DO+Touch Team | C67: South-B | D67: STH-B Hyderabad | E67: RSM-STH-B | F67: STH-B-FMCG-RSM-01 | G67: 15 | H67: Vacant RSM | I67: Vacant RSM | J67: HYD | K67: SD+Street | L67: UN-DEFINED | M67: GSM-PR | N67: Un-Defined | O67: =O65+O58+O66 -> 11 | P67: =P65+P58+P66 -> 2 | Q67: =Q65+Q58+Q66 -> 8 | R67: =R65+R58+R66 -> 9 | S67: =S65+S58+S66 -> 3 | T67: =T65+T58+T66 -> 9 | U67: =U65+U58+U66 -> 9 | V67: =V65+V58+V66 -> 9 | ... BA67: =BA65+BA58+BA66 -> 107 | BB67: =IFERROR(BA67/$CK$3/(O67-P67),0) -> 0.91452991 | BC67: =BC65+BC58+BC66 -> 140 | BD67: =BD65+BD58+BD66 -> 205 | BE67: =BE65+BE58+BE66 -> 185 | BF67: =BF65+BF58+BF66 -> 0 | BG67: =BG65+BG58+BG66 -> 168 | BH67: =BH65+BH58+BH66 -> 236 | BI67: =BI65+BI58+BI66 -> 193 | BJ67: =BJ65+BJ58+BJ66 -> 197 | ... CG67: =CG65+CG58+CG66 -> 0 | CH67: =SUM(BC67:CG67) -> 2514 | CI67: =IFERROR(CH67/$CK$3/(O67-P67),0) -> 21.487179 | GM67: Formula | GN67: =F67 -> STH-B-FMCG-RSM-01 | GO67: 0 | GP67: 0 | GQ67: 0 | GR67: 0 | GS67: 0 | GT67: 0 | GU67: 0 | GV67: 0 | GW67: 0 | GX67: 0 | GY67: 0 | GZ67: 0 | HA67: 0 | HB67: 0 | HT67: 0 | HU67: 0 | HV67: 0 | HW67: 0 | HX67: 0 | HY67: 0 | HZ67: 0 | IA67: 0 | IB67: 0 | IC67: 0 | ID67: 0 | IE67: 0 | IF67: 0 | IG67: 0
A68: SPO | B68: DO Team | C68: South-C | D68: NAWABSHAH-1 | E68: NWB-04 | F68: NWB01-FMCG01-SPO-01 | G68: 0112005 | H68: MEEZAN MALIK (NWB-04) | I68: MUHAMAMD HUSSAIN (NWB-04) | J68: NAWABSHAH | K68: SD+STREET | L68: VACANT | M68: PRIME-HR | N68: Resigned | O68: 1 | P68: 0 | Q68: =IFERROR(IF(OR(AI68>0),1,0),0) -> 1 | R68: =IFERROR(IF(OR(BA68>0),1,0),0) -> 1 | S68: =IFERROR(IF(OR(BP68>0),1,0),0) -> 1 | T68: =IFERROR(IF(OR(CH68>0),1,0),0) -> 1 | U68: =IFERROR(IF(OR(BA68>0,CH68>0),1,0),0) -> 1 | V68: =GO68 -> 1 | W68: =GP68 -> 1 | X68: =GQ68 -> 1 | Y68: =GR68 -> 0 | Z68: =GS68 -> 1 | AA68: =GT68 -> 1 | AB68: =GU68 -> 1 | AC68: =GV68 -> 1 | ... AZ68: =HS68 -> 0 | BA68: =SUM(V68:AZ68) -> 12 | BB68: =IFERROR(BA68/$CK$3/(O68-P68),0) -> 0.92307692 | BC68: =HT68 -> 23 | BD68: =HU68 -> 4 | BE68: =HV68 -> 0 | BF68: =HW68 -> 0 | BG68: =HX68 -> 12 | BH68: =HY68 -> 4 | BI68: =HZ68 -> 0 | BJ68: =IA68 -> 0 | ... CG68: =IX68 -> 0 | CH68: =SUM(BC68:CG68) -> 63 | CI68: =IFERROR(CH68/$CK$3/(O68-P68),0) -> 4.8461538 | GM68: Data | GN68: =F68 -> NWB01-FMCG01-SPO-01 | GO68: 1 | GP68: 1 | GQ68: 1 | GR68: 0 | GS68: 1 | GT68: 1 | GU68: 1 | GV68: 1 | GW68: 1 | GX68: 1 | GY68: 0 | GZ68: 1 | HA68: 1 | HB68: 1 | HT68: 23 | HU68: 4 | HV68: 0 | HW68: 0 | HX68: 12 | HY68: 4 | HZ68: 0 | IA68: 0 | IB68: 0 | IC68: 6 | ID68: 0 | IE68: 11 | IF68: 0 | IG68: 3
A69: SPO | B69: Touch Team | C69: South-C | D69: NAWABSHAH-1 | E69: T-NWB-04 | F69: NWB01-FMCG02-SPO-01 | G69: 0120004 | H69: M. AHSAN (T-NWB-04) | I69: M. AHSAN (T-NWB-04) | J69: NAWABSHAH | K69: SD+STREET | L69: G1654 | M69: PRIME-HR | N69: 45793 | O69: 1 | P69: 0 | Q69: =IFERROR(IF(OR(AI69>0),1,0),0) -> 1 | R69: =IFERROR(IF(OR(BA69>0),1,0),0) -> 1 | S69: =IFERROR(IF(OR(BP69>0),1,0),0) -> 0 | T69: =IFERROR(IF(OR(CH69>0),1,0),0) -> 1 | U69: =IFERROR(IF(OR(BA69>0,CH69>0),1,0),0) -> 1 | V69: =GO69 -> 1 | W69: =GP69 -> 1 | X69: =GQ69 -> 1 | Y69: =GR69 -> 0 | Z69: =GS69 -> 1 | AA69: =GT69 -> 1 | AB69: =GU69 -> 1 | AC69: =GV69 -> 1 | ... AZ69: =HS69 -> 0 | BA69: =SUM(V69:AZ69) -> 12 | BB69: =IFERROR(BA69/$CK$3/(O69-P69),0) -> 0.92307692 | BC69: =HT69 -> 0 | BD69: =HU69 -> 12 | BE69: =HV69 -> 0 | BF69: =HW69 -> 0 | BG69: =HX69 -> 21 | BH69: =HY69 -> 25 | BI69: =HZ69 -> 22 | BJ69: =IA69 -> 4 | ... CG69: =IX69 -> 0 | CH69: =SUM(BC69:CG69) -> 184 | CI69: =IFERROR(CH69/$CK$3/(O69-P69),0) -> 14.153846 | GM69: Data | GN69: =F69 -> NWB01-FMCG02-SPO-01 | GO69: 1 | GP69: 1 | GQ69: 1 | GR69: 0 | GS69: 1 | GT69: 1 | GU69: 1 | GV69: 1 | GW69: 1 | GX69: 1 | GY69: 0 | GZ69: 1 | HA69: 1 | HB69: 1 | HT69: 0 | HU69: 12 | HV69: 0 | HW69: 0 | HX69: 21 | HY69: 25 | HZ69: 22 | IA69: 4 | IB69: 14 | IC69: 21 | ID69: 0 | IE69: 37 | IF69: 28 | IG69: 0
A70: SPO | B70: DO+Touch Team | C70: South-C | D70: NAWABSHAH-1 | E70: B-NWB-01 | F70: NWB01-FMCG03-SPO-01 | G70: 0120008 | H70: M. Hasnain (B-NWB-01) | I70: VACANT B NWB 1 (B-NWB-01) | J70: NAWABSHAH | K70: SD+STREET | L70: G1938 | M70: PRIME-HR | N70: 46246 | O70: 1 | P70: 0 | Q70: =IFERROR(IF(OR(AI70>0),1,0),0) -> 1 | R70: =IFERROR(IF(OR(BA70>0),1,0),0) -> 1 | S70: =IFERROR(IF(OR(BP70>0),1,0),0) -> 0 | T70: =IFERROR(IF(OR(CH70>0),1,0),0) -> 1 | U70: =IFERROR(IF(OR(BA70>0,CH70>0),1,0),0) -> 1 | V70: =GO70 -> 1 | W70: =GP70 -> 1 | X70: =GQ70 -> 1 | Y70: =GR70 -> 0 | Z70: =GS70 -> 1 | AA70: =GT70 -> 1 | AB70: =GU70 -> 1 | AC70: =GV70 -> 1 | ... AZ70: =HS70 -> 0 | BA70: =SUM(V70:AZ70) -> 12 | BB70: =IFERROR(BA70/$CK$3/(O70-P70),0) -> 0.92307692 | BC70: =HT70 -> 0 | BD70: =HU70 -> 0 | BE70: =HV70 -> 1 | BF70: =HW70 -> 0 | BG70: =HX70 -> 0 | BH70: =HY70 -> 0 | BI70: =HZ70 -> 0 | BJ70: =IA70 -> 0 | ... CG70: =IX70 -> 0 | CH70: =SUM(BC70:CG70) -> 1 | CI70: =IFERROR(CH70/$CK$3/(O70-P70),0) -> 0.076923077 | GM70: Data | GN70: =F70 -> NWB01-FMCG03-SPO-01 | GO70: 1 | GP70: 1 | GQ70: 1 | GR70: 0 | GS70: 1 | GT70: 1 | GU70: 1 | GV70: 1 | GW70: 1 | GX70: 1 | GY70: 0 | GZ70: 1 | HA70: 1 | HB70: 1 | HT70: 0 | HU70: 0 | HV70: 1 | HW70: 0 | HX70: 0 | HY70: 0 | HZ70: 0 | IA70: 0 | IB70: 0 | IC70: 0 | ID70: 0 | IE70: 0 | IF70: 0 | IG70: 0
A71: SPO | B71: DO+Touch Team | C71: South-C | D71: NAWABSHAH-1 | E71: O-NWB-01 | F71: NWB01-FMCG-SPO-01 | G71: 0112008 | H71: M. IRFAN (O-NWB-01) | I71: M. IRFAN (O-NWB-01) | J71: SHAHDADPUR | K71: SD+STREET | L71: G1567 | M71: PRIME-HR | N71: 45558 | O71: 1 | P71: 0 | Q71: =IFERROR(IF(OR(AI71>0),1,0),0) -> 1 | R71: =IFERROR(IF(OR(BA71>0),1,0),0) -> 1 | S71: =IFERROR(IF(OR(BP71>0),1,0),0) -> 1 | T71: =IFERROR(IF(OR(CH71>0),1,0),0) -> 1 | U71: =IFERROR(IF(OR(BA71>0,CH71>0),1,0),0) -> 1 | V71: =GO71 -> 1 | W71: =GP71 -> 1 | X71: =GQ71 -> 1 | Y71: =GR71 -> 0 | Z71: =GS71 -> 1 | AA71: =GT71 -> 1 | AB71: =GU71 -> 1 | AC71: =GV71 -> 1 | ... AZ71: =HS71 -> 0 | BA71: =SUM(V71:AZ71) -> 12 | BB71: =IFERROR(BA71/$CK$3/(O71-P71),0) -> 0.92307692 | BC71: =HT71 -> 18 | BD71: =HU71 -> 16 | BE71: =HV71 -> 11 | BF71: =HW71 -> 0 | BG71: =HX71 -> 15 | BH71: =HY71 -> 17 | BI71: =HZ71 -> 23 | BJ71: =IA71 -> 11 | ... CG71: =IX71 -> 0 | CH71: =SUM(BC71:CG71) -> 172 | CI71: =IFERROR(CH71/$CK$3/(O71-P71),0) -> 13.230769 | GM71: Data | GN71: =F71 -> NWB01-FMCG-SPO-01 | GO71: 1 | GP71: 1 | GQ71: 1 | GR71: 0 | GS71: 1 | GT71: 1 | GU71: 1 | GV71: 1 | GW71: 1 | GX71: 1 | GY71: 0 | GZ71: 1 | HA71: 1 | HB71: 1 | HT71: 18 | HU71: 16 | HV71: 11 | HW71: 0 | HX71: 15 | HY71: 17 | HZ71: 23 | IA71: 11 | IB71: 6 | IC71: 27 | ID71: 0 | IE71: 15 | IF71: 12 | IG71: 1
A72: SPO | B72: DO+Touch Team | C72: South-C | D72: NAWABSHAH-1 | E72: O-NWB-02 | F72: NWB01-FMCG-SPO-02 | G72: 0120006 | H72: RASHID ALI (O-NWB-02) | I72: RASHID ALI (O-NWB-02) | J72: NAUSHERO FEROZ | K72: SD+STREET | L72: G1481 | M72: PRIME-HR | N72: 45488 | O72: 1 | P72: 0 | Q72: =IFERROR(IF(OR(AI72>0),1,0),0) -> 1 | R72: =IFERROR(IF(OR(BA72>0),1,0),0) -> 1 | S72: =IFERROR(IF(OR(BP72>0),1,0),0) -> 0 | T72: =IFERROR(IF(OR(CH72>0),1,0),0) -> 1 | U72: =IFERROR(IF(OR(BA72>0,CH72>0),1,0),0) -> 1 | V72: =GO72 -> 1 | W72: =GP72 -> 1 | X72: =GQ72 -> 1 | Y72: =GR72 -> 0 | Z72: =GS72 -> 1 | AA72: =GT72 -> 1 | AB72: =GU72 -> 1 | AC72: =GV72 -> 1 | ... AZ72: =HS72 -> 0 | BA72: =SUM(V72:AZ72) -> 12 | BB72: =IFERROR(BA72/$CK$3/(O72-P72),0) -> 0.92307692 | BC72: =HT72 -> 1 | BD72: =HU72 -> 0 | BE72: =HV72 -> 1 | BF72: =HW72 -> 0 | BG72: =HX72 -> 0 | BH72: =HY72 -> 1 | BI72: =HZ72 -> 0 | BJ72: =IA72 -> 1 | ... CG72: =IX72 -> 0 | CH72: =SUM(BC72:CG72) -> 4 | CI72: =IFERROR(CH72/$CK$3/(O72-P72),0) -> 0.30769231 | GM72: Data | GN72: =F72 -> NWB01-FMCG-SPO-02 | GO72: 1 | GP72: 1 | GQ72: 1 | GR72: 0 | GS72: 1 | GT72: 1 | GU72: 1 | GV72: 1 | GW72: 1 | GX72: 1 | GY72: 0 | GZ72: 1 | HA72: 1 | HB72: 1 | HT72: 1 | HU72: 0 | HV72: 1 | HW72: 0 | HX72: 0 | HY72: 1 | HZ72: 0 | IA72: 1 | IB72: 0 | IC72: 0 | ID72: 0 | IE72: 0 | IF72: 0 | IG72: 0
A73: SPO | B73: DO+Touch Team | C73: South-C | D73: NAWABSHAH-1 | E73: O-NWB-03 | F73: NWB01-FMCG-SPO-03 | G73: 0118005 | H73: VIJAY KUMAR (O-NWB-03) | I73: VIJAY KUMAR (O-NWB-03) | J73: DADU | K73: SD+STREET | L73: G1702 | M73: PRIME-HR | N73: 45880 | O73: 1 | P73: 0 | Q73: =IFERROR(IF(OR(AI73>0),1,0),0) -> 1 | R73: =IFERROR(IF(OR(BA73>0),1,0),0) -> 1 | S73: =IFERROR(IF(OR(BP73>0),1,0),0) -> 1 | T73: =IFERROR(IF(OR(CH73>0),1,0),0) -> 1 | U73: =IFERROR(IF(OR(BA73>0,CH73>0),1,0),0) -> 1 | V73: =GO73 -> 1 | W73: =GP73 -> 1 | X73: =GQ73 -> 1 | Y73: =GR73 -> 0 | Z73: =GS73 -> 1 | AA73: =GT73 -> 1 | AB73: =GU73 -> 1 | AC73: =GV73 -> 1 | ... AZ73: =HS73 -> 0 | BA73: =SUM(V73:AZ73) -> 12 | BB73: =IFERROR(BA73/$CK$3/(O73-P73),0) -> 0.92307692 | BC73: =HT73 -> 0 | BD73: =HU73 -> 26 | BE73: =HV73 -> 0 | BF73: =HW73 -> 0 | BG73: =HX73 -> 5 | BH73: =HY73 -> 2 | BI73: =HZ73 -> 3 | BJ73: =IA73 -> 9 | ... CG73: =IX73 -> 0 | CH73: =SUM(BC73:CG73) -> 70 | CI73: =IFERROR(CH73/$CK$3/(O73-P73),0) -> 5.3846154 | GM73: Data | GN73: =F73 -> NWB01-FMCG-SPO-03 | GO73: 1 | GP73: 1 | GQ73: 1 | GR73: 0 | GS73: 1 | GT73: 1 | GU73: 1 | GV73: 1 | GW73: 1 | GX73: 1 | GY73: 0 | GZ73: 1 | HA73: 1 | HB73: 1 | HT73: 0 | HU73: 26 | HV73: 0 | HW73: 0 | HX73: 5 | HY73: 2 | HZ73: 3 | IA73: 9 | IB73: 0 | IC73: 0 | ID73: 0 | IE73: 8 | IF73: 16 | IG73: 1
A74: SPO Unmap | B74: DO+Touch Team | C74: South-C | D74: NAWABSHAH-1 | E74: Others | F74: NWB01-FMCG-SPO-00 | G74: 0120005 | H74: FMCG UNMAPPED (NWB01) | I74: FMCG UNMAPPED (NWB01) | J74: NAWABSHAH | K74: UN-DEFINED | L74: UN-DEFINED | M74: UN-DEFINED | N74: 45474 | O74: 0 | P74: 0 | Q74: =IFERROR(IF(OR(AI74>0),1,0),0) -> 0 | R74: =IFERROR(IF(OR(BA74>0),1,0),0) -> 0 | S74: =IFERROR(IF(OR(BP74>0),1,0),0) -> 0 | T74: =IFERROR(IF(OR(CH74>0),1,0),0) -> 0 | U74: =IFERROR(IF(OR(BA74>0,CH74>0),1,0),0) -> 0 | V74: =GO74 -> 0 | W74: =GP74 -> 0 | X74: =GQ74 -> 0 | Y74: =GR74 -> 0 | Z74: =GS74 -> 0 | AA74: =GT74 -> 0 | AB74: =GU74 -> 0 | AC74: =GV74 -> 0 | ... AZ74: =HS74 -> 0 | BA74: =SUM(V74:AZ74) -> 0 | BB74: =IFERROR(BA74/$CK$3/(O74-P74),0) -> 0 | BC74: =HT74 -> 0 | BD74: =HU74 -> 0 | BE74: =HV74 -> 0 | BF74: =HW74 -> 0 | BG74: =HX74 -> 0 | BH74: =HY74 -> 0 | BI74: =HZ74 -> 0 | BJ74: =IA74 -> 0 | ... CG74: =IX74 -> 0 | CH74: =SUM(BC74:CG74) -> 0 | CI74: =IFERROR(CH74/$CK$3/(O74-P74),0) -> 0 | GM74: Data | GN74: =F74 -> NWB01-FMCG-SPO-00 | GO74: 0 | GP74: 0 | GQ74: 0 | GR74: 0 | GS74: 0 | GT74: 0 | GU74: 0 | GV74: 0 | GW74: 0 | GX74: 0 | GY74: 0 | GZ74: 0 | HA74: 0 | HB74: 0 | HT74: 0 | HU74: 0 | HV74: 0 | HW74: 0 | HX74: 0 | HY74: 0 | HZ74: 0 | IA74: 0 | IB74: 0 | IC74: 0 | ID74: 0 | IE74: 0 | IF74: 0 | IG74: 0
A75: ASM Unmap | B75: DO+Touch Team | C75: South-C | D75: NAWABSHAH-1 | E75: STH-NWB-1-DIR-PHR | F75: NWB01-FMCG-ASM-01 | G75: 01200 | H75: FAISAL HASSAN | I75: FAISAL HASSAN | J75: NAWABSHAH | K75: SD+STREET | L75: E-03412 | M75: GSM-PR | N75: 46284 | O75: 0 | P75: 0 | Q75: =IFERROR(IF(OR(AI75>0),1,0),0) -> 0 | R75: =IFERROR(IF(OR(BA75>0),1,0),0) -> 0 | S75: =IFERROR(IF(OR(BP75>0),1,0),0) -> 0 | T75: =IFERROR(IF(OR(CH75>0),1,0),0) -> 0 | U75: =IFERROR(IF(OR(BA75>0,CH75>0),1,0),0) -> 0 | V75: =GO75 -> 0 | W75: =GP75 -> 0 | X75: =GQ75 -> 0 | Y75: =GR75 -> 0 | Z75: =GS75 -> 0 | AA75: =GT75 -> 0 | AB75: =GU75 -> 0 | AC75: =GV75 -> 0 | ... AZ75: =HS75 -> 0 | BA75: =SUM(V75:AZ75) -> 0 | BB75: =IFERROR(BA75/$CK$3/(O75-P75),0) -> 0 | BC75: =HT75 -> 0 | BD75: =HU75 -> 0 | BE75: =HV75 -> 0 | BF75: =HW75 -> 0 | BG75: =HX75 -> 0 | BH75: =HY75 -> 0 | BI75: =HZ75 -> 0 | BJ75: =IA75 -> 0 | ... CG75: =IX75 -> 0 | CH75: =SUM(BC75:CG75) -> 0 | CI75: =IFERROR(CH75/$CK$3/(O75-P75),0) -> 0 | GM75: Data | GN75: =F75 -> NWB01-FMCG-ASM-01 | GO75: 0 | GP75: 0 | GQ75: 0 | GR75: 0 | GS75: 0 | GT75: 0 | GU75: 0 | GV75: 0 | GW75: 0 | GX75: 0 | GY75: 0 | GZ75: 0 | HA75: 0 | HB75: 0 | HT75: 0 | HU75: 0 | HV75: 0 | HW75: 0 | HX75: 0 | HY75: 0 | HZ75: 0 | IA75: 0 | IB75: 0 | IC75: 0 | ID75: 0 | IE75: 0 | IF75: 0 | IG75: 0
A76: ASM | B76: DO+Touch Team | C76: South-C | D76: NAWABSHAH-1 | E76: STH-NWB-1-DIR-PHR | F76: NWB01-FMCG-ASM-01 | G76: 01200 | H76: FAISAL HASSAN | I76: FAISAL HASSAN | J76: NAWABSHAH | K76: SD+STREET | L76: E-03412 | M76: GSM-PR | N76: 46284 | O76: =O73+O72+O71+O70+O69+O68 -> 6 | P76: =P73+P72+P71+P70+P69+P68 -> 0 | Q76: =Q73+Q72+Q71+Q70+Q69+Q68 -> 6 | R76: =R73+R72+R71+R70+R69+R68 -> 6 | S76: =S73+S72+S71+S70+S69+S68 -> 3 | T76: =T73+T72+T71+T70+T69+T68 -> 6 | U76: =U73+U72+U71+U70+U69+U68 -> 6 | V76: =V73+V72+V71+V70+V69+V68 -> 6 | ... AZ76: =AZ73+AZ72+AZ71+AZ70+AZ69+AZ68 -> 0 | BA76: =SUM(V76:AZ76) -> 72 | BB76: =IFERROR(BA76/$CK$3/(O76-P76),0) -> 0.92307692 | BC76: =BC73+BC72+BC71+BC70+BC69+BC68 -> 42 | BD76: =BD73+BD72+BD71+BD70+BD69+BD68 -> 58 | BE76: =BE73+BE72+BE71+BE70+BE69+BE68 -> 13 | BF76: =BF73+BF72+BF71+BF70+BF69+BF68 -> 0 | BG76: =BG73+BG72+BG71+BG70+BG69+BG68 -> 53 | BH76: =BH73+BH72+BH71+BH70+BH69+BH68 -> 49 | BI76: =BI73+BI72+BI71+BI70+BI69+BI68 -> 48 | BJ76: =BJ73+BJ72+BJ71+BJ70+BJ69+BJ68 -> 25 | ... CG76: =CG73+CG72+CG71+CG70+CG69+CG68 -> 0 | CH76: =SUM(BC76:CG76) -> 494 | CI76: =IFERROR(CH76/$CK$3/(O76-P76),0) -> 6.3333333 | GM76: Formula | GN76: =F76 -> NWB01-FMCG-ASM-01 | GO76: 0 | GP76: 0 | GQ76: 0 | GR76: 0 | GS76: 0 | GT76: 0 | GU76: 0 | GV76: 0 | GW76: 0 | GX76: 0 | GY76: 0 | GZ76: 0 | HA76: 0 | HB76: 0 | HT76: 0 | HU76: 0 | HV76: 0 | HW76: 0 | HX76: 0 | HY76: 0 | HZ76: 0 | IA76: 0 | IB76: 0 | IC76: 0 | ID76: 0 | IE76: 0 | IF76: 0 | IG76: 0
A77: SPO | B77: DO Team | C77: South-C | D77: QUETTA-1 | E77: QTA-01 | F77: QTA01-FMCG01-SPO-01 | G77: 0117001 | H77: RAVI KUMAR (QTA-01) | I77: RAVI KUMAR (QTA-01) | J77: QUETTA | K77: SD+STREET | L77: G1313 | M77: PRIME-HR | N77: 45241 | O77: 1 | P77: 0 | Q77: =IFERROR(IF(OR(AI77>0),1,0),0) -> 1 | R77: =IFERROR(IF(OR(BA77>0),1,0),0) -> 1 | S77: =IFERROR(IF(OR(BP77>0),1,0),0) -> 0 | T77: =IFERROR(IF(OR(CH77>0),1,0),0) -> 1 | U77: =IFERROR(IF(OR(BA77>0,CH77>0),1,0),0) -> 1 | V77: =GO77 -> 0 | W77: =GP77 -> 0 | X77: =GQ77 -> 1 | Y77: =GR77 -> 0 | Z77: =GS77 -> 1 | AA77: =GT77 -> 0 | AB77: =GU77 -> 1 | AC77: =GV77 -> 1 | ... AZ77: =HS77 -> 0 | BA77: =SUM(V77:AZ77) -> 8 | BB77: =IFERROR(BA77/$CK$3/(O77-P77),0) -> 0.61538462 | BC77: =HT77 -> 0 | BD77: =HU77 -> 0 | BE77: =HV77 -> 0 | BF77: =HW77 -> 0 | BG77: =HX77 -> 31 | BH77: =HY77 -> 0 | BI77: =HZ77 -> 9 | BJ77: =IA77 -> 25 | ... CG77: =IX77 -> 0 | CH77: =SUM(BC77:CG77) -> 133 | CI77: =IFERROR(CH77/$CK$3/(O77-P77),0) -> 10.230769 | GM77: Data | GN77: =F77 -> QTA01-FMCG01-SPO-01 | GO77: 0 | GP77: 0 | GQ77: 1 | GR77: 0 | GS77: 1 | GT77: 0 | GU77: 1 | GV77: 1 | GW77: 1 | GX77: 1 | GY77: 0 | GZ77: 1 | HA77: 0 | HB77: 1 | HT77: 0 | HU77: 0 | HV77: 0 | HW77: 0 | HX77: 31 | HY77: 0 | HZ77: 9 | IA77: 25 | IB77: 20 | IC77: 20 | ID77: 0 | IE77: 0 | IF77: 28 | IG77: 0
A78: SPO | B78: DO Team | C78: South-C | D78: QUETTA-1 | E78: QTA-02 | F78: QTA01-FMCG01-SPO-02 | G78: 0117002 | H78: GHULAM ABBAS (QTA-02) | I78: GHULAM ABBAS (QTA-02) | J78: QUETTA | K78: SD+STREET | L78: G0766 | M78: PRIME-HR | N78: 43739 | O78: 1 | P78: 0 | Q78: =IFERROR(IF(OR(AI78>0),1,0),0) -> 1 | R78: =IFERROR(IF(OR(BA78>0),1,0),0) -> 1 | S78: =IFERROR(IF(OR(BP78>0),1,0),0) -> 0 | T78: =IFERROR(IF(OR(CH78>0),1,0),0) -> 1 | U78: =IFERROR(IF(OR(BA78>0,CH78>0),1,0),0) -> 1 | V78: =GO78 -> 1 | W78: =GP78 -> 1 | X78: =GQ78 -> 1 | Y78: =GR78 -> 0 | Z78: =GS78 -> 1 | AA78: =GT78 -> 1 | AB78: =GU78 -> 1 | AC78: =GV78 -> 1 | ... AZ78: =HS78 -> 0 | BA78: =SUM(V78:AZ78) -> 12 | BB78: =IFERROR(BA78/$CK$3/(O78-P78),0) -> 0.92307692 | BC78: =HT78 -> 0 | BD78: =HU78 -> 36 | BE78: =HV78 -> 36 | BF78: =HW78 -> 0 | BG78: =HX78 -> 29 | BH78: =HY78 -> 36 | BI78: =HZ78 -> 39 | BJ78: =IA78 -> 52 | ... CG78: =IX78 -> 0 | CH78: =SUM(BC78:CG78) -> 293 | CI78: =IFERROR(CH78/$CK$3/(O78-P78),0) -> 22.538462 | GM78: Data | GN78: =F78 -> QTA01-FMCG01-SPO-02 | GO78: 1 | GP78: 1 | GQ78: 1 | GR78: 0 | GS78: 1 | GT78: 1 | GU78: 1 | GV78: 1 | GW78: 1 | GX78: 1 | GY78: 0 | GZ78: 1 | HA78: 1 | HB78: 1 | HT78: 0 | HU78: 36 | HV78: 36 | HW78: 0 | HX78: 29 | HY78: 36 | HZ78: 39 | IA78: 52 | IB78: 0 | IC78: 29 | ID78: 0 | IE78: 36 | IF78: 0 | IG78: 0
A79: SPO | B79: Touch Team | C79: South-C | D79: QUETTA-1 | E79: T-QTA-01 | F79: QTA01-FMCG02-SPO-01 | G79: 0117009 | H79: Sana Ullah (T-QTA-01) | I79: Sana Ullah (T-QTA-01) | J79: QUETTA | K79: SD+STREET | L79: G1935 | M79: PRIME-HR | N79: 46241 | O79: 1 | P79: 0 | Q79: =IFERROR(IF(OR(AI79>0),1,0),0) -> 1 | R79: =IFERROR(IF(OR(BA79>0),1,0),0) -> 1 | S79: =IFERROR(IF(OR(BP79>0),1,0),0) -> 0 | T79: =IFERROR(IF(OR(CH79>0),1,0),0) -> 1 | U79: =IFERROR(IF(OR(BA79>0,CH79>0),1,0),0) -> 1 | V79: =GO79 -> 1 | W79: =GP79 -> 1 | X79: =GQ79 -> 1 | Y79: =GR79 -> 0 | Z79: =GS79 -> 1 | AA79: =GT79 -> 1 | AB79: =GU79 -> 1 | AC79: =GV79 -> 1 | ... AZ79: =HS79 -> 0 | BA79: =SUM(V79:AZ79) -> 12 | BB79: =IFERROR(BA79/$CK$3/(O79-P79),0) -> 0.92307692 | BC79: =HT79 -> 20 | BD79: =HU79 -> 26 | BE79: =HV79 -> 27 | BF79: =HW79 -> 0 | BG79: =HX79 -> 27 | BH79: =HY79 -> 34 | BI79: =HZ79 -> 21 | BJ79: =IA79 -> 32 | ... CG79: =IX79 -> 0 | CH79: =SUM(BC79:CG79) -> 265 | CI79: =IFERROR(CH79/$CK$3/(O79-P79),0) -> 20.384615 | GM79: Data | GN79: =F79 -> QTA01-FMCG02-SPO-01 | GO79: 1 | GP79: 1 | GQ79: 1 | GR79: 0 | GS79: 1 | GT79: 1 | GU79: 1 | GV79: 1 | GW79: 1 | GX79: 1 | GY79: 0 | GZ79: 1 | HA79: 1 | HB79: 1 | HT79: 20 | HU79: 26 | HV79: 27 | HW79: 0 | HX79: 27 | HY79: 34 | HZ79: 21 | IA79: 32 | IB79: 21 | IC79: 20 | ID79: 0 | IE79: 20 | IF79: 17 | IG79: 0
A80: SPO | B80: Touch Team | C80: South-C | D80: QUETTA-1 | E80: T-QTA-02 | F80: QTA01-FMCG02-SPO-02 | G80: 0117008 | H80: NIZAM UDDIN (T-QTA-02) | I80: NIZAM UDDIN (T-QTA-02) | J80: QUETTA | K80: SD+STREET | L80: G1845 | M80: PRIME-HR | N80: 46119 | O80: 1 | P80: 0 | Q80: =IFERROR(IF(OR(AI80>0),1,0),0) -> 1 | R80: =IFERROR(IF(OR(BA80>0),1,0),0) -> 1 | S80: =IFERROR(IF(OR(BP80>0),1,0),0) -> 0 | T80: =IFERROR(IF(OR(CH80>0),1,0),0) -> 1 | U80: =IFERROR(IF(OR(BA80>0,CH80>0),1,0),0) -> 1 | V80: =GO80 -> 1 | W80: =GP80 -> 1 | X80: =GQ80 -> 1 | Y80: =GR80 -> 0 | Z80: =GS80 -> 1 | AA80: =GT80 -> 1 | AB80: =GU80 -> 1 | AC80: =GV80 -> 1 | ... AZ80: =HS80 -> 0 | BA80: =SUM(V80:AZ80) -> 12 | BB80: =IFERROR(BA80/$CK$3/(O80-P80),0) -> 0.92307692 | BC80: =HT80 -> 0 | BD80: =HU80 -> 0 | BE80: =HV80 -> 16 | BF80: =HW80 -> 0 | BG80: =HX80 -> 29 | BH80: =HY80 -> 19 | BI80: =HZ80 -> 35 | BJ80: =IA80 -> 41 | ... CG80: =IX80 -> 0 | CH80: =SUM(BC80:CG80) -> 229 | CI80: =IFERROR(CH80/$CK$3/(O80-P80),0) -> 17.615385 | GM80: Data | GN80: =F80 -> QTA01-FMCG02-SPO-02 | GO80: 1 | GP80: 1 | GQ80: 1 | GR80: 0 | GS80: 1 | GT80: 1 | GU80: 1 | GV80: 1 | GW80: 1 | GX80: 1 | GY80: 0 | GZ80: 1 | HA80: 1 | HB80: 1 | HT80: 0 | HU80: 0 | HV80: 16 | HW80: 0 | HX80: 29 | HY80: 19 | HZ80: 35 | IA80: 41 | IB80: 28 | IC80: 20 | ID80: 0 | IE80: 0 | IF80: 41 | IG80: 0
A81: SPO | B81: DO+Touch Team | C81: South-C | D81: QUETTA-1 | E81: B-QTA-01 | F81: QTA01-FMCG03-SPO-01 | G81: 0117005 | H81: BOR MUHAMMAD (B-QTA-01) | I81: BOR MUHAMMAD (B-QTA-01) | J81: QUETTA | K81: SD+STREET | L81: G1857 | M81: PRIME-HR | N81: 46144 | O81: 1 | P81: 0 | Q81: =IFERROR(IF(OR(AI81>0),1,0),0) -> 1 | R81: =IFERROR(IF(OR(BA81>0),1,0),0) -> 1 | S81: =IFERROR(IF(OR(BP81>0),1,0),0) -> 0 | T81: =IFERROR(IF(OR(CH81>0),1,0),0) -> 1 | U81: =IFERROR(IF(OR(BA81>0,CH81>0),1,0),0) -> 1 | V81: =GO81 -> 1 | W81: =GP81 -> 1 | X81: =GQ81 -> 1 | Y81: =GR81 -> 0 | Z81: =GS81 -> 1 | AA81: =GT81 -> 1 | AB81: =GU81 -> 1 | AC81: =GV81 -> 1 | ... AZ81: =HS81 -> 0 | BA81: =SUM(V81:AZ81) -> 12 | BB81: =IFERROR(BA81/$CK$3/(O81-P81),0) -> 0.92307692 | BC81: =HT81 -> 19 | BD81: =HU81 -> 32 | BE81: =HV81 -> 31 | BF81: =HW81 -> 0 | BG81: =HX81 -> 36 | BH81: =HY81 -> 32 | BI81: =HZ81 -> 35 | BJ81: =IA81 -> 41 | ... CG81: =IX81 -> 0 | CH81: =SUM(BC81:CG81) -> 316 | CI81: =IFERROR(CH81/$CK$3/(O81-P81),0) -> 24.307692 | GM81: Data | GN81: =F81 -> QTA01-FMCG03-SPO-01 | GO81: 1 | GP81: 1 | GQ81: 1 | GR81: 0 | GS81: 1 | GT81: 1 | GU81: 1 | GV81: 1 | GW81: 1 | GX81: 1 | GY81: 0 | GZ81: 1 | HA81: 1 | HB81: 1 | HT81: 19 | HU81: 32 | HV81: 31 | HW81: 0 | HX81: 36 | HY81: 32 | HZ81: 35 | IA81: 41 | IB81: 32 | IC81: 12 | ID81: 0 | IE81: 19 | IF81: 27 | IG81: 0
A82: SPO Unmap | B82: DO+Touch Team | C82: South-C | D82: QUETTA-1 | E82: Others | F82: QTA01-FMCG-SPO-00 | G82: 0117003 | H82: FMCG UNMAPPED (QTA01) | I82: FMCG UNMAPPED (QTA01) | J82: QUETTA | K82: UN-DEFINED | L82: UN-DEFINED | M82: UN-DEFINED | N82: 45474 | O82: 0 | P82: 0 | Q82: =IFERROR(IF(OR(AI82>0),1,0),0) -> 0 | R82: =IFERROR(IF(OR(BA82>0),1,0),0) -> 0 | S82: =IFERROR(IF(OR(BP82>0),1,0),0) -> 0 | T82: =IFERROR(IF(OR(CH82>0),1,0),0) -> 0 | U82: =IFERROR(IF(OR(BA82>0,CH82>0),1,0),0) -> 0 | V82: =GO82 -> 0 | W82: =GP82 -> 0 | X82: =GQ82 -> 0 | Y82: =GR82 -> 0 | Z82: =GS82 -> 0 | AA82: =GT82 -> 0 | AB82: =GU82 -> 0 | AC82: =GV82 -> 0 | ... AZ82: =HS82 -> 0 | BA82: =SUM(V82:AZ82) -> 0 | BB82: =IFERROR(BA82/$CK$3/(O82-P82),0) -> 0 | BC82: =HT82 -> 0 | BD82: =HU82 -> 0 | BE82: =HV82 -> 0 | BF82: =HW82 -> 0 | BG82: =HX82 -> 0 | BH82: =HY82 -> 0 | BI82: =HZ82 -> 0 | BJ82: =IA82 -> 0 | ... CG82: =IX82 -> 0 | CH82: =SUM(BC82:CG82) -> 0 | CI82: =IFERROR(CH82/$CK$3/(O82-P82),0) -> 0 | GM82: Data | GN82: =F82 -> QTA01-FMCG-SPO-00 | GO82: 0 | GP82: 0 | GQ82: 0 | GR82: 0 | GS82: 0 | GT82: 0 | GU82: 0 | GV82: 0 | GW82: 0 | GX82: 0 | GY82: 0 | GZ82: 0 | HA82: 0 | HB82: 0 | HT82: 0 | HU82: 0 | HV82: 0 | HW82: 0 | HX82: 0 | HY82: 0 | HZ82: 0 | IA82: 0 | IB82: 0 | IC82: 0 | ID82: 0 | IE82: 0 | IF82: 0 | IG82: 0
A83: ASM Unmap | B83: DO+Touch Team | C83: South-C | D83: QUETTA-1 | E83: STH-QTA-1-DIR-PHR | F83: QTA01-FMCG-ASM-01 | G83: 01170 | H83: M. YOUSUF | I83: M. YOUSUF | J83: QUETTA | K83: SD+STREET | L83: E-02620 | M83: GSM-PR | N83: 45941 | O83: 0 | P83: 0 | Q83: =IFERROR(IF(OR(AI83>0),1,0),0) -> 0 | R83: =IFERROR(IF(OR(BA83>0),1,0),0) -> 0 | S83: =IFERROR(IF(OR(BP83>0),1,0),0) -> 0 | T83: =IFERROR(IF(OR(CH83>0),1,0),0) -> 0 | U83: =IFERROR(IF(OR(BA83>0,CH83>0),1,0),0) -> 0 | V83: =GO83 -> 0 | W83: =GP83 -> 0 | X83: =GQ83 -> 0 | Y83: =GR83 -> 0 | Z83: =GS83 -> 0 | AA83: =GT83 -> 0 | AB83: =GU83 -> 0 | AC83: =GV83 -> 0 | ... AZ83: =HS83 -> 0 | BA83: =SUM(V83:AZ83) -> 0 | BB83: =IFERROR(BA83/$CK$3/(O83-P83),0) -> 0 | BC83: =HT83 -> 0 | BD83: =HU83 -> 0 | BE83: =HV83 -> 0 | BF83: =HW83 -> 0 | BG83: =HX83 -> 0 | BH83: =HY83 -> 0 | BI83: =HZ83 -> 0 | BJ83: =IA83 -> 0 | ... CG83: =IX83 -> 0 | CH83: =SUM(BC83:CG83) -> 0 | CI83: =IFERROR(CH83/$CK$3/(O83-P83),0) -> 0 | GM83: Data | GN83: =F83 -> QTA01-FMCG-ASM-01 | GO83: 0 | GP83: 0 | GQ83: 0 | GR83: 0 | GS83: 0 | GT83: 0 | GU83: 0 | GV83: 0 | GW83: 0 | GX83: 0 | GY83: 0 | GZ83: 0 | HA83: 0 | HB83: 0 | HT83: 0 | HU83: 0 | HV83: 0 | HW83: 0 | HX83: 0 | HY83: 0 | HZ83: 0 | IA83: 0 | IB83: 0 | IC83: 0 | ID83: 0 | IE83: 0 | IF83: 0 | IG83: 0
A84: ASM | B84: DO+Touch Team | C84: South-C | D84: QUETTA-1 | E84: STH-QTA-1-DIR-PHR | F84: QTA01-FMCG-ASM-01 | G84: 01170 | H84: M. YOUSUF | I84: M. YOUSUF | J84: QUETTA | K84: SD+STREET | L84: E-02620 | M84: GSM-PR | N84: 45941 | O84: =O82+O81+O80+O79+O78+O77+O83 -> 5 | P84: =P82+P81+P80+P79+P78+P77+P83 -> 0 | Q84: =Q82+Q81+Q80+Q79+Q78+Q77+Q83 -> 5 | R84: =R82+R81+R80+R79+R78+R77+R83 -> 5 | S84: =S82+S81+S80+S79+S78+S77+S83 -> 0 | T84: =T82+T81+T80+T79+T78+T77+T83 -> 5 | U84: =U82+U81+U80+U79+U78+U77+U83 -> 5 | V84: =V82+V81+V80+V79+V78+V77+V83 -> 4 | ... AZ84: =AZ82+AZ81+AZ80+AZ79+AZ78+AZ77+AZ83 -> 0 | BA84: =SUM(V84:AZ84) -> 56 | BB84: =IFERROR(BA84/$CK$3/(O84-P84),0) -> 0.86153846 | BC84: =BC82+BC81+BC80+BC79+BC78+BC77+BC83 -> 39 | BD84: =BD82+BD81+BD80+BD79+BD78+BD77+BD83 -> 94 | BE84: =BE82+BE81+BE80+BE79+BE78+BE77+BE83 -> 110 | BF84: =BF82+BF81+BF80+BF79+BF78+BF77+BF83 -> 0 | BG84: =BG82+BG81+BG80+BG79+BG78+BG77+BG83 -> 152 | BH84: =BH82+BH81+BH80+BH79+BH78+BH77+BH83 -> 121 | BI84: =BI82+BI81+BI80+BI79+BI78+BI77+BI83 -> 139 | BJ84: =BJ82+BJ81+BJ80+BJ79+BJ78+BJ77+BJ83 -> 191 | ... CG84: =CG82+CG81+CG80+CG79+CG78+CG77+CG83 -> 0 | CH84: =SUM(BC84:CG84) -> 1236 | CI84: =IFERROR(CH84/$CK$3/(O84-P84),0) -> 19.015385 | GM84: Formula | GN84: =F84 -> QTA01-FMCG-ASM-01 | GO84: 0 | GP84: 0 | GQ84: 0 | GR84: 0 | GS84: 0 | GT84: 0 | GU84: 0 | GV84: 0 | GW84: 0 | GX84: 0 | GY84: 0 | GZ84: 0 | HA84: 0 | HB84: 0 | HT84: 0 | HU84: 0 | HV84: 0 | HW84: 0 | HX84: 0 | HY84: 0 | HZ84: 0 | IA84: 0 | IB84: 0 | IC84: 0 | ID84: 0 | IE84: 0 | IF84: 0 | IG84: 0
A85: SPO | B85: DO Team | C85: South-C | D85: SUKKUR-1 | E85: SUK-01 | F85: SUK01-FMCG01-SPO-01 | G85: 0121001 | H85: NISAR AHMED (SUK-01) | I85: NISAR AHMED (SUK-01) | J85: SUKKUR | K85: SD+STREET | L85: G1310 | M85: PRIME-HR | N85: 45244 | O85: 1 | P85: 0 | Q85: =IFERROR(IF(OR(AI85>0),1,0),0) -> 1 | R85: =IFERROR(IF(OR(BA85>0),1,0),0) -> 1 | S85: =IFERROR(IF(OR(BP85>0),1,0),0) -> 0 | T85: =IFERROR(IF(OR(CH85>0),1,0),0) -> 1 | U85: =IFERROR(IF(OR(BA85>0,CH85>0),1,0),0) -> 1 | V85: =GO85 -> 1 | W85: =GP85 -> 1 | X85: =GQ85 -> 1 | Y85: =GR85 -> 0 | Z85: =GS85 -> 1 | AA85: =GT85 -> 1 | AB85: =GU85 -> 1 | AC85: =GV85 -> 1 | ... AZ85: =HS85 -> 0 | BA85: =SUM(V85:AZ85) -> 12 | BB85: =IFERROR(BA85/$CK$3/(O85-P85),0) -> 0.92307692 | BC85: =HT85 -> 30 | BD85: =HU85 -> 17 | BE85: =HV85 -> 26 | BF85: =HW85 -> 0 | BG85: =HX85 -> 0 | BH85: =HY85 -> 29 | BI85: =HZ85 -> 30 | BJ85: =IA85 -> 26 | ... CG85: =IX85 -> 0 | CH85: =SUM(BC85:CG85) -> 271 | CI85: =IFERROR(CH85/$CK$3/(O85-P85),0) -> 20.846154 | GM85: Data | GN85: =F85 -> SUK01-FMCG01-SPO-01 | GO85: 1 | GP85: 1 | GQ85: 1 | GR85: 0 | GS85: 1 | GT85: 1 | GU85: 1 | GV85: 1 | GW85: 1 | GX85: 1 | GY85: 0 | GZ85: 1 | HA85: 1 | HB85: 1 | HT85: 30 | HU85: 17 | HV85: 26 | HW85: 0 | HX85: 0 | HY85: 29 | HZ85: 30 | IA85: 26 | IB85: 13 | IC85: 53 | ID85: 0 | IE85: 36 | IF85: 11 | IG85: 0
A86: SPO | B86: DO Team | C86: South-C | D86: SUKKUR-1 | E86: SUK-02 | F86: SUK01-FMCG01-SPO-02 | G86: 0118002 | H86: ASIF AHMED SIIDDIQUI (SUK-02) | I86: ASIF AHMED SIIDDIQUI (SUK-02) | J86: SUKKUR | K86: SD+STREET | L86: G1091 | M86: PRIME-HR | N86: 44757 | O86: 1 | P86: 0 | Q86: =IFERROR(IF(OR(AI86>0),1,0),0) -> 1 | R86: =IFERROR(IF(OR(BA86>0),1,0),0) -> 1 | S86: =IFERROR(IF(OR(BP86>0),1,0),0) -> 0 | T86: =IFERROR(IF(OR(CH86>0),1,0),0) -> 1 | U86: =IFERROR(IF(OR(BA86>0,CH86>0),1,0),0) -> 1 | V86: =GO86 -> 1 | W86: =GP86 -> 1 | X86: =GQ86 -> 1 | Y86: =GR86 -> 0 | Z86: =GS86 -> 1 | AA86: =GT86 -> 1 | AB86: =GU86 -> 1 | AC86: =GV86 -> 1 | ... AZ86: =HS86 -> 0 | BA86: =SUM(V86:AZ86) -> 12 | BB86: =IFERROR(BA86/$CK$3/(O86-P86),0) -> 0.92307692 | BC86: =HT86 -> 52 | BD86: =HU86 -> 22 | BE86: =HV86 -> 38 | BF86: =HW86 -> 0 | BG86: =HX86 -> 53 | BH86: =HY86 -> 8 | BI86: =HZ86 -> 0 | BJ86: =IA86 -> 26 | ... CG86: =IX86 -> 0 | CH86: =SUM(BC86:CG86) -> 320 | CI86: =IFERROR(CH86/$CK$3/(O86-P86),0) -> 24.615385 | GM86: Data | GN86: =F86 -> SUK01-FMCG01-SPO-02 | GO86: 1 | GP86: 1 | GQ86: 1 | GR86: 0 | GS86: 1 | GT86: 1 | GU86: 1 | GV86: 1 | GW86: 1 | GX86: 1 | GY86: 0 | GZ86: 1 | HA86: 1 | HB86: 1 | HT86: 52 | HU86: 22 | HV86: 38 | HW86: 0 | HX86: 53 | HY86: 8 | HZ86: 0 | IA86: 26 | IB86: 42 | IC86: 18 | ID86: 0 | IE86: 53 | IF86: 8 | IG86: 0
A87: SPO | B87: Touch Team | C87: South-C | D87: SUKKUR-1 | E87: T-SUK-01 | F87: SUK01-FMCG02-SPO-01 | G87: 0118001 | H87: M. SULEMAN (T-SUK-01) | I87: M. SULEMAN (T-SUK-01) | J87: SUKKUR | K87: SD+STREET | L87: G1573 | M87: PRIME-HR | N87: 45573 | O87: 1 | P87: 0 | Q87: =IFERROR(IF(OR(AI87>0),1,0),0) -> 1 | R87: =IFERROR(IF(OR(BA87>0),1,0),0) -> 1 | S87: =IFERROR(IF(OR(BP87>0),1,0),0) -> 0 | T87: =IFERROR(IF(OR(CH87>0),1,0),0) -> 1 | U87: =IFERROR(IF(OR(BA87>0,CH87>0),1,0),0) -> 1 | V87: =GO87 -> 1 | W87: =GP87 -> 1 | X87: =GQ87 -> 1 | Y87: =GR87 -> 0 | Z87: =GS87 -> 1 | AA87: =GT87 -> 1 | AB87: =GU87 -> 1 | AC87: =GV87 -> 1 | ... AZ87: =HS87 -> 0 | BA87: =SUM(V87:AZ87) -> 12 | BB87: =IFERROR(BA87/$CK$3/(O87-P87),0) -> 0.92307692 | BC87: =HT87 -> 13 | BD87: =HU87 -> 28 | BE87: =HV87 -> 25 | BF87: =HW87 -> 0 | BG87: =HX87 -> 25 | BH87: =HY87 -> 28 | BI87: =HZ87 -> 21 | BJ87: =IA87 -> 18 | ... CG87: =IX87 -> 0 | CH87: =SUM(BC87:CG87) -> 278 | CI87: =IFERROR(CH87/$CK$3/(O87-P87),0) -> 21.384615 | GM87: Data | GN87: =F87 -> SUK01-FMCG02-SPO-01 | GO87: 1 | GP87: 1 | GQ87: 1 | GR87: 0 | GS87: 1 | GT87: 1 | GU87: 1 | GV87: 1 | GW87: 1 | GX87: 1 | GY87: 0 | GZ87: 1 | HA87: 1 | HB87: 1 | HT87: 13 | HU87: 28 | HV87: 25 | HW87: 0 | HX87: 25 | HY87: 28 | HZ87: 21 | IA87: 18 | IB87: 12 | IC87: 35 | ID87: 0 | IE87: 38 | IF87: 35 | IG87: 0
A88: SPO | B88: Touch Team | C88: South-C | D88: SUKKUR-1 | E88: T-SUK-02 | F88: SUK01-FMCG02-SPO-02 | G88: 0121002 | H88: AMJAD ALI (T-SUK-02) | I88: AMJAD ALI (T-SUK-02) | J88: SUKKUR | K88: SD+STREET | L88: G1182 | M88: PRIME-HR | N88: 44958 | O88: 1 | P88: 0 | Q88: =IFERROR(IF(OR(AI88>0),1,0),0) -> 1 | R88: =IFERROR(IF(OR(BA88>0),1,0),0) -> 1 | S88: =IFERROR(IF(OR(BP88>0),1,0),0) -> 0 | T88: =IFERROR(IF(OR(CH88>0),1,0),0) -> 1 | U88: =IFERROR(IF(OR(BA88>0,CH88>0),1,0),0) -> 1 | V88: =GO88 -> 1 | W88: =GP88 -> 1 | X88: =GQ88 -> 1 | Y88: =GR88 -> 0 | Z88: =GS88 -> 1 | AA88: =GT88 -> 1 | AB88: =GU88 -> 1 | AC88: =GV88 -> 1 | ... AZ88: =HS88 -> 0 | BA88: =SUM(V88:AZ88) -> 12 | BB88: =IFERROR(BA88/$CK$3/(O88-P88),0) -> 0.92307692 | BC88: =HT88 -> 15 | BD88: =HU88 -> 19 | BE88: =HV88 -> 18 | BF88: =HW88 -> 0 | BG88: =HX88 -> 38 | BH88: =HY88 -> 26 | BI88: =HZ88 -> 24 | BJ88: =IA88 -> 20 | ... CG88: =IX88 -> 0 | CH88: =SUM(BC88:CG88) -> 256 | CI88: =IFERROR(CH88/$CK$3/(O88-P88),0) -> 19.692308 | GM88: Data | GN88: =F88 -> SUK01-FMCG02-SPO-02 | GO88: 1 | GP88: 1 | GQ88: 1 | GR88: 0 | GS88: 1 | GT88: 1 | GU88: 1 | GV88: 1 | GW88: 1 | GX88: 1 | GY88: 0 | GZ88: 1 | HA88: 1 | HB88: 1 | HT88: 15 | HU88: 19 | HV88: 18 | HW88: 0 | HX88: 38 | HY88: 26 | HZ88: 24 | IA88: 20 | IB88: 21 | IC88: 29 | ID88: 0 | IE88: 20 | IF88: 26 | IG88: 0
A89: SPO | B89: Touch Team | C89: South-C | D89: SUKKUR-1 | E89: B-SUK-01 | F89: SUK01-FMCG03-SPO-01 | G89: 0121006 | H89: Gul Zaib Khan (B-SUK-01) | I89: VACANT B SUK 1 (B-SUK-01) | J89: SUKKUR | K89: SD+STREET | L89: G1937 | M89: PRIME-HR | N89: 46241 | O89: 1 | P89: 0 | Q89: =IFERROR(IF(OR(AI89>0),1,0),0) -> 0 | R89: =IFERROR(IF(OR(BA89>0),1,0),0) -> 1 | S89: =IFERROR(IF(OR(BP89>0),1,0),0) -> 0 | T89: =IFERROR(IF(OR(CH89>0),1,0),0) -> 1 | U89: =IFERROR(IF(OR(BA89>0,CH89>0),1,0),0) -> 1 | V89: =GO89 -> 1 | W89: =GP89 -> 0 | X89: =GQ89 -> 0 | Y89: =GR89 -> 0 | Z89: =GS89 -> 0 | AA89: =GT89 -> 0 | AB89: =GU89 -> 0 | AC89: =GV89 -> 0 | ... AZ89: =HS89 -> 0 | BA89: =SUM(V89:AZ89) -> 1 | BB89: =IFERROR(BA89/$CK$3/(O89-P89),0) -> 0.076923077 | BC89: =HT89 -> 3 | BD89: =HU89 -> 0 | BE89: =HV89 -> 0 | BF89: =HW89 -> 0 | BG89: =HX89 -> 0 | BH89: =HY89 -> 0 | BI89: =HZ89 -> 0 | BJ89: =IA89 -> 0 | ... CG89: =IX89 -> 0 | CH89: =SUM(BC89:CG89) -> 3 | CI89: =IFERROR(CH89/$CK$3/(O89-P89),0) -> 0.23076923 | GM89: Data | GN89: =F89 -> SUK01-FMCG03-SPO-01 | GO89: 1 | GP89: 0 | GQ89: 0 | GR89: 0 | GS89: 0 | GT89: 0 | GU89: 0 | GV89: 0 | GW89: 0 | GX89: 0 | GY89: 0 | GZ89: 0 | HA89: 0 | HB89: 0 | HT89: 3 | HU89: 0 | HV89: 0 | HW89: 0 | HX89: 0 | HY89: 0 | HZ89: 0 | IA89: 0 | IB89: 0 | IC89: 0 | ID89: 0 | IE89: 0 | IF89: 0 | IG89: 0
A90: SPO Unmap | B90: DO+Touch Team | C90: South-C | D90: SUKKUR-1 | E90: Others | F90: SUK01-FMCG-SPO-00 | G90: 0118006 | H90: FMCG UNMAPPED (SUK01) | I90: FMCG UNMAPPED (SUK01) | J90: SUKKUR | K90: UN-DEFINED | L90: UN-DEFINED | M90: UN-DEFINED | N90: 45474 | O90: 0 | P90: 0 | Q90: =IFERROR(IF(OR(AI90>0),1,0),0) -> 0 | R90: =IFERROR(IF(OR(BA90>0),1,0),0) -> 0 | S90: =IFERROR(IF(OR(BP90>0),1,0),0) -> 0 | T90: =IFERROR(IF(OR(CH90>0),1,0),0) -> 0 | U90: =IFERROR(IF(OR(BA90>0,CH90>0),1,0),0) -> 0 | V90: =GO90 -> 0 | W90: =GP90 -> 0 | X90: =GQ90 -> 0 | Y90: =GR90 -> 0 | Z90: =GS90 -> 0 | AA90: =GT90 -> 0 | AB90: =GU90 -> 0 | AC90: =GV90 -> 0 | ... AZ90: =HS90 -> 0 | BA90: =SUM(V90:AZ90) -> 0 | BB90: =IFERROR(BA90/$CK$3/(O90-P90),0) -> 0 | BC90: =HT90 -> 0 | BD90: =HU90 -> 0 | BE90: =HV90 -> 0 | BF90: =HW90 -> 0 | BG90: =HX90 -> 0 | BH90: =HY90 -> 0 | BI90: =HZ90 -> 0 | BJ90: =IA90 -> 0 | ... CG90: =IX90 -> 0 | CH90: =SUM(BC90:CG90) -> 0 | CI90: =IFERROR(CH90/$CK$3/(O90-P90),0) -> 0 | GM90: Data | GN90: =F90 -> SUK01-FMCG-SPO-00 | GO90: 0 | GP90: 0 | GQ90: 0 | GR90: 0 | GS90: 0 | GT90: 0 | GU90: 0 | GV90: 0 | GW90: 0 | GX90: 0 | GY90: 0 | GZ90: 0 | HA90: 0 | HB90: 0 | HT90: 0 | HU90: 0 | HV90: 0 | HW90: 0 | HX90: 0 | HY90: 0 | HZ90: 0 | IA90: 0 | IB90: 0 | IC90: 0 | ID90: 0 | IE90: 0 | IF90: 0 | IG90: 0
A91: ASM Unmap | B91: DO+Touch Team | C91: South-C | D91: SUKKUR-1 | E91: STH-SUK-1-DIR-PHR | F91: SUK01-FMCG-ASM-01 | G91: 01210 | H91: KASHIF ANSARI | I91: KASHIF ANSARI | J91: SUKKUR | K91: SD+STREET | L91: G1613 | M91: PRIME-HR | N91: 45709 | O91: 0 | P91: 0 | Q91: =IFERROR(IF(OR(AI91>0),1,0),0) -> 0 | R91: =IFERROR(IF(OR(BA91>0),1,0),0) -> 0 | S91: =IFERROR(IF(OR(BP91>0),1,0),0) -> 0 | T91: =IFERROR(IF(OR(CH91>0),1,0),0) -> 0 | U91: =IFERROR(IF(OR(BA91>0,CH91>0),1,0),0) -> 0 | V91: =GO91 -> 0 | W91: =GP91 -> 0 | X91: =GQ91 -> 0 | Y91: =GR91 -> 0 | Z91: =GS91 -> 0 | AA91: =GT91 -> 0 | AB91: =GU91 -> 0 | AC91: =GV91 -> 0 | ... AZ91: =HS91 -> 0 | BA91: =SUM(V91:AZ91) -> 0 | BB91: =IFERROR(BA91/$CK$3/(O91-P91),0) -> 0 | BC91: =HT91 -> 0 | BD91: =HU91 -> 0 | BE91: =HV91 -> 0 | BF91: =HW91 -> 0 | BG91: =HX91 -> 0 | BH91: =HY91 -> 0 | BI91: =HZ91 -> 0 | BJ91: =IA91 -> 0 | ... CG91: =IX91 -> 0 | CH91: =SUM(BC91:CG91) -> 0 | CI91: =IFERROR(CH91/$CK$3/(O91-P91),0) -> 0 | GM91: Data | GN91: =F91 -> SUK01-FMCG-ASM-01 | GO91: 0 | GP91: 0 | GQ91: 0 | GR91: 0 | GS91: 0 | GT91: 0 | GU91: 0 | GV91: 0 | GW91: 0 | GX91: 0 | GY91: 0 | GZ91: 0 | HA91: 0 | HB91: 0 | HT91: 0 | HU91: 0 | HV91: 0 | HW91: 0 | HX91: 0 | HY91: 0 | HZ91: 0 | IA91: 0 | IB91: 0 | IC91: 0 | ID91: 0 | IE91: 0 | IF91: 0 | IG91: 0
A92: ASM | B92: DO+Touch Team | C92: South-C | D92: SUKKUR-1 | E92: STH-SUK-1-DIR-PHR | F92: SUK01-FMCG-ASM-01 | G92: 01210 | H92: KASHIF ANSARI | I92: KASHIF ANSARI | J92: SUKKUR | K92: SD+STREET | L92: G1613 | M92: PRIME-HR | N92: 45709 | O92: =O89+O88+O87+O86+O85 -> 5 | P92: =P89+P88+P87+P86+P85 -> 0 | Q92: =Q89+Q88+Q87+Q86+Q85 -> 4 | R92: =R89+R88+R87+R86+R85 -> 5 | S92: =S89+S88+S87+S86+S85 -> 0 | T92: =T89+T88+T87+T86+T85 -> 5 | U92: =U89+U88+U87+U86+U85 -> 5 | V92: =V89+V88+V87+V86+V85 -> 5 | ... AZ92: =AZ89+AZ88+AZ87+AZ86+AZ85 -> 0 | BA92: =SUM(V92:AZ92) -> 49 | BB92: =IFERROR(BA92/$CK$3/(O92-P92),0) -> 0.75384615 | BC92: =BC89+BC88+BC87+BC86+BC85 -> 113 | BD92: =BD89+BD88+BD87+BD86+BD85 -> 86 | BE92: =BE89+BE88+BE87+BE86+BE85 -> 107 | BF92: =BF89+BF88+BF87+BF86+BF85 -> 0 | BG92: =BG89+BG88+BG87+BG86+BG85 -> 116 | BH92: =BH89+BH88+BH87+BH86+BH85 -> 91 | BI92: =BI89+BI88+BI87+BI86+BI85 -> 75 | BJ92: =BJ89+BJ88+BJ87+BJ86+BJ85 -> 90 | ... CG92: =CG89+CG88+CG87+CG86+CG85 -> 0 | CH92: =SUM(BC92:CG92) -> 1128 | CI92: =IFERROR(CH92/$CK$3/(O92-P92),0) -> 17.353846 | GM92: Formula | GN92: =F92 -> SUK01-FMCG-ASM-01 | GO92: 0 | GP92: 0 | GQ92: 0 | GR92: 0 | GS92: 0 | GT92: 0 | GU92: 0 | GV92: 0 | GW92: 0 | GX92: 0 | GY92: 0 | GZ92: 0 | HA92: 0 | HB92: 0 | HT92: 0 | HU92: 0 | HV92: 0 | HW92: 0 | HX92: 0 | HY92: 0 | HZ92: 0 | IA92: 0 | IB92: 0 | IC92: 0 | ID92: 0 | IE92: 0 | IF92: 0 | IG92: 0
A93: SPO | B93: DO Team | C93: South-C | D93: LARKANA-1 | E93: LRK-01 | F93: LRK01-FMCG01-SPO-01 | G93: 0118003 | H93: WAQAR AHMED (LRK-01) | I93: ABDUL HAMEED (LRK-01) | J93: LARKANA | K93: SD+STREET | L93: G1943 | M93: PRIME-HR | N93: 46252 | O93: 1 | P93: 0 | Q93: =IFERROR(IF(OR(AI93>0),1,0),0) -> 1 | R93: =IFERROR(IF(OR(BA93>0),1,0),0) -> 1 | S93: =IFERROR(IF(OR(BP93>0),1,0),0) -> 0 | T93: =IFERROR(IF(OR(CH93>0),1,0),0) -> 1 | U93: =IFERROR(IF(OR(BA93>0,CH93>0),1,0),0) -> 1 | V93: =GO93 -> 1 | W93: =GP93 -> 0 | X93: =GQ93 -> 1 | Y93: =GR93 -> 1 | Z93: =GS93 -> 1 | AA93: =GT93 -> 0 | AB93: =GU93 -> 1 | AC93: =GV93 -> 1 | ... AZ93: =HS93 -> 0 | BA93: =SUM(V93:AZ93) -> 10 | BB93: =IFERROR(BA93/$CK$3/(O93-P93),0) -> 0.76923077 | BC93: =HT93 -> 16 | BD93: =HU93 -> 0 | BE93: =HV93 -> 3 | BF93: =HW93 -> 10 | BG93: =HX93 -> 0 | BH93: =HY93 -> 0 | BI93: =HZ93 -> 26 | BJ93: =IA93 -> 34 | ... CG93: =IX93 -> 0 | CH93: =SUM(BC93:CG93) -> 146 | CI93: =IFERROR(CH93/$CK$3/(O93-P93),0) -> 11.230769 | GM93: Data | GN93: =F93 -> LRK01-FMCG01-SPO-01 | GO93: 1 | GP93: 0 | GQ93: 1 | GR93: 1 | GS93: 1 | GT93: 0 | GU93: 1 | GV93: 1 | GW93: 0 | GX93: 1 | GY93: 1 | GZ93: 1 | HA93: 0 | HB93: 1 | HT93: 16 | HU93: 0 | HV93: 3 | HW93: 10 | HX93: 0 | HY93: 0 | HZ93: 26 | IA93: 34 | IB93: 0 | IC93: 23 | ID93: 23 | IE93: 11 | IF93: 0 | IG93: 0
A94: SPO | B94: DO Team | C94: South-C | D94: LARKANA-1 | E94: LRK-02 | F94: LRK01-FMCG01-SPO-02 | G94: 0118004 | H94: HAIBAT ALI (LRK-02) | I94: HAIBAT ALI (LRK-02) | J94: JACOBABAD | K94: SD+STREET | L94: G0702 | M94: PRIME-HR | N94: 43589 | O94: 1 | P94: 0 | Q94: =IFERROR(IF(OR(AI94>0),1,0),0) -> 1 | R94: =IFERROR(IF(OR(BA94>0),1,0),0) -> 1 | S94: =IFERROR(IF(OR(BP94>0),1,0),0) -> 0 | T94: =IFERROR(IF(OR(CH94>0),1,0),0) -> 1 | U94: =IFERROR(IF(OR(BA94>0,CH94>0),1,0),0) -> 1 | V94: =GO94 -> 1 | W94: =GP94 -> 0 | X94: =GQ94 -> 1 | Y94: =GR94 -> 1 | Z94: =GS94 -> 1 | AA94: =GT94 -> 1 | AB94: =GU94 -> 1 | AC94: =GV94 -> 1 | ... AZ94: =HS94 -> 0 | BA94: =SUM(V94:AZ94) -> 12 | BB94: =IFERROR(BA94/$CK$3/(O94-P94),0) -> 0.92307692 | BC94: =HT94 -> 0 | BD94: =HU94 -> 0 | BE94: =HV94 -> 29 | BF94: =HW94 -> 19 | BG94: =HX94 -> 35 | BH94: =HY94 -> 27 | BI94: =HZ94 -> 21 | BJ94: =IA94 -> 0 | ... CG94: =IX94 -> 0 | CH94: =SUM(BC94:CG94) -> 223 | CI94: =IFERROR(CH94/$CK$3/(O94-P94),0) -> 17.153846 | GM94: Data | GN94: =F94 -> LRK01-FMCG01-SPO-02 | GO94: 1 | GP94: 0 | GQ94: 1 | GR94: 1 | GS94: 1 | GT94: 1 | GU94: 1 | GV94: 1 | GW94: 0 | GX94: 1 | GY94: 1 | GZ94: 1 | HA94: 1 | HB94: 1 | HT94: 0 | HU94: 0 | HV94: 29 | HW94: 19 | HX94: 35 | HY94: 27 | HZ94: 21 | IA94: 0 | IB94: 0 | IC94: 22 | ID94: 12 | IE94: 31 | IF94: 27 | IG94: 0
A95: SPO | B95: Touch Team | C95: South-C | D95: LARKANA-1 | E95: T-LRK-01 | F95: LRK01-FMCG02-SPO-01 | G95: 0121004 | H95: FAWAD MEHMOOD (T-LRK-01) | I95: SHAHZEB (T-LRK-01) | J95: LARKANA | K95: SD+STREET | L95: G1944 | M95: PRIME-HR | N95: 46252 | O95: 1 | P95: 0 | Q95: =IFERROR(IF(OR(AI95>0),1,0),0) -> 1 | R95: =IFERROR(IF(OR(BA95>0),1,0),0) -> 1 | S95: =IFERROR(IF(OR(BP95>0),1,0),0) -> 0 | T95: =IFERROR(IF(OR(CH95>0),1,0),0) -> 1 | U95: =IFERROR(IF(OR(BA95>0,CH95>0),1,0),0) -> 1 | V95: =GO95 -> 1 | W95: =GP95 -> 0 | X95: =GQ95 -> 0 | Y95: =GR95 -> 1 | Z95: =GS95 -> 1 | AA95: =GT95 -> 1 | AB95: =GU95 -> 1 | AC95: =GV95 -> 1 | ... AZ95: =HS95 -> 0 | BA95: =SUM(V95:AZ95) -> 7 | BB95: =IFERROR(BA95/$CK$3/(O95-P95),0) -> 0.53846154 | BC95: =HT95 -> 23 | BD95: =HU95 -> 0 | BE95: =HV95 -> 24 | BF95: =HW95 -> 0 | BG95: =HX95 -> 22 | BH95: =HY95 -> 0 | BI95: =HZ95 -> 22 | BJ95: =IA95 -> 9 | ... CG95: =IX95 -> 0 | CH95: =SUM(BC95:CG95) -> 100 | CI95: =IFERROR(CH95/$CK$3/(O95-P95),0) -> 7.6923077 | GM95: Data | GN95: =F95 -> LRK01-FMCG02-SPO-01 | GO95: 1 | GP95: 0 | GQ95: 0 | GR95: 1 | GS95: 1 | GT95: 1 | GU95: 1 | GV95: 1 | GW95: 0 | GX95: 0 | GY95: 0 | GZ95: 0 | HA95: 0 | HB95: 1 | HT95: 23 | HU95: 0 | HV95: 24 | HW95: 0 | HX95: 22 | HY95: 0 | HZ95: 22 | IA95: 9 | IB95: 0 | IC95: 0 | ID95: 0 | IE95: 0 | IF95: 0 | IG95: 0
A96: SPO | B96: Touch Team | C96: South-C | D96: LARKANA-1 | E96: T-LRK-02 | F96: LRK01-FMCG02-SPO-02 | G96: 0121005 | H96: NADEEM (T-LRK-02) | I96: NADEEM (T-LRK-02) | J96: LARKANA | K96: SD+STREET | L96: G1484 | M96: PRIME-HR | N96: 45481 | O96: 1 | P96: 0 | Q96: =IFERROR(IF(OR(AI96>0),1,0),0) -> 1 | R96: =IFERROR(IF(OR(BA96>0),1,0),0) -> 1 | S96: =IFERROR(IF(OR(BP96>0),1,0),0) -> 0 | T96: =IFERROR(IF(OR(CH96>0),1,0),0) -> 1 | U96: =IFERROR(IF(OR(BA96>0,CH96>0),1,0),0) -> 1 | V96: =GO96 -> 1 | W96: =GP96 -> 0 | X96: =GQ96 -> 1 | Y96: =GR96 -> 1 | Z96: =GS96 -> 1 | AA96: =GT96 -> 1 | AB96: =GU96 -> 1 | AC96: =GV96 -> 1 | ... AZ96: =HS96 -> 0 | BA96: =SUM(V96:AZ96) -> 11 | BB96: =IFERROR(BA96/$CK$3/(O96-P96),0) -> 0.84615385 | BC96: =HT96 -> 0 | BD96: =HU96 -> 0 | BE96: =HV96 -> 24 | BF96: =HW96 -> 21 | BG96: =HX96 -> 14 | BH96: =HY96 -> 18 | BI96: =HZ96 -> 21 | BJ96: =IA96 -> 22 | ... CG96: =IX96 -> 0 | CH96: =SUM(BC96:CG96) -> 234 | CI96: =IFERROR(CH96/$CK$3/(O96-P96),0) -> 18 | GM96: Data | GN96: =F96 -> LRK01-FMCG02-SPO-02 | GO96: 1 | GP96: 0 | GQ96: 1 | GR96: 1 | GS96: 1 | GT96: 1 | GU96: 1 | GV96: 1 | GW96: 0 | GX96: 1 | GY96: 1 | GZ96: 1 | HA96: 0 | HB96: 1 | HT96: 0 | HU96: 0 | HV96: 24 | HW96: 21 | HX96: 14 | HY96: 18 | HZ96: 21 | IA96: 22 | IB96: 0 | IC96: 39 | ID96: 34 | IE96: 28 | IF96: 13 | IG96: 0
A97: SPO | B97: DO+Touch Team | C97: South-C | D97: LARKANA-1 | E97: B-LRK-01 | F97: LRK01-FMCG03-SPO-01 | G97: 0118008 | H97: SHAHZEB (B-LRK-01) | I97: FAWAD MEHMOOD (B-LRK-01) | J97: LARKANA | K97: SD+STREET | L97: G1856 | M97: PRIME-HR | N97: 46144 | O97: 1 | P97: 0 | Q97: =IFERROR(IF(OR(AI97>0),1,0),0) -> 0 | R97: =IFERROR(IF(OR(BA97>0),1,0),0) -> 1 | S97: =IFERROR(IF(OR(BP97>0),1,0),0) -> 0 | T97: =IFERROR(IF(OR(CH97>0),1,0),0) -> 1 | U97: =IFERROR(IF(OR(BA97>0,CH97>0),1,0),0) -> 1 | V97: =GO97 -> 1 | W97: =GP97 -> 0 | X97: =GQ97 -> 1 | Y97: =GR97 -> 1 | Z97: =GS97 -> 1 | AA97: =GT97 -> 1 | AB97: =GU97 -> 1 | AC97: =GV97 -> 1 | ... AZ97: =HS97 -> 0 | BA97: =SUM(V97:AZ97) -> 11 | BB97: =IFERROR(BA97/$CK$3/(O97-P97),0) -> 0.84615385 | BC97: =HT97 -> 27 | BD97: =HU97 -> 0 | BE97: =HV97 -> 15 | BF97: =HW97 -> 32 | BG97: =HX97 -> 0 | BH97: =HY97 -> 0 | BI97: =HZ97 -> 11 | BJ97: =IA97 -> 0 | ... CG97: =IX97 -> 0 | CH97: =SUM(BC97:CG97) -> 151 | CI97: =IFERROR(CH97/$CK$3/(O97-P97),0) -> 11.615385 | GM97: Data | GN97: =F97 -> LRK01-FMCG03-SPO-01 | GO97: 1 | GP97: 0 | GQ97: 1 | GR97: 1 | GS97: 1 | GT97: 1 | GU97: 1 | GV97: 1 | GW97: 0 | GX97: 1 | GY97: 1 | GZ97: 1 | HA97: 1 | HB97: 0 | HT97: 27 | HU97: 0 | HV97: 15 | HW97: 32 | HX97: 0 | HY97: 0 | HZ97: 11 | IA97: 0 | IB97: 0 | IC97: 11 | ID97: 21 | IE97: 22 | IF97: 12 | IG97: 0
A98: SPO Unmap | B98: Touch Team | C98: South-C | D98: LARKANA-1 | E98: Others | F98: LRK01-FMCG-SPO-00 | G98: 0121003 | H98: FMCG UNMAPPED (LRK01) | I98: FMCG UNMAPPED (LRK01) | J98: LARKANA | K98: UN-DEFINED | L98: UN-DEFINED | M98: UN-DEFINED | N98: 45474 | O98: 0 | P98: 0 | Q98: =IFERROR(IF(OR(AI98>0),1,0),0) -> 0 | R98: =IFERROR(IF(OR(BA98>0),1,0),0) -> 0 | S98: =IFERROR(IF(OR(BP98>0),1,0),0) -> 0 | T98: =IFERROR(IF(OR(CH98>0),1,0),0) -> 0 | U98: =IFERROR(IF(OR(BA98>0,CH98>0),1,0),0) -> 0 | V98: =GO98 -> 0 | W98: =GP98 -> 0 | X98: =GQ98 -> 0 | Y98: =GR98 -> 0 | Z98: =GS98 -> 0 | AA98: =GT98 -> 0 | AB98: =GU98 -> 0 | AC98: =GV98 -> 0 | ... AZ98: =HS98 -> 0 | BA98: =SUM(V98:AZ98) -> 0 | BB98: =IFERROR(BA98/$CK$3/(O98-P98),0) -> 0 | BC98: =HT98 -> 0 | BD98: =HU98 -> 0 | BE98: =HV98 -> 0 | BF98: =HW98 -> 0 | BG98: =HX98 -> 0 | BH98: =HY98 -> 0 | BI98: =HZ98 -> 0 | BJ98: =IA98 -> 0 | ... CG98: =IX98 -> 0 | CH98: =SUM(BC98:CG98) -> 0 | CI98: =IFERROR(CH98/$CK$3/(O98-P98),0) -> 0 | GM98: Data | GN98: =F98 -> LRK01-FMCG-SPO-00 | GO98: 0 | GP98: 0 | GQ98: 0 | GR98: 0 | GS98: 0 | GT98: 0 | GU98: 0 | GV98: 0 | GW98: 0 | GX98: 0 | GY98: 0 | GZ98: 0 | HA98: 0 | HB98: 0 | HT98: 0 | HU98: 0 | HV98: 0 | HW98: 0 | HX98: 0 | HY98: 0 | HZ98: 0 | IA98: 0 | IB98: 0 | IC98: 0 | ID98: 0 | IE98: 0 | IF98: 0 | IG98: 0
A99: ASM Unmap | B99: DO+Touch Team | C99: South-C | D99: LARKANA-1 | E99: STH-LRK-1-DIR-PHR | F99: LRK01-FMCG-ASM-01 | G99: 01180 | H99: IMRAN KHAN SOOMRO | I99: IMRAN KHAN SOOMRO | J99: LARKANA | K99: SD+STREET | L99: E-01707 | M99: GSM-PR | N99: 45139 | O99: 0 | P99: 0 | Q99: =IFERROR(IF(OR(AI99>0),1,0),0) -> 0 | R99: =IFERROR(IF(OR(BA99>0),1,0),0) -> 0 | S99: =IFERROR(IF(OR(BP99>0),1,0),0) -> 0 | T99: =IFERROR(IF(OR(CH99>0),1,0),0) -> 0 | U99: =IFERROR(IF(OR(BA99>0,CH99>0),1,0),0) -> 0 | V99: =GO99 -> 0 | W99: =GP99 -> 0 | X99: =GQ99 -> 0 | Y99: =GR99 -> 0 | Z99: =GS99 -> 0 | AA99: =GT99 -> 0 | AB99: =GU99 -> 0 | AC99: =GV99 -> 0 | ... AZ99: =HS99 -> 0 | BA99: =SUM(V99:AZ99) -> 0 | BB99: =IFERROR(BA99/$CK$3/(O99-P99),0) -> 0 | BC99: =HT99 -> 0 | BD99: =HU99 -> 0 | BE99: =HV99 -> 0 | BF99: =HW99 -> 0 | BG99: =HX99 -> 0 | BH99: =HY99 -> 0 | BI99: =HZ99 -> 0 | BJ99: =IA99 -> 0 | ... CG99: =IX99 -> 0 | CH99: =SUM(BC99:CG99) -> 0 | CI99: =IFERROR(CH99/$CK$3/(O99-P99),0) -> 0 | GM99: Data | GN99: =F99 -> LRK01-FMCG-ASM-01 | GO99: 0 | GP99: 0 | GQ99: 0 | GR99: 0 | GS99: 0 | GT99: 0 | GU99: 0 | GV99: 0 | GW99: 0 | GX99: 0 | GY99: 0 | GZ99: 0 | HA99: 0 | HB99: 0 | HT99: 0 | HU99: 0 | HV99: 0 | HW99: 0 | HX99: 0 | HY99: 0 | HZ99: 0 | IA99: 0 | IB99: 0 | IC99: 0 | ID99: 0 | IE99: 0 | IF99: 0 | IG99: 0
A100: ASM | B100: DO+Touch Team | C100: South-C | D100: LARKANA-1 | E100: STH-LRK-1-DIR-PHR | F100: LRK01-FMCG-ASM-01 | G100: 01180 | H100: IMRAN KHAN SOOMRO | I100: IMRAN KHAN SOOMRO | J100: LARKANA | K100: SD+STREET | L100: E-01707 | M100: GSM-PR | N100: 45139 | O100: =O98+O97+O96+O95+O94+O93 -> 5 | P100: =P98+P97+P96+P95+P94+P93 -> 0 | Q100: =Q98+Q97+Q96+Q95+Q94+Q93 -> 4 | R100: =R98+R97+R96+R95+R94+R93 -> 5 | S100: =S98+S97+S96+S95+S94+S93 -> 0 | T100: =T98+T97+T96+T95+T94+T93 -> 5 | U100: =U98+U97+U96+U95+U94+U93 -> 5 | V100: =V98+V97+V96+V95+V94+V93 -> 5 | ... AZ100: =AZ98+AZ97+AZ96+AZ95+AZ94+AZ93 -> 0 | BA100: =SUM(V100:AZ100) -> 51 | BB100: =IFERROR(BA100/$CK$3/(O100-P100),0) -> 0.78461538 | BC100: =BC98+BC97+BC96+BC95+BC94+BC93 -> 66 | BD100: =BD98+BD97+BD96+BD95+BD94+BD93 -> 0 | BE100: =BE98+BE97+BE96+BE95+BE94+BE93 -> 95 | BF100: =BF98+BF97+BF96+BF95+BF94+BF93 -> 82 | BG100: =BG98+BG97+BG96+BG95+BG94+BG93 -> 71 | BH100: =BH98+BH97+BH96+BH95+BH94+BH93 -> 45 | BI100: =BI98+BI97+BI96+BI95+BI94+BI93 -> 101 | BJ100: =BJ98+BJ97+BJ96+BJ95+BJ94+BJ93 -> 65 | ... CG100: =CG98+CG97+CG96+CG95+CG94+CG93 -> 0 | CH100: =SUM(BC100:CG100) -> 854 | CI100: =IFERROR(CH100/$CK$3/(O100-P100),0) -> 13.138462 | GM100: Formula | GN100: =F100 -> LRK01-FMCG-ASM-01 | GO100: 0 | GP100: 0 | GQ100: 0 | GR100: 0 | GS100: 0 | GT100: 0 | GU100: 0 | GV100: 0 | GW100: 0 | GX100: 0 | GY100: 0 | GZ100: 0 | HA100: 0 | HB100: 0 | HT100: 0 | HU100: 0 | HV100: 0 | HW100: 0 | HX100: 0 | HY100: 0 | HZ100: 0 | IA100: 0 | IB100: 0 | IC100: 0 | ID100: 0 | IE100: 0 | IF100: 0 | IG100: 0
...

Sheet Managment Print
A1: ='Master File FMCG Team'!A2 -> FMCG Team – IKON MTD Call Performance Summary Till 14-Oct-2026 | H1: Attendance | M1: Calls + Exception Other Calls | T1: Comments
H2: 46309 | M2: =H2 -> 46309
A3: ='Master File FMCG Team'!A3 -> Legend | B3: ='Master File FMCG Team'!C3 -> Zone | C3: ='Master File FMCG Team'!D3 -> Region | D3: F.F Name | E3: ='Master File FMCG Team'!O3 -> Reps | F3: ='Master File FMCG Team'!P3 -> # Of Vacant | G3: Not Used IKON Today | H3: # of Attn Yesterday | I3: Active SPOs Today | J3: # of Attn MTD | K3: Active SPOs MTD | L3: Averg P/Rep/Day | M3: # of Calls Yesterday | N3: # of Calls Today | O3: Active SPOs Today | P3: # of Calls MTD | Q3: Active SPOs MTD | R3: Averg P/Rep/Day | S3: Status Calls
A4: ='Master File FMCG Team'!A11 -> ASM | B4: ='Master File FMCG Team'!C11 -> South-A | C4: ='Master File FMCG Team'!D11 -> Karachi-1 | D4: ='Master File FMCG Team'!H11 -> M. WAQAR IQBAL | E4: ='Master File FMCG Team'!O11 -> 5 | F4: ='Master File FMCG Team'!P11 -> 0 | G4: =E4-I4-F4 -> 1 | H4: ='Master File FMCG Team'!AH11 -> 5 | I4: ='Master File FMCG Team'!AI11 -> 4 | J4: ='Master File FMCG Team'!BA11 -> 58 | K4: ='Master File FMCG Team'!R11 -> 5 | L4: ='Master File FMCG Team'!BB11 -> 0.89230769 | M4: ='Master File FMCG Team'!BO11 -> 167 | N4: ='Master File FMCG Team'!BP11 -> 0 | O4: ='Master File FMCG Team'!S11 -> 0 | P4: ='Master File FMCG Team'!CH11 -> 1241 | Q4: ='Master File FMCG Team'!T11 -> 5 | R4: ='Master File FMCG Team'!CI11 -> 19.092308 | S4: =IF(R4>=30,"🟢 Excellent",IF(R4>=15,"🟡 Needs Improvement","🔴 Critical")) -> 🟡 Needs Improvement | U4: =P4/E4/13 -> 19.092308 | V4: =U4-R4 -> 0
A5: ='Master File FMCG Team'!A19 -> ASM | B5: ='Master File FMCG Team'!C19 -> South-A | C5: ='Master File FMCG Team'!D19 -> Karachi-2 | D5: ='Master File FMCG Team'!H19 -> WAQAR ABDUL RASHEED | E5: ='Master File FMCG Team'!O19 -> 5 | F5: ='Master File FMCG Team'!P19 -> 0 | G5: =E5-I5-F5 -> 1 | H5: ='Master File FMCG Team'!AH19 -> 5 | I5: ='Master File FMCG Team'!AI19 -> 4 | J5: ='Master File FMCG Team'!BA19 -> 58 | K5: ='Master File FMCG Team'!R19 -> 5 | L5: ='Master File FMCG Team'!BB19 -> 0.89230769 | M5: ='Master File FMCG Team'!BO19 -> 168 | N5: ='Master File FMCG Team'!BP19 -> 0 | O5: ='Master File FMCG Team'!S19 -> 0 | P5: ='Master File FMCG Team'!CH19 -> 1701 | Q5: ='Master File FMCG Team'!T19 -> 5 | R5: ='Master File FMCG Team'!CI19 -> 26.169231 | S5: =IF(R5>=30,"🟢 Excellent",IF(R5>=15,"🟡 Needs Improvement","🔴 Critical")) -> 🟡 Needs Improvement
A6: ='Master File FMCG Team'!A28 -> ASM | B6: ='Master File FMCG Team'!C28 -> South-A | C6: ='Master File FMCG Team'!D28 -> Karachi-3 | D6: ='Master File FMCG Team'!H28 -> SABAHAT KHAN SOORI | E6: ='Master File FMCG Team'!O28 -> 6 | F6: ='Master File FMCG Team'!P28 -> 2 | G6: =E6-I6-F6 -> 0 | H6: ='Master File FMCG Team'!AH28 -> 4 | I6: ='Master File FMCG Team'!AI28 -> 4 | J6: ='Master File FMCG Team'!BA28 -> 48 | K6: ='Master File FMCG Team'!R28 -> 4 | L6: ='Master File FMCG Team'!BB28 -> 0.92307692 | M6: ='Master File FMCG Team'!BO28 -> 158 | N6: ='Master File FMCG Team'!BP28 -> 0 | O6: ='Master File FMCG Team'!S28 -> 0 | P6: ='Master File FMCG Team'!CH28 -> 1351 | Q6: ='Master File FMCG Team'!T28 -> 4 | R6: ='Master File FMCG Team'!CI28 -> 25.980769 | S6: =IF(R6>=30,"🟢 Excellent",IF(R6>=15,"🟡 Needs Improvement","🔴 Critical")) -> 🟡 Needs Improvement
A7: ='Master File FMCG Team'!A37 -> ASM | B7: ='Master File FMCG Team'!C37 -> South-A | C7: ='Master File FMCG Team'!D37 -> Karachi-4 | D7: ='Master File FMCG Team'!H37 -> M. DANISH | E7: ='Master File FMCG Team'!O37 -> 6 | F7: ='Master File FMCG Team'!P37 -> 0 | G7: =E7-I7-F7 -> 0 | H7: ='Master File FMCG Team'!AH37 -> 6 | I7: ='Master File FMCG Team'!AI37 -> 6 | J7: ='Master File FMCG Team'!BA37 -> 72 | K7: ='Master File FMCG Team'!R37 -> 6 | L7: ='Master File FMCG Team'!BB37 -> 0.92307692 | M7: ='Master File FMCG Team'!BO37 -> 184 | N7: ='Master File FMCG Team'!BP37 -> 0 | O7: ='Master File FMCG Team'!S37 -> 0 | P7: ='Master File FMCG Team'!CH37 -> 1707 | Q7: ='Master File FMCG Team'!T37 -> 6 | R7: ='Master File FMCG Team'!CI37 -> 21.884615 | S7: =IF(R7>=30,"🟢 Excellent",IF(R7>=15,"🟡 Needs Improvement","🔴 Critical")) -> 🟡 Needs Improvement
A8: ='Master File FMCG Team'!A45 -> ASM | B8: ='Master File FMCG Team'!C45 -> South-A | C8: ='Master File FMCG Team'!D45 -> KARACHI-5 | D8: ='Master File FMCG Team'!H45 -> SY. HASSAN IQBAL ZAIDI | E8: ='Master File FMCG Team'!O45 -> 5 | F8: ='Master File FMCG Team'!P45 -> 1 | G8: =E8-I8-F8 -> 0 | H8: ='Master File FMCG Team'!AH45 -> 4 | I8: ='Master File FMCG Team'!AI45 -> 4 | J8: ='Master File FMCG Team'!BA45 -> 39 | K8: ='Master File FMCG Team'!R45 -> 4 | L8: ='Master File FMCG Team'!BB45 -> 0.75 | M8: ='Master File FMCG Team'!BO45 -> 13 | N8: ='Master File FMCG Team'!BP45 -> 0 | O8: ='Master File FMCG Team'!S45 -> 0 | P8: ='Master File FMCG Team'!CH45 -> 155 | Q8: ='Master File FMCG Team'!T45 -> 3 | R8: ='Master File FMCG Team'!CI45 -> 2.9807692 | S8: =IF(R8>=30,"🟢 Excellent",IF(R8>=15,"🟡 Needs Improvement","🔴 Critical")) -> 🔴 Critical
A9: ='Master File FMCG Team'!A46 -> CM | B9: ='Master File FMCG Team'!C46 -> South-A | C9: ='Master File FMCG Team'!D46 -> Karachi-6 | D9: ='Master File FMCG Team'!H46 -> OWAIS ABID (CM-KHI-01) | E9: ='Master File FMCG Team'!O46 -> 1 | F9: ='Master File FMCG Team'!P46 -> 0 | G9: =E9-I9-F9 -> 1 | H9: ='Master File FMCG Team'!AH46 -> 0 | I9: ='Master File FMCG Team'!AI46 -> 0 | J9: ='Master File FMCG Team'!BA46 -> 0 | K9: ='Master File FMCG Team'!R46 -> 0 | L9: ='Master File FMCG Team'!BB46 -> 0 | M9: ='Master File FMCG Team'!BO46 -> 0 | N9: ='Master File FMCG Team'!BP46 -> 0 | O9: ='Master File FMCG Team'!S46 -> 0 | P9: ='Master File FMCG Team'!CH46 -> 0 | Q9: ='Master File FMCG Team'!T46 -> 0 | R9: ='Master File FMCG Team'!CI46 -> 0 | S9: =IF(R9>=30,"🟢 Excellent",IF(R9>=15,"🟡 Needs Improvement","🔴 Critical")) -> 🔴 Critical
A10: ='Master File FMCG Team'!A47 -> TE | B10: ='Master File FMCG Team'!C47 -> South-A | C10: ='Master File FMCG Team'!D47 -> Karachi-7 | D10: ='Master File FMCG Team'!H47 -> M. AMEEN (TE-KHI-01) | E10: ='Master File FMCG Team'!O47 -> 1 | F10: ='Master File FMCG Team'!P47 -> 0 | G10: =E10-I10-F10 -> 1 | H10: ='Master File FMCG Team'!AH47 -> 1 | I10: ='Master File FMCG Team'!AI47 -> 0 | J10: ='Master File FMCG Team'!BA47 -> 11 | K10: ='Master File FMCG Team'!R47 -> 1 | L10: ='Master File FMCG Team'!BB47 -> 0.84615385 | M10: ='Master File FMCG Team'!BO47 -> 0 | N10: ='Master File FMCG Team'!BP47 -> 0 | O10: ='Master File FMCG Team'!S47 -> 0 | P10: ='Master File FMCG Team'!CH47 -> 0 | Q10: ='Master File FMCG Team'!T47 -> 0 | R10: ='Master File FMCG Team'!CI47 -> 0 | S10: =IF(R10>=30,"🟢 Excellent",IF(R10>=15,"🟡 Needs Improvement","🔴 Critical")) -> 🔴 Critical
A11: ='Master File FMCG Team'!A49 -> RSM | B11: ='Master File FMCG Team'!C49 -> South-A | C11: ='Master File FMCG Team'!D49 -> STH-A Karachi | D11: ='Master File FMCG Team'!H49 -> Khawaja Ghulam Nabi | E11: ='Master File FMCG Team'!O49 -> 29 | F11: ='Master File FMCG Team'!P49 -> 3 | G11: =E11-I11-F11 -> 4 | H11: ='Master File FMCG Team'!AH49 -> 25 | I11: ='Master File FMCG Team'!AI49 -> 22 | J11: ='Master File FMCG Team'!BA49 -> 286 | K11: ='Master File FMCG Team'!R49 -> 25 | L11: ='Master File FMCG Team'!BB49 -> 0.84615385 | M11: ='Master File FMCG Team'!BO49 -> 690 | N11: ='Master File FMCG Team'!BP49 -> 0 | O11: ='Master File FMCG Team'!S49 -> 0 | P11: ='Master File FMCG Team'!CH49 -> 6155 | Q11: ='Master File FMCG Team'!T49 -> 23 | R11: ='Master File FMCG Team'!CI49 -> 18.210059 | S11: =IF(R11>=30,"🟢 Excellent",IF(R11>=15,"🟡 Needs Improvement","🔴 Critical")) -> 🟡 Needs Improvement
A12: ='Master File FMCG Team'!A58 -> ASM | B12: ='Master File FMCG Team'!C58 -> South-B | C12: ='Master File FMCG Team'!D58 -> Hyderabad-1 | D12: ='Master File FMCG Team'!H58 -> NADEEM FAROOQI | E12: ='Master File FMCG Team'!O58 -> 6 | F12: ='Master File FMCG Team'!P58 -> 1 | G12: =E12-I12-F12 -> 1 | H12: ='Master File FMCG Team'!AH58 -> 5 | I12: ='Master File FMCG Team'!AI58 -> 4 | J12: ='Master File FMCG Team'!BA58 -> 59 | K12: ='Master File FMCG Team'!R58 -> 5 | L12: ='Master File FMCG Team'!BB58 -> 0.90769231 | M12: ='Master File FMCG Team'!BO58 -> 147 | N12: ='Master File FMCG Team'!BP58 -> 12 | O12: ='Master File FMCG Team'!S58 -> 1 | P12: ='Master File FMCG Team'!CH58 -> 1514 | Q12: ='Master File FMCG Team'!T58 -> 5 | R12: ='Master File FMCG Team'!CI58 -> 23.292308 | S12: =IF(R12>=30,"🟢 Excellent",IF(R12>=15,"🟡 Needs Improvement","🔴 Critical")) -> 🟡 Needs Improvement
A13: ='Master File FMCG Team'!A65 -> ASM | B13: ='Master File FMCG Team'!C65 -> South-B | C13: ='Master File FMCG Team'!D65 -> MIRPUR KHAS-1 | D13: ='Master File FMCG Team'!H65 -> KAMIL SARDAR | E13: ='Master File FMCG Team'!O65 -> 4 | F13: ='Master File FMCG Team'!P65 -> 1 | G13: =E13-I13-F13 -> 0 | H13: ='Master File FMCG Team'!AH65 -> 3 | I13: ='Master File FMCG Team'!AI65 -> 3 | J13: ='Master File FMCG Team'!BA65 -> 36 | K13: ='Master File FMCG Team'!R65 -> 3 | L13: ='Master File FMCG Team'!BB65 -> 0.92307692 | M13: ='Master File FMCG Team'!BO65 -> 120 | N13: ='Master File FMCG Team'!BP65 -> 9 | O13: ='Master File FMCG Team'!S65 -> 2 | P13: ='Master File FMCG Team'!CH65 -> 997 | Q13: ='Master File FMCG Team'!T65 -> 3 | R13: ='Master File FMCG Team'!CI65 -> 25.564103 | S13: =IF(R13>=30,"🟢 Excellent",IF(R13>=15,"🟡 Needs Improvement","🔴 Critical")) -> 🟡 Needs Improvement
A14: ='Master File FMCG Team'!A66 -> TE | B14: ='Master File FMCG Team'!C66 -> South-B | C14: ='Master File FMCG Team'!D66 -> STH-B HYDERABAD | D14: ='Master File FMCG Team'!H66 -> M. ALI MEMON (TE-HYD-01) | E14: ='Master File FMCG Team'!O66 -> 1 | F14: ='Master File FMCG Team'!P66 -> 0 | G14: =E14-I14-F14 -> 0 | H14: ='Master File FMCG Team'!AH66 -> 1 | I14: ='Master File FMCG Team'!AI66 -> 1 | J14: ='Master File FMCG Team'!BA66 -> 12 | K14: ='Master File FMCG Team'!R66 -> 1 | L14: ='Master File FMCG Team'!BB66 -> 0.92307692 | M14: ='Master File FMCG Team'!BO66 -> 0 | N14: ='Master File FMCG Team'!BP66 -> 0 | O14: ='Master File FMCG Team'!S66 -> 0 | P14: ='Master File FMCG Team'!CH66 -> 3 | Q14: ='Master File FMCG Team'!T66 -> 1 | R14: ='Master File FMCG Team'!CI66 -> 0.23076923 | S14: =IF(R14>=30,"🟢 Excellent",IF(R14>=15,"🟡 Needs Improvement","🔴 Critical")) -> 🔴 Critical
A15: ='Master File FMCG Team'!A67 -> RSM | B15: ='Master File FMCG Team'!C67 -> South-B | C15: ='Master File FMCG Team'!D67 -> STH-B Hyderabad | D15: ='Master File FMCG Team'!H67 -> Vacant RSM | E15: ='Master File FMCG Team'!O67 -> 11 | F15: ='Master File FMCG Team'!P67 -> 2 | G15: =E15-I15-F15 -> 1 | H15: ='Master File FMCG Team'!AH67 -> 9 | I15: ='Master File FMCG Team'!AI67 -> 8 | J15: ='Master File FMCG Team'!BA67 -> 107 | K15: ='Master File FMCG Team'!R67 -> 9 | L15: ='Master File FMCG Team'!BB67 -> 0.91452991 | M15: ='Master File FMCG Team'!BO67 -> 267 | N15: ='Master File FMCG Team'!BP67 -> 21 | O15: ='Master File FMCG Team'!S67 -> 3 | P15: ='Master File FMCG Team'!CH67 -> 2514 | Q15: ='Master File FMCG Team'!T67 -> 9 | R15: ='Master File FMCG Team'!CI67 -> 21.487179 | S15: =IF(R15>=30,"🟢 Excellent",IF(R15>=15,"🟡 Needs Improvement","🔴 Critical")) -> 🟡 Needs Improvement
A16: ='Master File FMCG Team'!A76 -> ASM | B16: ='Master File FMCG Team'!C76 -> South-C | C16: ='Master File FMCG Team'!D76 -> NAWABSHAH-1 | D16: ='Master File FMCG Team'!H76 -> FAISAL HASSAN | E16: ='Master File FMCG Team'!O76 -> 6 | F16: ='Master File FMCG Team'!P76 -> 0 | G16: =E16-I16-F16 -> 0 | H16: ='Master File FMCG Team'!AH76 -> 6 | I16: ='Master File FMCG Team'!AI76 -> 6 | J16: ='Master File FMCG Team'!BA76 -> 72 | K16: ='Master File FMCG Team'!R76 -> 6 | L16: ='Master File FMCG Team'!BB76 -> 0.92307692 | M16: ='Master File FMCG Team'!BO76 -> 56 | N16: ='Master File FMCG Team'!BP76 -> 5 | O16: ='Master File FMCG Team'!S76 -> 3 | P16: ='Master File FMCG Team'!CH76 -> 494 | Q16: ='Master File FMCG Team'!T76 -> 6 | R16: ='Master File FMCG Team'!CI76 -> 6.3333333 | S16: =IF(R16>=30,"🟢 Excellent",IF(R16>=15,"🟡 Needs Improvement","🔴 Critical")) -> 🔴 Critical
A17: ='Master File FMCG Team'!A84 -> ASM | B17: ='Master File FMCG Team'!C84 -> South-C | C17: ='Master File FMCG Team'!D84 -> QUETTA-1 | D17: ='Master File FMCG Team'!H84 -> M. YOUSUF | E17: ='Master File FMCG Team'!O84 -> 5 | F17: ='Master File FMCG Team'!P84 -> 0 | G17: =E17-I17-F17 -> 0 | H17: ='Master File FMCG Team'!AH84 -> 4 | I17: ='Master File FMCG Team'!AI84 -> 5 | J17: ='Master File FMCG Team'!BA84 -> 56 | K17: ='Master File FMCG Team'!R84 -> 5 | L17: ='Master File FMCG Team'!BB84 -> 0.86153846 | M17: ='Master File FMCG Team'!BO84 -> 113 | N17: ='Master File FMCG Team'!BP84 -> 0 | O17: ='Master File FMCG Team'!S84 -> 0 | P17: ='Master File FMCG Team'!CH84 -> 1236 | Q17: ='Master File FMCG Team'!T84 -> 5 | R17: ='Master File FMCG Team'!CI84 -> 19.015385 | S17: =IF(R17>=30,"🟢 Excellent",IF(R17>=15,"🟡 Needs Improvement","🔴 Critical")) -> 🟡 Needs Improvement
A18: ='Master File FMCG Team'!A92 -> ASM | B18: ='Master File FMCG Team'!C92 -> South-C | C18: ='Master File FMCG Team'!D92 -> SUKKUR-1 | D18: ='Master File FMCG Team'!H92 -> KASHIF ANSARI | E18: ='Master File FMCG Team'!O92 -> 5 | F18: ='Master File FMCG Team'!P92 -> 0 | G18: =E18-I18-F18 -> 1 | H18: ='Master File FMCG Team'!AH92 -> 4 | I18: ='Master File FMCG Team'!AI92 -> 4 | J18: ='Master File FMCG Team'!BA92 -> 49 | K18: ='Master File FMCG Team'!R92 -> 5 | L18: ='Master File FMCG Team'!BB92 -> 0.75384615 | M18: ='Master File FMCG Team'!BO92 -> 80 | N18: ='Master File FMCG Team'!BP92 -> 0 | O18: ='Master File FMCG Team'!S92 -> 0 | P18: ='Master File FMCG Team'!CH92 -> 1128 | Q18: ='Master File FMCG Team'!T92 -> 5 | R18: ='Master File FMCG Team'!CI92 -> 17.353846 | S18: =IF(R18>=30,"🟢 Excellent",IF(R18>=15,"🟡 Needs Improvement","🔴 Critical")) -> 🟡 Needs Improvement
A19: ='Master File FMCG Team'!A100 -> ASM | B19: ='Master File FMCG Team'!C100 -> South-C | C19: ='Master File FMCG Team'!D100 -> LARKANA-1 | D19: ='Master File FMCG Team'!H100 -> IMRAN KHAN SOOMRO | E19: ='Master File FMCG Team'!O100 -> 5 | F19: ='Master File FMCG Team'!P100 -> 0 | G19: =E19-I19-F19 -> 1 | H19: ='Master File FMCG Team'!AH100 -> 2 | I19: ='Master File FMCG Team'!AI100 -> 4 | J19: ='Master File FMCG Team'!BA100 -> 51 | K19: ='Master File FMCG Team'!R100 -> 5 | L19: ='Master File FMCG Team'!BB100 -> 0.78461538 | M19: ='Master File FMCG Team'!BO100 -> 52 | N19: ='Master File FMCG Team'!BP100 -> 0 | O19: ='Master File FMCG Team'!S100 -> 0 | P19: ='Master File FMCG Team'!CH100 -> 854 | Q19: ='Master File FMCG Team'!T100 -> 5 | R19: ='Master File FMCG Team'!CI100 -> 13.138462 | S19: =IF(R19>=30,"🟢 Excellent",IF(R19>=15,"🟡 Needs Improvement","🔴 Critical")) -> 🔴 Critical
A20: ='Master File FMCG Team'!A106 -> RSM | B20: ='Master File FMCG Team'!C106 -> South-C | C20: ='Master File FMCG Team'!D106 -> STH-C Sukkur | D20: ='Master File FMCG Team'!H106 -> KASHIF ANSARI | E20: ='Master File FMCG Team'!O106 -> 22 | F20: ='Master File FMCG Team'!P106 -> 0 | G20: =E20-I20-F20 -> 2 | H20: ='Master File FMCG Team'!AH106 -> 17 | I20: ='Master File FMCG Team'!AI106 -> 20 | J20: ='Master File FMCG Team'!BA106 -> 244 | K20: ='Master File FMCG Team'!R106 -> 23 | L20: ='Master File FMCG Team'!BB106 -> 0.85314685 | M20: ='Master File FMCG Team'!BO106 -> 301 | N20: ='Master File FMCG Team'!BP106 -> 5 | O20: ='Master File FMCG Team'!S106 -> 3 | P20: ='Master File FMCG Team'!CH106 -> 3712 | Q20: ='Master File FMCG Team'!T106 -> 21 | R20: ='Master File FMCG Team'!CI106 -> 12.979021 | S20: =IF(R20>=30,"🟢 Excellent",IF(R20>=15,"🟡 Needs Improvement","🔴 Critical")) -> 🔴 Critical
A21: ='Master File FMCG Team'!A113 -> ASM | B21: ='Master File FMCG Team'!C113 -> South-D | C21: ='Master File FMCG Team'!D113 -> BAHAWALPUR-1 | D21: ='Master File FMCG Team'!H113 -> NASEER AHMED | E21: ='Master File FMCG Team'!O113 -> 4 | F21: ='Master File FMCG Team'!P113 -> 0 | G21: =E21-I21-F21 -> 1 | H21: ='Master File FMCG Team'!AH113 -> 4 | I21: ='Master File FMCG Team'!AI113 -> 3 | J21: ='Master File FMCG Team'!BA113 -> 46 | K21: ='Master File FMCG Team'!R113 -> 4 | L21: ='Master File FMCG Team'!BB113 -> 0.88461538 | M21: ='Master File FMCG Team'!BO113 -> 96 | N21: ='Master File FMCG Team'!BP113 -> 0 | O21: ='Master File FMCG Team'!S113 -> 0 | P21: ='Master File FMCG Team'!CH113 -> 748 | Q21: ='Master File FMCG Team'!T113 -> 4 | R21: ='Master File FMCG Team'!CI113 -> 14.384615 | S21: =IF(R21>=30,"🟢 Excellent",IF(R21>=15,"🟡 Needs Improvement","🔴 Critical")) -> 🔴 Critical
A22: ='Master File FMCG Team'!A120 -> ASM | B22: ='Master File FMCG Team'!C120 -> South-D | C22: ='Master File FMCG Team'!D120 -> RAHIMYAR KHAN-1 | D22: ='Master File FMCG Team'!H120 -> SHAHZAD ASAD BILAL | E22: ='Master File FMCG Team'!O120 -> 4 | F22: ='Master File FMCG Team'!P120 -> 0 | G22: =E22-I22-F22 -> 0 | H22: ='Master File FMCG Team'!AH120 -> 4 | I22: ='Master File FMCG Team'!AI120 -> 4 | J22: ='Master File FMCG Team'!BA120 -> 46 | K22: ='Master File FMCG Team'!R120 -> 4 | L22: ='Master File FMCG Team'!BB120 -> 0.88461538 | M22: ='Master File FMCG Team'!BO120 -> 126 | N22: ='Master File FMCG Team'!BP120 -> 7 | O22: ='Master File FMCG Team'!S120 -> 1 | P22: ='Master File FMCG Team'!CH120 -> 1260 | Q22: ='Master File FMCG Team'!T120 -> 3 | R22: ='Master File FMCG Team'!CI120 -> 24.230769 | S22: =IF(R22>=30,"🟢 Excellent",IF(R22>=15,"🟡 Needs Improvement","🔴 Critical")) -> 🟡 Needs Improvement
A23: ='Master File FMCG Team'!A128 -> ASM | B23: ='Master File FMCG Team'!C128 -> South-D | C23: ='Master File FMCG Team'!D128 -> MULTAN-1 | D23: ='Master File FMCG Team'!H128 -> ZILE HUSSAIN HASHMI | E23: ='Master File FMCG Team'!O128 -> 5 | F23: ='Master File FMCG Team'!P128 -> 0 | G23: =E23-I23-F23 -> 1 | H23: ='Master File FMCG Team'!AH128 -> 5 | I23: ='Master File FMCG Team'!AI128 -> 4 | J23: ='Master File FMCG Team'!BA128 -> 58 | K23: ='Master File FMCG Team'!R128 -> 5 | L23: ='Master File FMCG Team'!BB128 -> 0.89230769 | M23: ='Master File FMCG Team'!BO128 -> 211 | N23: ='Master File FMCG Team'!BP128 -> 0 | O23: ='Master File FMCG Team'!S128 -> 0 | P23: ='Master File FMCG Team'!CH128 -> 1806 | Q23: ='Master File FMCG Team'!T128 -> 5 | R23: ='Master File FMCG Team'!CI128 -> 27.784615 | S23: =IF(R23>=30,"🟢 Excellent",IF(R23>=15,"🟡 Needs Improvement","🔴 Critical")) -> 🟡 Needs Improvement
A24: ='Master File FMCG Team'!A136 -> ASM | B24: ='Master File FMCG Team'!C136 -> South-D | C24: ='Master File FMCG Team'!D136 -> MULTAN-2 | D24: ='Master File FMCG Team'!H136 -> M. SHAHID JAVAID | E24: ='Master File FMCG Team'!O136 -> 5 | F24: ='Master File FMCG Team'!P136 -> 0 | G24: =E24-I24-F24 -> 2 | H24: ='Master File FMCG Team'!AH136 -> 5 | I24: ='Master File FMCG Team'!AI136 -> 3 | J24: ='Master File FMCG Team'!BA136 -> 55 | K24: ='Master File FMCG Team'!R136 -> 5 | L24: ='Master File FMCG Team'!BB136 -> 0.84615385 | M24: ='Master File FMCG Team'!BO136 -> 196 | N24: ='Master File FMCG Team'!BP136 -> 0 | O24: ='Master File FMCG Team'!S136 -> 0 | P24: ='Master File FMCG Team'!CH136 -> 1799 | Q24: ='Master File FMCG Team'!T136 -> 5 | R24: ='Master File FMCG Team'!CI136 -> 27.676923 | S24: =IF(R24>=30,"🟢 Excellent",IF(R24>=15,"🟡 Needs Improvement","🔴 Critical")) -> 🟡 Needs Improvement
A25: ='Master File FMCG Team'!A143 -> ASM | B25: ='Master File FMCG Team'!C143 -> South-D | C25: ='Master File FMCG Team'!D143 -> MULTAN-3 | D25: ='Master File FMCG Team'!H143 -> MALIK NADEEM AHMED | E25: ='Master File FMCG Team'!O143 -> 4 | F25: ='Master File FMCG Team'!P143 -> 0 | G25: =E25-I25-F25 -> 0 | H25: ='Master File FMCG Team'!AH143 -> 3 | I25: ='Master File FMCG Team'!AI143 -> 4 | J25: ='Master File FMCG Team'!BA143 -> 47 | K25: ='Master File FMCG Team'!R143 -> 4 | L25: ='Master File FMCG Team'!BB143 -> 0.90384615 | M25: ='Master File FMCG Team'!BO143 -> 139 | N25: ='Master File FMCG Team'!BP143 -> 2 | O25: ='Master File FMCG Team'!S143 -> 1 | P25: ='Master File FMCG Team'!CH143 -> 1563 | Q25: ='Master File FMCG Team'!T143 -> 4 | R25: ='Master File FMCG Team'!CI143 -> 30.057692 | S25: =IF(R25>=30,"🟢 Excellent",IF(R25>=15,"🟡 Needs Improvement","🔴 Critical")) -> 🟢 Excellent
A26: ='Master File FMCG Team'!A144 -> CM | B26: ='Master File FMCG Team'!C144 -> South-D | C26: ='Master File FMCG Team'!D144 -> Multan-4 | D26: ='Master File FMCG Team'!H144 -> ASIF ALI (CM-MUX-01) | E26: ='Master File FMCG Team'!O144 -> 1 | F26: ='Master File FMCG Team'!P144 -> 0 | G26: =E26-I26-F26 -> 0 | H26: ='Master File FMCG Team'!AH144 -> 1 | I26: ='Master File FMCG Team'!AI144 -> 1 | J26: ='Master File FMCG Team'!BA144 -> 10 | K26: ='Master File FMCG Team'!R144 -> 1 | L26: ='Master File FMCG Team'!BB144 -> 0.76923077 | M26: ='Master File FMCG Team'!BO144 -> 0 | N26: ='Master File FMCG Team'!BP144 -> 0 | O26: ='Master File FMCG Team'!S144 -> 0 | P26: ='Master File FMCG Team'!CH144 -> 0 | Q26: ='Master File FMCG Team'!T144 -> 0 | R26: ='Master File FMCG Team'!CI144 -> 0 | S26: =IF(R26>=30,"🟢 Excellent",IF(R26>=15,"🟡 Needs Improvement","🔴 Critical")) -> 🔴 Critical
A27: ='Master File FMCG Team'!A145 -> TE | B27: ='Master File FMCG Team'!C145 -> South-D | C27: ='Master File FMCG Team'!D145 -> Multan-5 | D27: ='Master File FMCG Team'!H145 -> M. DILBAR KHAN (TE-MUX-01) | E27: ='Master File FMCG Team'!O145 -> 1 | F27: ='Master File FMCG Team'!P145 -> 0 | G27: =E27-I27-F27 -> 0 | H27: ='Master File FMCG Team'!AH145 -> 1 | I27: ='Master File FMCG Team'!AI145 -> 1 | J27: ='Master File FMCG Team'!BA145 -> 12 | K27: ='Master File FMCG Team'!R145 -> 1 | L27: ='Master File FMCG Team'!BB145 -> 0.92307692 | M27: ='Master File FMCG Team'!BO145 -> 0 | N27: ='Master File FMCG Team'!BP145 -> 0 | O27: ='Master File FMCG Team'!S145 -> 0 | P27: ='Master File FMCG Team'!CH145 -> 0 | Q27: ='Master File FMCG Team'!T145 -> 0 | R27: ='Master File FMCG Team'!CI145 -> 0 | S27: =IF(R27>=30,"🟢 Excellent",IF(R27>=15,"🟡 Needs Improvement","🔴 Critical")) -> 🔴 Critical
A28: ='Master File FMCG Team'!A146 -> RSM | B28: ='Master File FMCG Team'!C146 -> South-D | C28: ='Master File FMCG Team'!D146 -> MULTAN | D28: ='Master File FMCG Team'!H146 -> Majid Khan | E28: ='Master File FMCG Team'!O146 -> 24 | F28: ='Master File FMCG Team'!P146 -> 0 | G28: =E28-I28-F28 -> 4 | H28: ='Master File FMCG Team'!AH146 -> 23 | I28: ='Master File FMCG Team'!AI146 -> 20 | J28: ='Master File FMCG Team'!BA146 -> 274 | K28: ='Master File FMCG Team'!R146 -> 24 | L28: ='Master File FMCG Team'!BB146 -> 0.87820513 | M28: ='Master File FMCG Team'!BO146 -> 768 | N28: ='Master File FMCG Team'!BP146 -> 9 | O28: ='Master File FMCG Team'!S146 -> 2 | P28: ='Master File FMCG Team'!CH146 -> 7176 | Q28: ='Master File FMCG Team'!T146 -> 21 | R28: ='Master File FMCG Team'!CI146 -> 23 | S28: =IF(R28>=30,"🟢 Excellent",IF(R28>=15,"🟡 Needs Improvement","🔴 Critical")) -> 🟡 Needs Improvement
A29: ='Master File FMCG Team'!A153 -> ASM | B29: ='Master File FMCG Team'!C153 -> South-E | C29: ='Master File FMCG Team'!D153 -> LAYYAH-1 | D29: ='Master File FMCG Team'!H153 -> MUZAMIL BILAL | E29: ='Master File FMCG Team'!O153 -> 4 | F29: ='Master File FMCG Team'!P153 -> 0 | G29: =E29-I29-F29 -> 0 | H29: ='Master File FMCG Team'!AH153 -> 4 | I29: ='Master File FMCG Team'!AI153 -> 4 | J29: ='Master File FMCG Team'!BA153 -> 48 | K29: ='Master File FMCG Team'!R153 -> 4 | L29: ='Master File FMCG Team'!BB153 -> 0.92307692 | M29: ='Master File FMCG Team'!BO153 -> 81 | N29: ='Master File FMCG Team'!BP153 -> 0 | O29: ='Master File FMCG Team'!S153 -> 0 | P29: ='Master File FMCG Team'!CH153 -> 444 | Q29: ='Master File FMCG Team'!T153 -> 4 | R29: ='Master File FMCG Team'!CI153 -> 8.5384615 | S29: =IF(R29>=30,"🟢 Excellent",IF(R29>=15,"🟡 Needs Improvement","🔴 Critical")) -> 🔴 Critical
A30: ='Master File FMCG Team'!A162 -> ASM | B30: ='Master File FMCG Team'!C162 -> South-E | C30: ='Master File FMCG Team'!D162 -> FAISALABAD-1 | D30: ='Master File FMCG Team'!H162 -> KAMRAN SHABBIR | E30: ='Master File FMCG Team'!O162 -> 6 | F30: ='Master File FMCG Team'!P162 -> 0 | G30: =E30-I30-F30 -> 1 | H30: ='Master File FMCG Team'!AH162 -> 6 | I30: ='Master File FMCG Team'!AI162 -> 5 | J30: ='Master File FMCG Team'!BA162 -> 69 | K30: ='Master File FMCG Team'!R162 -> 6 | L30: ='Master File FMCG Team'!BB162 -> 0.88461538 | M30: ='Master File FMCG Team'!BO162 -> 219 | N30: ='Master File FMCG Team'!BP162 -> 14 | O30: ='Master File FMCG Team'!S162 -> 1 | P30: ='Master File FMCG Team'!CH162 -> 2084 | Q30: ='Master File FMCG Team'!T162 -> 6 | R30: ='Master File FMCG Team'!CI162 -> 26.717949 | S30: =IF(R30>=30,"🟢 Excellent",IF(R30>=15,"🟡 Needs Improvement","🔴 Critical")) -> 🟡 Needs Improvement
A31: ='Master File FMCG Team'!A169 -> ASM | B31: ='Master File FMCG Team'!C169 -> South-E | C31: ='Master File FMCG Team'!D169 -> Faisalabad-2 | D31: ='Master File FMCG Team'!H169 -> Vacant ASM-FSD-02 | E31: ='Master File FMCG Team'!O169 -> 5 | F31: ='Master File FMCG Team'!P169 -> 0 | G31: =E31-I31-F31 -> 0 | H31: ='Master File FMCG Team'!AH169 -> 4 | I31: ='Master File FMCG Team'!AI169 -> 5 | J31: ='Master File FMCG Team'!BA169 -> 58 | K31: ='Master File FMCG Team'!R169 -> 5 | L31: ='Master File FMCG Team'!BB169 -> 0.89230769 | M31: ='Master File FMCG Team'!BO169 -> 68 | N31: ='Master File FMCG Team'!BP169 -> 0 | O31: ='Master File FMCG Team'!S169 -> 0 | P31: ='Master File FMCG Team'!CH169 -> 1073 | Q31: ='Master File FMCG Team'!T169 -> 4 | R31: ='Master File FMCG Team'!CI169 -> 16.507692 | S31: =IF(R31>=30,"🟢 Excellent",IF(R31>=15,"🟡 Needs Improvement","🔴 Critical")) -> 🟡 Needs Improvement
A32: ='Master File FMCG Team'!A175 -> ASM | B32: ='Master File FMCG Team'!C175 -> South-E | C32: ='Master File FMCG Team'!D175 -> FAISALABAD-3 | D32: ='Master File FMCG Team'!H175 -> M. AMJAD | E32: ='Master File FMCG Team'!O175 -> 3 | F32: ='Master File FMCG Team'!P175 -> 0 | G32: =E32-I32-F32 -> 0 | H32: ='Master File FMCG Team'!AH175 -> 3 | I32: ='Master File FMCG Team'!AI175 -> 3 | J32: ='Master File FMCG Team'!BA175 -> 36 | K32: ='Master File FMCG Team'!R175 -> 3 | L32: ='Master File FMCG Team'!BB175 -> 0.92307692 | M32: ='Master File FMCG Team'!BO175 -> 89 | N32: ='Master File FMCG Team'!BP175 -> 0 | O32: ='Master File FMCG Team'!S175 -> 0 | P32: ='Master File FMCG Team'!CH175 -> 388 | Q32: ='Master File FMCG Team'!T175 -> 2 | R32: ='Master File FMCG Team'!CI175 -> 9.9487179 | S32: =IF(R32>=30,"🟢 Excellent",IF(R32>=15,"🟡 Needs Improvement","🔴 Critical")) -> 🔴 Critical
A33: ='Master File FMCG Team'!A176 -> CM | B33: ='Master File FMCG Team'!C176 -> South-E | C33: ='Master File FMCG Team'!D176 -> FAISALABAD-4 | D33: ='Master File FMCG Team'!H176 -> M. USMAN (CM-FSD-01) | E33: ='Master File FMCG Team'!O176 -> 1 | F33: ='Master File FMCG Team'!P176 -> 0 | G33: =E33-I33-F33 -> 0 | H33: ='Master File FMCG Team'!AH176 -> 1 | I33: ='Master File FMCG Team'!AI176 -> 1 | J33: ='Master File FMCG Team'!BA176 -> 9 | K33: ='Master File FMCG Team'!R176 -> 1 | L33: ='Master File FMCG Team'!BB176 -> 0.69230769 | M33: ='Master File FMCG Team'!BO176 -> 0 | N33: ='Master File FMCG Team'!BP176 -> 0 | O33: ='Master File FMCG Team'!S176 -> 0 | P33: ='Master File FMCG Team'!CH176 -> 0 | Q33: ='Master File FMCG Team'!T176 -> 0 | R33: ='Master File FMCG Team'!CI176 -> 0 | S33: =IF(R33>=30,"🟢 Excellent",IF(R33>=15,"🟡 Needs Improvement","🔴 Critical")) -> 🔴 Critical
A34: ='Master File FMCG Team'!A177 -> TE | B34: ='Master File FMCG Team'!C177 -> South-E | C34: ='Master File FMCG Team'!D177 -> STH-E FAISALABAD | D34: ='Master File FMCG Team'!H177 -> TANVEER UL HASSAN (TE-FSD-01) | E34: ='Master File FMCG Team'!O177 -> 1 | F34: ='Master File FMCG Team'!P177 -> 0 | G34: =E34-I34-F34 -> 0 | H34: ='Master File FMCG Team'!AH177 -> 1 | I34: ='Master File FMCG Team'!AI177 -> 1 | J34: ='Master File FMCG Team'!BA177 -> 11 | K34: ='Master File FMCG Team'!R177 -> 1 | L34: ='Master File FMCG Team'!BB177 -> 0.84615385 | M34: ='Master File FMCG Team'!BO177 -> 0 | N34: ='Master File FMCG Team'!BP177 -> 0 | O34: ='Master File FMCG Team'!S177 -> 0 | P34: ='Master File FMCG Team'!CH177 -> 0 | Q34: ='Master File FMCG Team'!T177 -> 0 | R34: ='Master File FMCG Team'!CI177 -> 0 | S34: =IF(R34>=30,"🟢 Excellent",IF(R34>=15,"🟡 Needs Improvement","🔴 Critical")) -> 🔴 Critical
A35: ='Master File FMCG Team'!A179 -> RSM | B35: ='Master File FMCG Team'!C179 -> South-E | C35: ='Master File FMCG Team'!D179 -> STH-E Faisalabad | D35: ='Master File FMCG Team'!H179 -> Kamran Zakir | E35: ='Master File FMCG Team'!O179 -> 20 | F35: ='Master File FMCG Team'!P179 -> 0 | G35: =E35-I35-F35 -> 1 | H35: ='Master File FMCG Team'!AH179 -> 19 | I35: ='Master File FMCG Team'!AI179 -> 19 | J35: ='Master File FMCG Team'!BA179 -> 231 | K35: ='Master File FMCG Team'!R179 -> 20 | L35: ='Master File FMCG Team'!BB179 -> 0.88846154 | M35: ='Master File FMCG Team'!BO179 -> 457 | N35: ='Master File FMCG Team'!BP179 -> 14 | O35: ='Master File FMCG Team'!S179 -> 1 | P35: ='Master File FMCG Team'!CH179 -> 3989 | Q35: ='Master File FMCG Team'!T179 -> 16 | R35: ='Master File FMCG Team'!CI179 -> 15.342308 | S35: =IF(R35>=30,"🟢 Excellent",IF(R35>=15,"🟡 Needs Improvement","🔴 Critical")) -> 🟡 Needs Improvement
A36: ='Master File FMCG Team'!A181 -> DGM | B36: ='Master File FMCG Team'!C181 -> South | C36: ='Master File FMCG Team'!D181 -> STH Karachi | D36: ='Master File FMCG Team'!H181 -> NASIR BAIG | E36: ='Master File FMCG Team'!O181 -> 106 | F36: ='Master File FMCG Team'!P181 -> 5 | G36: =E36-I36-F36 -> 12 | H36: ='Master File FMCG Team'!AH181 -> 93 | I36: ='Master File FMCG Team'!AI181 -> 89 | J36: ='Master File FMCG Team'!BA181 -> 1142 | K36: ='Master File FMCG Team'!R181 -> 101 | L36: ='Master File FMCG Team'!BB181 -> 0.8697639 | M36: ='Master File FMCG Team'!BO181 -> 2483 | N36: ='Master File FMCG Team'!BP181 -> 49 | O36: ='Master File FMCG Team'!S181 -> 9 | P36: ='Master File FMCG Team'!CH181 -> 23546 | Q36: ='Master File FMCG Team'!T181 -> 90 | R36: ='Master File FMCG Team'!CI181 -> 17.932978 | S36: =IF(R36>=30,"🟢 Excellent",IF(R36>=15,"🟡 Needs Improvement","🔴 Critical")) -> 🟡 Needs Improvement
A37: ='Master File FMCG Team'!A189 -> ASM | B37: ='Master File FMCG Team'!C189 -> North-A | C37: ='Master File FMCG Team'!D189 -> LAHORE-1 | D37: ='Master File FMCG Team'!H189 -> M. HASEEB | E37: ='Master File FMCG Team'!O189 -> 5 | F37: ='Master File FMCG Team'!P189 -> 0 | G37: =E37-I37-F37 -> 1 | H37: ='Master File FMCG Team'!AH189 -> 3 | I37: ='Master File FMCG Team'!AI189 -> 4 | J37: ='Master File FMCG Team'!BA189 -> 54 | K37: ='Master File FMCG Team'!R189 -> 5 | L37: ='Master File FMCG Team'!BB189 -> 0.83076923 | M37: ='Master File FMCG Team'!BO189 -> 157 | N37: ='Master File FMCG Team'!BP189 -> 1 | O37: ='Master File FMCG Team'!S189 -> 1 | P37: ='Master File FMCG Team'!CH189 -> 1095 | Q37: ='Master File FMCG Team'!T189 -> 4 | R37: ='Master File FMCG Team'!CI189 -> 16.846154 | S37: =IF(R37>=30,"🟢 Excellent",IF(R37>=15,"🟡 Needs Improvement","🔴 Critical")) -> 🟡 Needs Improvement
A38: ='Master File FMCG Team'!A197 -> ASM | B38: ='Master File FMCG Team'!C197 -> North-A | C38: ='Master File FMCG Team'!D197 -> LAHORE-2 | D38: ='Master File FMCG Team'!H197 -> M. IMRAN IJAZ | E38: ='Master File FMCG Team'!O197 -> 5 | F38: ='Master File FMCG Team'!P197 -> 2 | G38: =E38-I38-F38 -> 1 | H38: ='Master File FMCG Team'!AH197 -> 2 | I38: ='Master File FMCG Team'!AI197 -> 2 | J38: ='Master File FMCG Team'!BA197 -> 31 | K38: ='Master File FMCG Team'!R197 -> 4 | L38: ='Master File FMCG Team'!BB197 -> 0.79487179 | M38: ='Master File FMCG Team'!BO197 -> 86 | N38: ='Master File FMCG Team'!BP197 -> 0 | O38: ='Master File FMCG Team'!S197 -> 0 | P38: ='Master File FMCG Team'!CH197 -> 655 | Q38: ='Master File FMCG Team'!T197 -> 3 | R38: ='Master File FMCG Team'!CI197 -> 16.794872 | S38: =IF(R38>=30,"🟢 Excellent",IF(R38>=15,"🟡 Needs Improvement","🔴 Critical")) -> 🟡 Needs Improvement
A39: ='Master File FMCG Team'!A205 -> ASM | B39: ='Master File FMCG Team'!C205 -> North-A | C39: ='Master File FMCG Team'!D205 -> LAHORE-3 | D39: ='Master File FMCG Team'!H205 -> AGHA ALI HAIDER | E39: ='Master File FMCG Team'!O205 -> 5 | F39: ='Master File FMCG Team'!P205 -> 1 | G39: =E39-I39-F39 -> 0 | H39: ='Master File FMCG Team'!AH205 -> 4 | I39: ='Master File FMCG Team'!AI205 -> 4 | J39: ='Master File FMCG Team'!BA205 -> 45 | K39: ='Master File FMCG Team'!R205 -> 4 | L39: ='Master File FMCG Team'!BB205 -> 0.86538462 | M39: ='Master File FMCG Team'!BO205 -> 166 | N39: ='Master File FMCG Team'!BP205 -> 0 | O39: ='Master File FMCG Team'!S205 -> 0 | P39: ='Master File FMCG Team'!CH205 -> 973 | Q39: ='Master File FMCG Team'!T205 -> 4 | R39: ='Master File FMCG Team'!CI205 -> 18.711538 | S39: =IF(R39>=30,"🟢 Excellent",IF(R39>=15,"🟡 Needs Improvement","🔴 Critical")) -> 🟡 Needs Improvement
A40: ='Master File FMCG Team'!A209 -> CM | B40: ='Master File FMCG Team'!C209 -> North-A | C40: ='Master File FMCG Team'!D209 -> LAHORE-6 | D40: ='Master File FMCG Team'!H209 -> Sy. Salman Zaidi (CM LHR) | E40: ='Master File FMCG Team'!O209 -> 2 | F40: ='Master File FMCG Team'!P209 -> 0 | G40: =E40-I40-F40 -> 2 | H40: ='Master File FMCG Team'!AH209 -> 0 | I40: ='Master File FMCG Team'!AI209 -> 0 | J40: ='Master File FMCG Team'!BA209 -> 5 | K40: ='Master File FMCG Team'!R209 -> 2 | L40: ='Master File FMCG Team'!BB209 -> 0.19230769 | M40: ='Master File FMCG Team'!BO209 -> 0 | N40: ='Master File FMCG Team'!BP209 -> 0 | O40: ='Master File FMCG Team'!S209 -> 0 | P40: ='Master File FMCG Team'!CH209 -> 0 | Q40: ='Master File FMCG Team'!T209 -> 0 | R40: ='Master File FMCG Team'!CI209 -> 0 | S40: =IF(R40>=30,"🟢 Excellent",IF(R40>=15,"🟡 Needs Improvement","🔴 Critical")) -> 🔴 Critical
A41: ='Master File FMCG Team'!A211 -> TE | B41: ='Master File FMCG Team'!C211 -> North-A | C41: ='Master File FMCG Team'!D211 -> LAHORE-7 | D41: ='Master File FMCG Team'!H211 -> WAQAS RASOOL (TE-LHR-01) | E41: ='Master File FMCG Team'!O211 -> 1 | F41: ='Master File FMCG Team'!P211 -> 0 | G41: =E41-I41-F41 -> 0 | H41: ='Master File FMCG Team'!AH211 -> 0 | I41: ='Master File FMCG Team'!AI211 -> 1 | J41: ='Master File FMCG Team'!BA211 -> 11 | K41: ='Master File FMCG Team'!R211 -> 1 | L41: ='Master File FMCG Team'!BB211 -> 0.84615385 | M41: ='Master File FMCG Team'!BO211 -> 0 | N41: ='Master File FMCG Team'!BP211 -> 0 | O41: ='Master File FMCG Team'!S211 -> 0 | P41: ='Master File FMCG Team'!CH211 -> 0 | Q41: ='Master File FMCG Team'!T211 -> 0 | R41: ='Master File FMCG Team'!CI211 -> 0 | S41: =IF(R41>=30,"🟢 Excellent",IF(R41>=15,"🟡 Needs Improvement","🔴 Critical")) -> 🔴 Critical
A42: ='Master File FMCG Team'!A213 -> RSM | B42: ='Master File FMCG Team'!C213 -> North-A | C42: ='Master File FMCG Team'!D213 -> NTH-A Lahore | D42: ='Master File FMCG Team'!H213 -> Moeen Zafar | E42: ='Master File FMCG Team'!O213 -> 20 | F42: ='Master File FMCG Team'!P213 -> 3 | G42: =E42-I42-F42 -> 6 | H42: ='Master File FMCG Team'!AH213 -> 10 | I42: ='Master File FMCG Team'!AI213 -> 11 | J42: ='Master File FMCG Team'!BA213 -> 157 | K42: ='Master File FMCG Team'!R213 -> 17 | L42: ='Master File FMCG Team'!BB213 -> 0.71040724 | M42: ='Master File FMCG Team'!BO213 -> 447 | N42: ='Master File FMCG Team'!BP213 -> 1 | O42: ='Master File FMCG Team'!S213 -> 1 | P42: ='Master File FMCG Team'!CH213 -> 2927 | Q42: ='Master File FMCG Team'!T213 -> 12 | R42: ='Master File FMCG Team'!CI213 -> 13.244344 | S42: =IF(R42>=30,"🟢 Excellent",IF(R42>=15,"🟡 Needs Improvement","🔴 Critical")) -> 🔴 Critical
A43: ='Master File FMCG Team'!A219 -> ASM | B43: ='Master File FMCG Team'!C219 -> North-B | C43: ='Master File FMCG Team'!D219 -> SIALKOT-1 | D43: ='Master File FMCG Team'!H219 -> IJAZ TABASSUM | E43: ='Master File FMCG Team'!O219 -> 4 | F43: ='Master File FMCG Team'!P219 -> 0 | G43: =E43-I43-F43 -> 0 | H43: ='Master File FMCG Team'!AH219 -> 4 | I43: ='Master File FMCG Team'!AI219 -> 4 | J43: ='Master File FMCG Team'!BA219 -> 48 | K43: ='Master File FMCG Team'!R219 -> 4 | L43: ='Master File FMCG Team'!BB219 -> 0.92307692 | M43: ='Master File FMCG Team'!BO219 -> 79 | N43: ='Master File FMCG Team'!BP219 -> 0 | O43: ='Master File FMCG Team'!S219 -> 0 | P43: ='Master File FMCG Team'!CH219 -> 803 | Q43: ='Master File FMCG Team'!T219 -> 3 | R43: ='Master File FMCG Team'!CI219 -> 15.442308 | S43: =IF(R43>=30,"🟢 Excellent",IF(R43>=15,"🟡 Needs Improvement","🔴 Critical")) -> 🟡 Needs Improvement
A44: ='Master File FMCG Team'!A225 -> ASM | B44: ='Master File FMCG Team'!C225 -> North-B | C44: ='Master File FMCG Team'!D225 -> GUJRAT-1 | D44: ='Master File FMCG Team'!H225 -> SY. GOHAR RAZA | E44: ='Master File FMCG Team'!O225 -> 3 | F44: ='Master File FMCG Team'!P225 -> 0 | G44: =E44-I44-F44 -> 0 | H44: ='Master File FMCG Team'!AH225 -> 3 | I44: ='Master File FMCG Team'!AI225 -> 3 | J44: ='Master File FMCG Team'!BA225 -> 36 | K44: ='Master File FMCG Team'!R225 -> 3 | L44: ='Master File FMCG Team'!BB225 -> 0.92307692 | M44: ='Master File FMCG Team'!BO225 -> 0 | N44: ='Master File FMCG Team'!BP225 -> 32 | O44: ='Master File FMCG Team'!S225 -> 2 | P44: ='Master File FMCG Team'!CH225 -> 574 | Q44: ='Master File FMCG Team'!T225 -> 3 | R44: ='Master File FMCG Team'!CI225 -> 14.717949 | S44: =IF(R44>=30,"🟢 Excellent",IF(R44>=15,"🟡 Needs Improvement","🔴 Critical")) -> 🔴 Critical
A45: ='Master File FMCG Team'!A232 -> ASM | B45: ='Master File FMCG Team'!C232 -> North-B | C45: ='Master File FMCG Team'!D232 -> GUJRANWALA-1 | D45: ='Master File FMCG Team'!H232 -> VACANT ASM-GUJ-01 | E45: ='Master File FMCG Team'!O232 -> 4 | F45: ='Master File FMCG Team'!P232 -> 1 | G45: =E45-I45-F45 -> 1 | H45: ='Master File FMCG Team'!AH232 -> 2 | I45: ='Master File FMCG Team'!AI232 -> 2 | J45: ='Master File FMCG Team'!BA232 -> 38 | K45: ='Master File FMCG Team'!R232 -> 4 | L45: ='Master File FMCG Team'!BB232 -> 0.97435897 | M45: ='Master File FMCG Team'!BO232 -> 45 | N45: ='Master File FMCG Team'!BP232 -> 0 | O45: ='Master File FMCG Team'!S232 -> 0 | P45: ='Master File FMCG Team'!CH232 -> 697 | Q45: ='Master File FMCG Team'!T232 -> 2 | R45: ='Master File FMCG Team'!CI232 -> 17.871795 | S45: =IF(R45>=30,"🟢 Excellent",IF(R45>=15,"🟡 Needs Improvement","🔴 Critical")) -> 🟡 Needs Improvement
A46: ='Master File FMCG Team'!A239 -> ASM | B46: ='Master File FMCG Team'!C239 -> North-B | C46: ='Master File FMCG Team'!D239 -> GUJRANWALA-2 | D46: ='Master File FMCG Team'!H239 -> WAQAS ALI | E46: ='Master File FMCG Team'!O239 -> 4 | F46: ='Master File FMCG Team'!P239 -> 0 | G46: =E46-I46-F46 -> 0 | H46: ='Master File FMCG Team'!AH239 -> 4 | I46: ='Master File FMCG Team'!AI239 -> 4 | J46: ='Master File FMCG Team'!BA239 -> 46 | K46: ='Master File FMCG Team'!R239 -> 4 | L46: ='Master File FMCG Team'!BB239 -> 0.88461538 | M46: ='Master File FMCG Team'!BO239 -> 77 | N46: ='Master File FMCG Team'!BP239 -> 0 | O46: ='Master File FMCG Team'!S239 -> 0 | P46: ='Master File FMCG Team'!CH239 -> 500 | Q46: ='Master File FMCG Team'!T239 -> 4 | R46: ='Master File FMCG Team'!CI239 -> 9.6153846 | S46: =IF(R46>=30,"🟢 Excellent",IF(R46>=15,"🟡 Needs Improvement","🔴 Critical")) -> 🔴 Critical
A47: ='Master File FMCG Team'!A240 -> TE | B47: ='Master File FMCG Team'!C240 -> North-B | C47: ='Master File FMCG Team'!D240 -> Gujranwala-3 | D47: ='Master File FMCG Team'!H240 -> VACANT (TE-GJW-01) | E47: ='Master File FMCG Team'!O240 -> 1 | F47: ='Master File FMCG Team'!P240 -> 1 | G47: =E47-I47-F47 -> 0 | H47: ='Master File FMCG Team'!AH240 -> 0 | I47: ='Master File FMCG Team'!AI240 -> 0 | J47: ='Master File FMCG Team'!BA240 -> 5 | K47: ='Master File FMCG Team'!R240 -> 1 | L47: ='Master File FMCG Team'!BB240 -> 0 | M47: ='Master File FMCG Team'!BO240 -> 0 | N47: ='Master File FMCG Team'!BP240 -> 0 | O47: ='Master File FMCG Team'!S240 -> 0 | P47: ='Master File FMCG Team'!CH240 -> 0 | Q47: ='Master File FMCG Team'!T240 -> 0 | R47: ='Master File FMCG Team'!CI240 -> 0 | S47: =IF(R47>=30,"🟢 Excellent",IF(R47>=15,"🟡 Needs Improvement","🔴 Critical")) -> 🔴 Critical
A48: ='Master File FMCG Team'!A242 -> RSM | B48: ='Master File FMCG Team'!C242 -> North-B | C48: ='Master File FMCG Team'!D242 -> NTH-B Gujranwala | D48: ='Master File FMCG Team'!H242 -> Noman Ashfaq | E48: ='Master File FMCG Team'!O242 -> 16 | F48: ='Master File FMCG Team'!P242 -> 2 | G48: =E48-I48-F48 -> 1 | H48: ='Master File FMCG Team'!AH242 -> 13 | I48: ='Master File FMCG Team'!AI242 -> 13 | J48: ='Master File FMCG Team'!BA242 -> 173 | K48: ='Master File FMCG Team'!R242 -> 16 | L48: ='Master File FMCG Team'!BB242 -> 0.95054945 | M48: ='Master File FMCG Team'!BO242 -> 201 | N48: ='Master File FMCG Team'!BP242 -> 32 | O48: ='Master File FMCG Team'!S242 -> 2 | P48: ='Master File FMCG Team'!CH242 -> 2574 | Q48: ='Master File FMCG Team'!T242 -> 12 | R48: ='Master File FMCG Team'!CI242 -> 14.142857 | S48: =IF(R48>=30,"🟢 Excellent",IF(R48>=15,"🟡 Needs Improvement","🔴 Critical")) -> 🔴 Critical
A49: ='Master File FMCG Team'!A249 -> ASM | B49: ='Master File FMCG Team'!C249 -> North-C | C49: ='Master File FMCG Team'!D249 -> KASUR-1 | D49: ='Master File FMCG Team'!H249 -> GHULAM RASOOL | E49: ='Master File FMCG Team'!O249 -> 4 | F49: ='Master File FMCG Team'!P249 -> 0 | G49: =E49-I49-F49 -> 0 | H49: ='Master File FMCG Team'!AH249 -> 4 | I49: ='Master File FMCG Team'!AI249 -> 4 | J49: ='Master File FMCG Team'!BA249 -> 48 | K49: ='Master File FMCG Team'!R249 -> 4 | L49: ='Master File FMCG Team'!BB249 -> 0.92307692 | M49: ='Master File FMCG Team'!BO249 -> 136 | N49: ='Master File FMCG Team'!BP249 -> 31 | O49: ='Master File FMCG Team'!S249 -> 3 | P49: ='Master File FMCG Team'!CH249 -> 1443 | Q49: ='Master File FMCG Team'!T249 -> 4 | R49: ='Master File FMCG Team'!CI249 -> 27.75 | S49: =IF(R49>=30,"🟢 Excellent",IF(R49>=15,"🟡 Needs Improvement","🔴 Critical")) -> 🟡 Needs Improvement
A50: ='Master File FMCG Team'!A256 -> ASM | B50: ='Master File FMCG Team'!C256 -> North-C | C50: ='Master File FMCG Team'!D256 -> OKARA-1 | D50: ='Master File FMCG Team'!H256 -> VACANT OKR ASM | E50: ='Master File FMCG Team'!O256 -> 4 | F50: ='Master File FMCG Team'!P256 -> 0 | G50: =E50-I50-F50 -> 0 | H50: ='Master File FMCG Team'!AH256 -> 4 | I50: ='Master File FMCG Team'!AI256 -> 4 | J50: ='Master File FMCG Team'!BA256 -> 48 | K50: ='Master File FMCG Team'!R256 -> 4 | L50: ='Master File FMCG Team'!BB256 -> 0.92307692 | M50: ='Master File FMCG Team'!BO256 -> 152 | N50: ='Master File FMCG Team'!BP256 -> 0 | O50: ='Master File FMCG Team'!S256 -> 0 | P50: ='Master File FMCG Team'!CH256 -> 1368 | Q50: ='Master File FMCG Team'!T256 -> 4 | R50: ='Master File FMCG Team'!CI256 -> 26.307692 | S50: =IF(R50>=30,"🟢 Excellent",IF(R50>=15,"🟡 Needs Improvement","🔴 Critical")) -> 🟡 Needs Improvement
A51: ='Master File FMCG Team'!A263 -> ASM | B51: ='Master File FMCG Team'!C263 -> North-C | C51: ='Master File FMCG Team'!D263 -> SAHIWAL-1 | D51: ='Master File FMCG Team'!H263 -> M. SARFARZ | E51: ='Master File FMCG Team'!O263 -> 4 | F51: ='Master File FMCG Team'!P263 -> 0 | G51: =E51-I51-F51 -> 0 | H51: ='Master File FMCG Team'!AH263 -> 4 | I51: ='Master File FMCG Team'!AI263 -> 4 | J51: ='Master File FMCG Team'!BA263 -> 47 | K51: ='Master File FMCG Team'!R263 -> 4 | L51: ='Master File FMCG Team'!BB263 -> 0.90384615 | M51: ='Master File FMCG Team'!BO263 -> 154 | N51: ='Master File FMCG Team'!BP263 -> 0 | O51: ='Master File FMCG Team'!S263 -> 0 | P51: ='Master File FMCG Team'!CH263 -> 1219 | Q51: ='Master File FMCG Team'!T263 -> 4 | R51: ='Master File FMCG Team'!CI263 -> 23.442308 | S51: =IF(R51>=30,"🟢 Excellent",IF(R51>=15,"🟡 Needs Improvement","🔴 Critical")) -> 🟡 Needs Improvement
A52: ='Master File FMCG Team'!A270 -> ASM | B52: ='Master File FMCG Team'!C270 -> North-C | C52: ='Master File FMCG Team'!D270 -> BAHAWALNAGAR-1 | D52: ='Master File FMCG Team'!H270 -> NASIR BASHIR | E52: ='Master File FMCG Team'!O270 -> 4 | F52: ='Master File FMCG Team'!P270 -> 0 | G52: =E52-I52-F52 -> 0 | H52: ='Master File FMCG Team'!AH270 -> 4 | I52: ='Master File FMCG Team'!AI270 -> 4 | J52: ='Master File FMCG Team'!BA270 -> 46 | K52: ='Master File FMCG Team'!R270 -> 4 | L52: ='Master File FMCG Team'!BB270 -> 0.88461538 | M52: ='Master File FMCG Team'!BO270 -> 9 | N52: ='Master File FMCG Team'!BP270 -> 0 | O52: ='Master File FMCG Team'!S270 -> 0 | P52: ='Master File FMCG Team'!CH270 -> 441 | Q52: ='Master File FMCG Team'!T270 -> 3 | R52: ='Master File FMCG Team'!CI270 -> 8.4807692 | S52: =IF(R52>=30,"🟢 Excellent",IF(R52>=15,"🟡 Needs Improvement","🔴 Critical")) -> 🔴 Critical
A53: ='Master File FMCG Team'!A273 -> RSM | B53: ='Master File FMCG Team'!C273 -> North-C | C53: ='Master File FMCG Team'!D273 -> NTH-C Okara | D53: ='Master File FMCG Team'!H273 -> Naqash Afzal | E53: ='Master File FMCG Team'!O273 -> 16 | F53: ='Master File FMCG Team'!P273 -> 0 | G53: =E53-I53-F53 -> 0 | H53: ='Master File FMCG Team'!AH273 -> 16 | I53: ='Master File FMCG Team'!AI273 -> 16 | J53: ='Master File FMCG Team'!BA273 -> 189 | K53: ='Master File FMCG Team'!R273 -> 16 | L53: ='Master File FMCG Team'!BB273 -> 0.90865385 | M53: ='Master File FMCG Team'!BO273 -> 451 | N53: ='Master File FMCG Team'!BP273 -> 31 | O53: ='Master File FMCG Team'!S273 -> 3 | P53: ='Master File FMCG Team'!CH273 -> 4471 | Q53: ='Master File FMCG Team'!T273 -> 15 | R53: ='Master File FMCG Team'!CI273 -> 21.495192 | S53: =IF(R53>=30,"🟢 Excellent",IF(R53>=15,"🟡 Needs Improvement","🔴 Critical")) -> 🟡 Needs Improvement
A54: ='Master File FMCG Team'!A280 -> ASM | B54: ='Master File FMCG Team'!C280 -> North-B | C54: ='Master File FMCG Team'!D280 -> JHELUM-1 | D54: ='Master File FMCG Team'!H280 -> EHSAN AFZAL | E54: ='Master File FMCG Team'!O280 -> 4 | F54: ='Master File FMCG Team'!P280 -> 0 | G54: =E54-I54-F54 -> 0 | H54: ='Master File FMCG Team'!AH280 -> 2 | I54: ='Master File FMCG Team'!AI280 -> 4 | J54: ='Master File FMCG Team'!BA280 -> 44 | K54: ='Master File FMCG Team'!R280 -> 4 | L54: ='Master File FMCG Team'!BB280 -> 0.84615385 | M54: ='Master File FMCG Team'!BO280 -> 86 | N54: ='Master File FMCG Team'!BP280 -> 1 | O54: ='Master File FMCG Team'!S280 -> 1 | P54: ='Master File FMCG Team'!CH280 -> 1539 | Q54: ='Master File FMCG Team'!T280 -> 4 | R54: ='Master File FMCG Team'!CI280 -> 29.596154 | S54: =IF(R54>=30,"🟢 Excellent",IF(R54>=15,"🟡 Needs Improvement","🔴 Critical")) -> 🟡 Needs Improvement
A55: ='Master File FMCG Team'!A288 -> ASM | B55: ='Master File FMCG Team'!C288 -> North-D | C55: ='Master File FMCG Team'!D288 -> ISLAMABAD-1 | D55: ='Master File FMCG Team'!H288 -> SHAFQAT ZAMAN | E55: ='Master File FMCG Team'!O288 -> 5 | F55: ='Master File FMCG Team'!P288 -> 0 | G55: =E55-I55-F55 -> 0 | H55: ='Master File FMCG Team'!AH288 -> 3 | I55: ='Master File FMCG Team'!AI288 -> 5 | J55: ='Master File FMCG Team'!BA288 -> 41 | K55: ='Master File FMCG Team'!R288 -> 5 | L55: ='Master File FMCG Team'!BB288 -> 0.63076923 | M55: ='Master File FMCG Team'!BO288 -> 81 | N55: ='Master File FMCG Team'!BP288 -> 15 | O55: ='Master File FMCG Team'!S288 -> 3 | P55: ='Master File FMCG Team'!CH288 -> 1308 | Q55: ='Master File FMCG Team'!T288 -> 5 | R55: ='Master File FMCG Team'!CI288 -> 20.123077 | S55: =IF(R55>=30,"🟢 Excellent",IF(R55>=15,"🟡 Needs Improvement","🔴 Critical")) -> 🟡 Needs Improvement
A56: ='Master File FMCG Team'!A296 -> ASM | B56: ='Master File FMCG Team'!C296 -> North-D | C56: ='Master File FMCG Team'!D296 -> RAWALPINDI-1 | D56: ='Master File FMCG Team'!H296 -> GHULAM ABBAS | E56: ='Master File FMCG Team'!O296 -> 5 | F56: ='Master File FMCG Team'!P296 -> 1 | G56: =E56-I56-F56 -> 1 | H56: ='Master File FMCG Team'!AH296 -> 4 | I56: ='Master File FMCG Team'!AI296 -> 3 | J56: ='Master File FMCG Team'!BA296 -> 46 | K56: ='Master File FMCG Team'!R296 -> 5 | L56: ='Master File FMCG Team'!BB296 -> 0.88461538 | M56: ='Master File FMCG Team'!BO296 -> 105 | N56: ='Master File FMCG Team'!BP296 -> 0 | O56: ='Master File FMCG Team'!S296 -> 0 | P56: ='Master File FMCG Team'!CH296 -> 1144 | Q56: ='Master File FMCG Team'!T296 -> 5 | R56: ='Master File FMCG Team'!CI296 -> 22 | S56: =IF(R56>=30,"🟢 Excellent",IF(R56>=15,"🟡 Needs Improvement","🔴 Critical")) -> 🟡 Needs Improvement
A57: ='Master File FMCG Team'!A300 -> CM | B57: ='Master File FMCG Team'!C300 -> North-D | C57: ='Master File FMCG Team'!D300 -> NTH-D ISLAMABAD | D57: ='Master File FMCG Team'!H300 -> Altaf Hussain (CM RWP) | E57: ='Master File FMCG Team'!O300 -> 3 | F57: ='Master File FMCG Team'!P300 -> 0 | G57: =E57-I57-F57 -> 0 | H57: ='Master File FMCG Team'!AH300 -> 3 | I57: ='Master File FMCG Team'!AI300 -> 3 | J57: ='Master File FMCG Team'!BA300 -> 34 | K57: ='Master File FMCG Team'!R300 -> 3 | L57: ='Master File FMCG Team'!BB300 -> 0.87179487 | M57: ='Master File FMCG Team'!BO300 -> 7 | N57: ='Master File FMCG Team'!BP300 -> 9 | O57: ='Master File FMCG Team'!S300 -> 2 | P57: ='Master File FMCG Team'!CH300 -> 58 | Q57: ='Master File FMCG Team'!T300 -> 3 | R57: ='Master File FMCG Team'!CI300 -> 1.4871795 | S57: =IF(R57>=30,"🟢 Excellent",IF(R57>=15,"🟡 Needs Improvement","🔴 Critical")) -> 🔴 Critical
A58: ='Master File FMCG Team'!A301 -> TE | B58: ='Master File FMCG Team'!C301 -> North-D | C58: ='Master File FMCG Team'!D301 -> NTH-D ISLAMABAD | D58: ='Master File FMCG Team'!H301 -> SAEED SALEEM (TE-RWP-01) | E58: ='Master File FMCG Team'!O301 -> 1 | F58: ='Master File FMCG Team'!P301 -> 0 | G58: =E58-I58-F58 -> 0 | H58: ='Master File FMCG Team'!AH301 -> 1 | I58: ='Master File FMCG Team'!AI301 -> 1 | J58: ='Master File FMCG Team'!BA301 -> 13 | K58: ='Master File FMCG Team'!R301 -> 1 | L58: ='Master File FMCG Team'!BB301 -> 1 | M58: ='Master File FMCG Team'!BO301 -> 5 | N58: ='Master File FMCG Team'!BP301 -> 0 | O58: ='Master File FMCG Team'!S301 -> 0 | P58: ='Master File FMCG Team'!CH301 -> 26 | Q58: ='Master File FMCG Team'!T301 -> 1 | R58: ='Master File FMCG Team'!CI301 -> 2 | S58: =IF(R58>=30,"🟢 Excellent",IF(R58>=15,"🟡 Needs Improvement","🔴 Critical")) -> 🔴 Critical
A59: ='Master File FMCG Team'!A303 -> RSM | B59: ='Master File FMCG Team'!C303 -> North-D | C59: ='Master File FMCG Team'!D303 -> NTH-D Islamabad | D59: ='Master File FMCG Team'!H303 -> Azeem Abbas | E59: ='Master File FMCG Team'!O303 -> 18 | F59: ='Master File FMCG Team'!P303 -> 1 | G59: =E59-I59-F59 -> 1 | H59: ='Master File FMCG Team'!AH303 -> 13 | I59: ='Master File FMCG Team'!AI303 -> 16 | J59: ='Master File FMCG Team'!BA303 -> 178 | K59: ='Master File FMCG Team'!R303 -> 18 | L59: ='Master File FMCG Team'!BB303 -> 0.80542986 | M59: ='Master File FMCG Team'!BO303 -> 284 | N59: ='Master File FMCG Team'!BP303 -> 25 | O59: ='Master File FMCG Team'!S303 -> 6 | P59: ='Master File FMCG Team'!CH303 -> 4075 | Q59: ='Master File FMCG Team'!T303 -> 18 | R59: ='Master File FMCG Team'!CI303 -> 18.438914 | S59: =IF(R59>=30,"🟢 Excellent",IF(R59>=15,"🟡 Needs Improvement","🔴 Critical")) -> 🟡 Needs Improvement
A60: ='Master File FMCG Team'!A311 -> ASM | B60: ='Master File FMCG Team'!C311 -> North-E | C60: ='Master File FMCG Team'!D311 -> SARGODHA-1 | D60: ='Master File FMCG Team'!H311 -> ADNAN SAJID | E60: ='Master File FMCG Team'!O311 -> 5 | F60: ='Master File FMCG Team'!P311 -> 0 | G60: =E60-I60-F60 -> 0 | H60: ='Master File FMCG Team'!AH311 -> 5 | I60: ='Master File FMCG Team'!AI311 -> 5 | J60: ='Master File FMCG Team'!BA311 -> 60 | K60: ='Master File FMCG Team'!R311 -> 5 | L60: ='Master File FMCG Team'!BB311 -> 0.92307692 | M60: ='Master File FMCG Team'!BO311 -> 21 | N60: ='Master File FMCG Team'!BP311 -> 28 | O60: ='Master File FMCG Team'!S311 -> 2 | P60: ='Master File FMCG Team'!CH311 -> 1091 | Q60: ='Master File FMCG Team'!T311 -> 5 | R60: ='Master File FMCG Team'!CI311 -> 16.784615 | S60: =IF(R60>=30,"🟢 Excellent",IF(R60>=15,"🟡 Needs Improvement","🔴 Critical")) -> 🟡 Needs Improvement
A61: ='Master File FMCG Team'!A319 -> ASM | B61: ='Master File FMCG Team'!C319 -> North-E | C61: ='Master File FMCG Team'!D319 -> PESHAWAR-1 | D61: ='Master File FMCG Team'!H319 -> SARDAR WARIS ALI KHAN | E61: ='Master File FMCG Team'!O319 -> 5 | F61: ='Master File FMCG Team'!P319 -> 0 | G61: =E61-I61-F61 -> 2 | H61: ='Master File FMCG Team'!AH319 -> 4 | I61: ='Master File FMCG Team'!AI319 -> 3 | J61: ='Master File FMCG Team'!BA319 -> 48 | K61: ='Master File FMCG Team'!R319 -> 5 | L61: ='Master File FMCG Team'!BB319 -> 0.73846154 | M61: ='Master File FMCG Team'!BO319 -> 126 | N61: ='Master File FMCG Team'!BP319 -> 6 | O61: ='Master File FMCG Team'!S319 -> 2 | P61: ='Master File FMCG Team'!CH319 -> 1309 | Q61: ='Master File FMCG Team'!T319 -> 4 | R61: ='Master File FMCG Team'!CI319 -> 20.138462 | S61: =IF(R61>=30,"🟢 Excellent",IF(R61>=15,"🟡 Needs Improvement","🔴 Critical")) -> 🟡 Needs Improvement
A62: ='Master File FMCG Team'!A322 -> CM | B62: ='Master File FMCG Team'!C322 -> North-E | C62: ='Master File FMCG Team'!D322 -> NTH-E PESHAWAR | D62: ='Master File FMCG Team'!H322 -> Daniyal Hussain (CM PSH) | E62: ='Master File FMCG Team'!O322 -> 2 | F62: ='Master File FMCG Team'!P322 -> 0 | G62: =E62-I62-F62 -> 1 | H62: ='Master File FMCG Team'!AH322 -> 2 | I62: ='Master File FMCG Team'!AI322 -> 1 | J62: ='Master File FMCG Team'!BA322 -> 24 | K62: ='Master File FMCG Team'!R322 -> 2 | L62: ='Master File FMCG Team'!BB322 -> 0.92307692 | M62: ='Master File FMCG Team'!BO322 -> 24 | N62: ='Master File FMCG Team'!BP322 -> 0 | O62: ='Master File FMCG Team'!S322 -> 0 | P62: ='Master File FMCG Team'!CH322 -> 145 | Q62: ='Master File FMCG Team'!T322 -> 2 | R62: ='Master File FMCG Team'!CI322 -> 5.5769231 | S62: =IF(R62>=30,"🟢 Excellent",IF(R62>=15,"🟡 Needs Improvement","🔴 Critical")) -> 🔴 Critical
A63: ='Master File FMCG Team'!A328 -> ASM | B63: ='Master File FMCG Team'!C328 -> North-E | C63: ='Master File FMCG Team'!D328 -> DERA ISMAIL KHAN | D63: ='Master File FMCG Team'!H328 -> M. ALI NAWAZ | E63: ='Master File FMCG Team'!O328 -> 4 | F63: ='Master File FMCG Team'!P328 -> 0 | G63: =E63-I63-F63 -> 0 | H63: ='Master File FMCG Team'!AH328 -> 4 | I63: ='Master File FMCG Team'!AI328 -> 4 | J63: ='Master File FMCG Team'!BA328 -> 48 | K63: ='Master File FMCG Team'!R328 -> 4 | L63: ='Master File FMCG Team'!BB328 -> 0.92307692 | M63: ='Master File FMCG Team'!BO328 -> 156 | N63: ='Master File FMCG Team'!BP328 -> 7 | O63: ='Master File FMCG Team'!S328 -> 2 | P63: ='Master File FMCG Team'!CH328 -> 1471 | Q63: ='Master File FMCG Team'!T328 -> 4 | R63: ='Master File FMCG Team'!CI328 -> 28.288462 | S63: =IF(R63>=30,"🟢 Excellent",IF(R63>=15,"🟡 Needs Improvement","🔴 Critical")) -> 🟡 Needs Improvement
A64: ='Master File FMCG Team'!A330 -> TE | B64: ='Master File FMCG Team'!C330 -> North-E | C64: ='Master File FMCG Team'!D330 -> NTH-E PESHAWAR | D64: ='Master File FMCG Team'!H330 -> FAIZAN ALI (TE-PSH-01) | E64: ='Master File FMCG Team'!O330 -> 1 | F64: ='Master File FMCG Team'!P330 -> 0 | G64: =E64-I64-F64 -> 0 | H64: ='Master File FMCG Team'!AH330 -> 1 | I64: ='Master File FMCG Team'!AI330 -> 1 | J64: ='Master File FMCG Team'!BA330 -> 12 | K64: ='Master File FMCG Team'!R330 -> 1 | L64: ='Master File FMCG Team'!BB330 -> 0.92307692 | M64: ='Master File FMCG Team'!BO330 -> 0 | N64: ='Master File FMCG Team'!BP330 -> 0 | O64: ='Master File FMCG Team'!S330 -> 0 | P64: ='Master File FMCG Team'!CH330 -> 27 | Q64: ='Master File FMCG Team'!T330 -> 1 | R64: ='Master File FMCG Team'!CI330 -> 2.0769231 | S64: =IF(R64>=30,"🟢 Excellent",IF(R64>=15,"🟡 Needs Improvement","🔴 Critical")) -> 🔴 Critical
A65: ='Master File FMCG Team'!A332 -> RSM | B65: ='Master File FMCG Team'!C332 -> North-E | C65: ='Master File FMCG Team'!D332 -> NTH-E Peshawar | D65: ='Master File FMCG Team'!H332 -> Sajid Maqbool | E65: ='Master File FMCG Team'!O332 -> 17 | F65: ='Master File FMCG Team'!P332 -> 0 | G65: =E65-I65-F65 -> 3 | H65: ='Master File FMCG Team'!AH332 -> 16 | I65: ='Master File FMCG Team'!AI332 -> 14 | J65: ='Master File FMCG Team'!BA332 -> 192 | K65: ='Master File FMCG Team'!R332 -> 17 | L65: ='Master File FMCG Team'!BB332 -> 0.86877828 | M65: ='Master File FMCG Team'!BO332 -> 327 | N65: ='Master File FMCG Team'!BP332 -> 41 | O65: ='Master File FMCG Team'!S332 -> 6 | P65: ='Master File FMCG Team'!CH332 -> 4043 | Q65: ='Master File FMCG Team'!T332 -> 16 | R65: ='Master File FMCG Team'!CI332 -> 18.294118 | S65: =IF(R65>=30,"🟢 Excellent",IF(R65>=15,"🟡 Needs Improvement","🔴 Critical")) -> 🟡 Needs Improvement
A66: ='Master File FMCG Team'!A339 -> ASM | B66: ='Master File FMCG Team'!C339 -> North-F | C66: ='Master File FMCG Team'!D339 -> ABBOTTABAD-1 | D66: ='Master File FMCG Team'!H339 -> NAVAID IQBAL | E66: ='Master File FMCG Team'!O339 -> 4 | F66: ='Master File FMCG Team'!P339 -> 0 | G66: =E66-I66-F66 -> 0 | H66: ='Master File FMCG Team'!AH339 -> 4 | I66: ='Master File FMCG Team'!AI339 -> 4 | J66: ='Master File FMCG Team'!BA339 -> 47 | K66: ='Master File FMCG Team'!R339 -> 4 | L66: ='Master File FMCG Team'!BB339 -> 0.90384615 | M66: ='Master File FMCG Team'!BO339 -> 57 | N66: ='Master File FMCG Team'!BP339 -> 0 | O66: ='Master File FMCG Team'!S339 -> 0 | P66: ='Master File FMCG Team'!CH339 -> 957 | Q66: ='Master File FMCG Team'!T339 -> 3 | R66: ='Master File FMCG Team'!CI339 -> 18.403846 | S66: =IF(R66>=30,"🟢 Excellent",IF(R66>=15,"🟡 Needs Improvement","🔴 Critical")) -> 🟡 Needs Improvement
A67: ASM | B67: ='Master File FMCG Team'!C348 -> North-F | C67: ='Master File FMCG Team'!D348 -> NTH-F MINGORA | D67: ='Master File FMCG Team'!H348 -> NTH-F- RSM - FMCG Unmapp | E67: ='Master File FMCG Team'!O348 -> 6 | F67: ='Master File FMCG Team'!P348 -> 0 | G67: =E67-I67-F67 -> 0 | H67: ='Master File FMCG Team'!AH348 -> 5 | I67: ='Master File FMCG Team'!AI348 -> 6 | J67: ='Master File FMCG Team'!BA348 -> 71 | K67: ='Master File FMCG Team'!R348 -> 6 | L67: ='Master File FMCG Team'!BB348 -> 0.91025641 | M67: ='Master File FMCG Team'!BO348 -> 121 | N67: ='Master File FMCG Team'!BP348 -> 7 | O67: ='Master File FMCG Team'!S348 -> 3 | P67: ='Master File FMCG Team'!CH348 -> 1624 | Q67: ='Master File FMCG Team'!T348 -> 6 | R67: ='Master File FMCG Team'!CI348 -> 20.820513 | S67: =IF(R67>=30,"🟢 Excellent",IF(R67>=15,"🟡 Needs Improvement","🔴 Critical")) -> 🟡 Needs Improvement
A68: ='Master File FMCG Team'!A355 -> ASM | B68: ='Master File FMCG Team'!C355 -> North-F | C68: ='Master File FMCG Team'!D355 -> MARDAN-1 | D68: ='Master File FMCG Team'!H355 -> SAEED AHMED | E68: ='Master File FMCG Team'!O355 -> 4 | F68: ='Master File FMCG Team'!P355 -> 0 | G68: =E68-I68-F68 -> 0 | H68: ='Master File FMCG Team'!AH355 -> 3 | I68: ='Master File FMCG Team'!AI355 -> 4 | J68: ='Master File FMCG Team'!BA355 -> 40 | K68: ='Master File FMCG Team'!R355 -> 4 | L68: ='Master File FMCG Team'!BB355 -> 0.76923077 | M68: ='Master File FMCG Team'!BO355 -> 28 | N68: ='Master File FMCG Team'!BP355 -> 0 | O68: ='Master File FMCG Team'!S355 -> 0 | P68: ='Master File FMCG Team'!CH355 -> 463 | Q68: ='Master File FMCG Team'!T355 -> 4 | R68: ='Master File FMCG Team'!CI355 -> 8.9038462 | S68: =IF(R68>=30,"🟢 Excellent",IF(R68>=15,"🟡 Needs Improvement","🔴 Critical")) -> 🔴 Critical
A69: ='Master File FMCG Team'!A340 -> TE | B69: ='Master File FMCG Team'!C340 -> North-F | C69: ='Master File FMCG Team'!D340 -> NTH-F MINGORA | D69: ='Master File FMCG Team'!H340 -> IQBAL AHMAD KHAN (TE-MNG-01) | E69: ='Master File FMCG Team'!O340 -> 1 | F69: ='Master File FMCG Team'!P340 -> 0 | G69: =E69-I69-F69 -> 0 | H69: ='Master File FMCG Team'!AH340 -> 1 | I69: ='Master File FMCG Team'!AI340 -> 1 | J69: ='Master File FMCG Team'!BA340 -> 12 | K69: ='Master File FMCG Team'!R340 -> 1 | L69: ='Master File FMCG Team'!BB340 -> 0.92307692 | M69: ='Master File FMCG Team'!BO340 -> 17 | N69: ='Master File FMCG Team'!BP340 -> 3 | O69: ='Master File FMCG Team'!S340 -> 1 | P69: ='Master File FMCG Team'!CH340 -> 247 | Q69: ='Master File FMCG Team'!T340 -> 1 | R69: ='Master File FMCG Team'!CI340 -> 19 | S69: =IF(R69>=30,"🟢 Excellent",IF(R69>=15,"🟡 Needs Improvement","🔴 Critical")) -> 🟡 Needs Improvement
A70: ='Master File FMCG Team'!A357 -> RSM | B70: ='Master File FMCG Team'!C357 -> North-F | C70: ='Master File FMCG Team'!D357 -> NTH-F Mingora | D70: ='Master File FMCG Team'!H357 -> LATIF KHAN | E70: ='Master File FMCG Team'!O357 -> 14 | F70: ='Master File FMCG Team'!P357 -> 0 | G70: =E70-I70-F70 -> 0 | H70: ='Master File FMCG Team'!AH357 -> 12 | I70: ='Master File FMCG Team'!AI357 -> 14 | J70: ='Master File FMCG Team'!BA357 -> 158 | K70: ='Master File FMCG Team'!R357 -> 14 | L70: ='Master File FMCG Team'!BB357 -> 0.86813187 | M70: ='Master File FMCG Team'!BO357 -> 206 | N70: ='Master File FMCG Team'!BP357 -> 7 | O70: ='Master File FMCG Team'!S357 -> 3 | P70: ='Master File FMCG Team'!CH357 -> 3044 | Q70: ='Master File FMCG Team'!T357 -> 13 | R70: ='Master File FMCG Team'!CI357 -> 16.725275 | S70: =IF(R70>=30,"🟢 Excellent",IF(R70>=15,"🟡 Needs Improvement","🔴 Critical")) -> 🟡 Needs Improvement
A71: ='Master File FMCG Team'!A359 -> DGM | B71: ='Master File FMCG Team'!C359 -> North | C71: ='Master File FMCG Team'!D359 -> NTH Lahore | D71: ='Master File FMCG Team'!H359 -> NADEEM AHMED KHAN | E71: ='Master File FMCG Team'!O359 -> 101 | F71: ='Master File FMCG Team'!P359 -> 6 | G71: =E71-I71-F71 -> 11 | H71: ='Master File FMCG Team'!AH359 -> 80 | I71: ='Master File FMCG Team'!AI359 -> 84 | J71: ='Master File FMCG Team'!BA359 -> 1047 | K71: ='Master File FMCG Team'!R359 -> 98 | L71: ='Master File FMCG Team'!BB359 -> 0.84777328 | M71: ='Master File FMCG Team'!BO359 -> 1916 | N71: ='Master File FMCG Team'!BP359 -> 137 | O71: ='Master File FMCG Team'!S359 -> 21 | P71: ='Master File FMCG Team'!CH359 -> 21134 | Q71: ='Master File FMCG Team'!T359 -> 86 | R71: ='Master File FMCG Team'!CI359 -> 17.112551 | S71: =IF(R71>=30,"🟢 Excellent",IF(R71>=15,"🟡 Needs Improvement","🔴 Critical")) -> 🟡 Needs Improvement
A72: ='Master File FMCG Team'!A361 -> HOD | B72: ='Master File FMCG Team'!C361 -> National | C72: ='Master File FMCG Team'!D361 -> National | D72: ='Master File FMCG Team'!H361 -> NATIONAL | E72: ='Master File FMCG Team'!O361 -> 207 | F72: ='Master File FMCG Team'!P361 -> 11 | G72: =E72-I72-F72 -> 23 | H72: ='Master File FMCG Team'!AH361 -> 173 | I72: ='Master File FMCG Team'!AI361 -> 173 | J72: ='Master File FMCG Team'!BA361 -> 2189 | K72: ='Master File FMCG Team'!R361 -> 199 | L72: ='Master File FMCG Team'!BB361 -> 0.85910518 | M72: ='Master File FMCG Team'!BO361 -> 4399 | N72: ='Master File FMCG Team'!BP361 -> 186 | O72: ='Master File FMCG Team'!S361 -> 30 | P72: ='Master File FMCG Team'!CH361 -> 44680 | Q72: ='Master File FMCG Team'!T361 -> 176 | R72: ='Master File FMCG Team'!CI361 -> 17.535322 | S72: =IF(R72>=30,"🟢 Excellent",IF(R72>=15,"🟡 Needs Improvement","🔴 Critical")) -> 🟡 Needs Improvement

Sheet Today
A1: ='Managment Print'!A1 -> FMCG Team – IKON MTD Call Performance Summary Till 14-Oct-2026 | I1: ='Managment Print'!H1 -> Attendance | K1: ='Managment Print'!M1 -> Calls + Exception Other Calls | M1: ='Managment Print'!T1 -> Comments
I2: ='Managment Print'!H2 -> 46309 | K2: ='Managment Print'!M2 -> 46309
A3: ='Managment Print'!A3 -> Legend | B3: ='Managment Print'!B3 -> Zone | C3: ='Managment Print'!C3 -> Region | D3: ='Managment Print'!D3 -> F.F Name | E3: ='Managment Print'!E3 -> Reps | F3: ='Managment Print'!F3 -> # Of Vacant | G3: ='Managment Print'!G3 -> Not Used IKON Today | H3: Not Using IKON | I3: ='Managment Print'!H3 -> # of Attn Yesterday | J3: ='Managment Print'!I3 -> Active SPOs Today | K3: ='Managment Print'!M3 -> # of Calls Yesterday | L3: ='Managment Print'!O3 -> Active SPOs Today
A4: ='Managment Print'!A4 -> ASM | B4: ='Managment Print'!B4 -> South-A | C4: ='Managment Print'!C4 -> Karachi-1 | D4: ='Managment Print'!D4 -> M. WAQAR IQBAL | E4: ='Managment Print'!E4 -> 5 | F4: ='Managment Print'!F4 -> 0 | G4: ='Managment Print'!G4 -> 1 | H4: =E4-J4 -> 1 | I4: ='Managment Print'!H4 -> 5 | J4: ='Managment Print'!I4 -> 4 | K4: ='Managment Print'!M4 -> 167 | L4: ='Managment Print'!N4 -> 0
A5: ='Managment Print'!A5 -> ASM | B5: ='Managment Print'!B5 -> South-A | C5: ='Managment Print'!C5 -> Karachi-2 | D5: ='Managment Print'!D5 -> WAQAR ABDUL RASHEED | E5: ='Managment Print'!E5 -> 5 | F5: ='Managment Print'!F5 -> 0 | G5: ='Managment Print'!G5 -> 1 | H5: =E5-J5 -> 1 | I5: ='Managment Print'!H5 -> 5 | J5: ='Managment Print'!I5 -> 4 | K5: ='Managment Print'!M5 -> 168 | L5: ='Managment Print'!N5 -> 0
A6: ='Managment Print'!A6 -> ASM | B6: ='Managment Print'!B6 -> South-A | C6: ='Managment Print'!C6 -> Karachi-3 | D6: ='Managment Print'!D6 -> SABAHAT KHAN SOORI | E6: ='Managment Print'!E6 -> 6 | F6: ='Managment Print'!F6 -> 2 | G6: ='Managment Print'!G6 -> 0 | H6: =E6-J6 -> 2 | I6: ='Managment Print'!H6 -> 4 | J6: ='Managment Print'!I6 -> 4 | K6: ='Managment Print'!M6 -> 158 | L6: ='Managment Print'!N6 -> 0
A7: ='Managment Print'!A7 -> ASM | B7: ='Managment Print'!B7 -> South-A | C7: ='Managment Print'!C7 -> Karachi-4 | D7: ='Managment Print'!D7 -> M. DANISH | E7: ='Managment Print'!E7 -> 6 | F7: ='Managment Print'!F7 -> 0 | G7: ='Managment Print'!G7 -> 0 | H7: =E7-J7 -> 0 | I7: ='Managment Print'!H7 -> 6 | J7: ='Managment Print'!I7 -> 6 | K7: ='Managment Print'!M7 -> 184 | L7: ='Managment Print'!N7 -> 0
A8: ='Managment Print'!A8 -> ASM | B8: ='Managment Print'!B8 -> South-A | C8: ='Managment Print'!C8 -> KARACHI-5 | D8: ='Managment Print'!D8 -> SY. HASSAN IQBAL ZAIDI | E8: ='Managment Print'!E8 -> 5 | F8: ='Managment Print'!F8 -> 1 | G8: ='Managment Print'!G8 -> 0 | H8: =E8-J8 -> 1 | I8: ='Managment Print'!H8 -> 4 | J8: ='Managment Print'!I8 -> 4 | K8: ='Managment Print'!M8 -> 13 | L8: ='Managment Print'!N8 -> 0
